89299
71811
63737
32811
78210
60735
27271
28916
77499
5278
966
8152
723
93133
11734
57808
33008
28053
29010
12605
16199
45974
46181
55950
36070
38147
97180
5999
92110
57
11990
67790
26936
98237
2808
65771
47577
86802
48478
45019
42112
94515
76716
67033
34844
2995
84130
94026
24634
31022
89038
35499
15051
48972
53403
78553
88965
24850
24359
92637
28160
84612
64018
85138
85185
56123
6194
70420
76115
80991
77827
33447
31792
83457
75676
46305
87744
2488
24094
38261
33305
76278
42277
18045
39716
82854
76769
93347
30848
46340
12222
61164
29408
29496
7774
75522
98223
6481
90697
39036
1172
11354
49947
60524
48
6108
90972
16228
68324
61488
8365
68774
32944
70655
60253
14183
58486
55384
87483
55200
72125
55309
63590
1617
28530
29994
79009
28689
44264
58866
74146
3222
18240
72952
92425
93821
79524
83832
96302
70775
61037
10992
56275
23185
51812
20990
16824
71070
32390
67063
31502
37603
55072
39808
2243
96478
27226
29421
52764
97588
15600
63124
92353
86230
81371
13869
8081
46543
4111
27144
55255
84941
32957
4875
16116
25353
86521
57575
604
55668
21270
98550
34205
55712
66892
92563
91641
969
33916
81877
17045
30590
99466
21705
87721
33936
34025
77676
21144
50838
79221
68066
70426
77049
2970
62806
81685
71299
85202
79918
47915
45375
7563
1801
5292
34509
88198
49048
15307
26277
19996
65175
84046
35557
97083
80743
76736
58744
77582
55113
25377
67269
11227
46616
77693
10321
87846
61283
13529
44914
54227
17575
43785
4370
79593
38629
67487
36860
67794
1573
22335
73222
22014
63750
93358
26362
4455
72512
32488
74723
72175
83032
96112
76049
13989
11520
80290
32136
95975
54889
59556
23531
99489
17061
10780
56705
67156
2845
52763
44258
178
12940
32663
17920
29702
1751
48950
81140
31344
3945
33510
387
7886
5390
38825
37133
74550
93292
93454
70803
61504
29306
96699
49762
74880
23710
96678
43232
67440
26310
4131
59090
96653
40706
76664
82471
18040
80700
68268
70405
65661
96534
11293
18126
55440
46911
14193
83022
50643
55057
47109
84484
44372
68202
86401
25899
81683
7844
53772
77156
74178
68563
95900
94177
59141
61019
92613
23056
85304
49100
81459
78658
94256
39579
60339
48439
58329
30558
54411
45832
70751
66691
64522
20465
72649
2829
54938
72697
9759
71437
82418
99775
31724
19289
94088
18435
63966
19403
42116
68462
65962
92953
8111
77630
81709
76588
67018
946
35246
44159
86811
66127
20703
93174
82658
75629
46978
55352
34731
61665
11399
93419
80668
67559
74131
73675
49773
53323
64701
32070
34359
96148
65907
43767
35077
78542
74713
6909
84615
38323
7601
14359
32390
5206
81878
84254
99442
14443
56514
85023
46838
29974
67920
44787
76397
6702
74684
16829
50830
96494
21318
12288
17379
73208
90773
23834
4504
1414
33624
69569
90702
67951
4647
82553
78927
37266
54057
16687
44475
26529
75215
44436
80929
83341
21629
38585
51050
64426
60297
15684
55664
59744
15708
98221
29100
51213
45653
37911
2956
90682
67597
58702
43523
79192
8149
18969
61722
46902
15419
1308
78564
87011
96652
4046
29008
32474
51475
625
42103
47887
87327
69011
85333
66868
95395
24064
80789
76904
95191
91490
28037
82461
33372
55766
2473
24740
78429
40620
2571
20951
83537
93627
63856
9283
56733
19454
69445
1136
79477
93327
55384
5103
36963
32223
15907
85951
16192
23471
67588
73115
27776
37230
39752
63395
4939
24175
98533
16774
18085
32805
89063
29321
95278
52894
99266
567
91173
85210
21126
484
88136
23815
7057
62687
99063
85819
60030
52372
82231
78156
11451
68252
80114
60559
71128
70466
72251
24491
68795
96114
31535
41785
46705
18399
38647
70107
8287
73393
95338
98678
80598
58666
19568
8909
40869
72884
26529
40251
50600
42601
35883
96909
98463
14238
82259
15449
58169
62252
76242
55551
6351
69020
75073
38299
429
93455
5424
80964
8427
65543
8143
92165
78394
16694
67376
71541
75065
82817
131
88212
13671
40592
92225
58020
97619
2068
15845
30177
61776
31158
9364
48863
25220
51576
86397
34016
28927
77130
8316
25742
83977
59308
59960
40539
20244
79579
17548
26770
75505
96698
74563
93337
8862
69437
25276
33062
57629
98549
38061
28667
76288
88979
34180
43647
7936
12539
70057
36123
75660
93415
6335
99789
89471
14868
62825
40876
31114
82797
65737
86650
58449
60243
53188
59039
75346
17509
98785
70311
17887
80626
88016
76538
13645
7896
98311
27731
68165
56471
60488
22144
18103
78648
41854
81749
91055
66516
31942
47469
80352
83202
16267
67263
84956
5344
13193
80921
65477
78908
16083
63291
48414
76448
60720
69778
4987
20345
5792
75439
92216
9122
28381
20196
28261
63282
4125
34170
3966
65694
47603
31698
31672
79724
24821
32854
84951
15061
6616
1339
80221
88406
94359
44374
5854
18484
43347
51896
97999
88777
64660
36871
68540
22959
79118
89338
26008
84456
37183
83728
67919
41608
52180
44430
3192
74879
22859
93075
74790
1703
11764
43770
92222
5286
29072
28908
29122
19712
4636
91935
53452
1597
74599
56878
92343
35890
76286
43734
1686
69327
57864
8427
69544
52036
32813
5173
54179
17009
34771
84490
86253
3336
62400
49321
90794
38849
97251
86288
24080
31066
61038
1659
86550
91817
58108
12730
7243
1088
11984
22189
55426
98267
50910
84287
86379
22792
75650
77404
49149
85204
44046
41679
23632
26094
94626
29533
45383
91994
99988
45208
35018
69109
32495
53857
42066
43520
15383
44989
91229
35403
96554
87027
67361
4223
41474
91839
43325
77383
5784
34166
14091
34844
19490
85302
63058
23148
16797
33897
39992
30119
63942
22071
21525
26853
40353
36036
30626
41175
39069
10861
28720
89833
31567
37530
51862
86544
61083
98465
23362
18838
78609
31863
53680
53119
90451
46931
65464
70422
68213
2849
27970
31609
94621
54656
56757
3871
42090
87001
66093
74050
85425
79804
94218
71276
36835
30712
11845
30146
90986
31351
8958
89159
46194
52308
60624
44335
12900
63674
50022
91553
68142
51834
8711
67431
6910
24360
80141
3189
95597
7187
29492
28756
89016
49727
85581
2698
89610
85825
24274
776
854
97366
95988
44464
53055
89440
36944
56032
4666
27807
8256
50655
82539
40839
37293
76771
76557
49091
55138
31133
92974
97159
34045
93506
17462
90986
7262
52822
72520
81736
11266
14807
10144
71538
50921
7747
25181
87952
5491
4071
69624
84181
37129
8806
33938
56765
94392
55426
97837
15686
48728
13002
71057
22695
51338
95775
4302
9073
50337
53284
48161
1569
73208
87011
48591
70815
75105
24758
6702
6455
51645
51096
7395
86418
56199
81033
96326
17743
18058
40247
31362
48387
81363
46288
9689
73450
38594
18977
85445
87944
20602
99785
75128
88449
76664
16383
57605
10897
32448
8188
20631
52682
71602
20455
97535
35464
61980
93500
49547
70162
64969
89975
25362
69679
31351
2435
92268
64545
92486
54426
99262
82851
50892
79063
1651
13915
69702
51840
36070
62812
96777
56041
81021
43228
34487
98087
16399
89516
70157
2835
65861
76825
824
13078
25214
95293
31719
98839
33901
66339
4060
14078
6622
75574
75933
25156
17014
75684
35655
94073
61655
30932
29890
23730
74466
49793
65519
15149
63095
41842
22045
21314
59800
30520
83739
39144
74701
21571
79368
86688
6432
26177
91143
94914
41864
52116
58703
3363
47875
24431
90654
46464
11227
76013
48461
52105
94924
86318
79486
40621
1756
71854
49970
16765
68296
73188
80567
90112
70912
45108
44254
76339
16617
52913
99147
89626
65473
2547
10150
90792
12383
18032
3247
34855
16535
45211
68814
36644
84349
2742
680
16282
12898
76660
6894
69273
77754
95216
39727
44114
78174
29475
70733
94883
10092
24230
61133
47066
31340
47077
31496
82727
17294
57660
74143
90850
73711
98065
91499
63254
37339
85069
14898
72745
44748
28696
85782
4489
81392
52912
31559
80916
95624
35046
62585
63011
64973
42261
58960
11701
73966
640
80695
32052
14772
82150
88977
22214
53446
2980
14663
23603
904
90984
77087
18669
4478
97486
54157
79968
32591
66105
96132
40088
51109
59407
11141
55018
62192
61073
80184
31072
92010
61814
10552
10724
20437
80707
12969
32327
46753
82505
19941
46127
50826
64731
16467
43739
53181
77354
63929
19188
48635
37694
74920
7955
30487
46548
5206
14569
25337
80687
23210
25902
86373
93084
16527
6185
85429
92806
25899
39321
80579
61810
36202
21022
63139
2008
13651
14951
55213
1279
23580
45753
4792
82260
80761
33624
51490
53799
4208
64309
71820
60130
65480
26324
25442
39910
37952
90777
35385
62915
860
78863
18064
15028
59449
59156
16921
57654
93474
66533
29393
89635
45627
65281
811
13102
20859
10268
54763
36605
89367
75011
70029
15262
81816
88998
68646
8424
3535
91495
28835
49711
35903
26750
77710
33027
19768
28614
19247
58054
36996
50472
27534
68712
25626
65729
48566
20097
9008
81715
57685
9290
12686
30437
53089
37528
38366
96696
47989
98294
95679
65447
96984
69982
84184
83129
88126
70803
84297
41511
65224
38110
94750
31620
58215
95203
45501
47150
97534
38688
10750
50768
9029
56354
58554
78801
40490
42755
24124
4189
6002
79748
59093
26605
21149
68098
33228
13013
45351
49016
58193
203
20202
62801
37394
27055
39777
61161
6535
88123
1544
95231
30568
43656
69919
87065
35871
1946
85517
95604
39832
52138
48289
21989
13749
12846
91572
65457
925
32070
71146
55270
23508
97542
67864
62612
85606
22715
84095
25036
70333
7036
37814
92531
15667
94447
32102
73282
80897
38420
59470
45822
57141
25394
12231
34959
26594
35100
87554
71967
98898
63168
41166
14000
90518
89100
33333
33434
99390
16061
91334
72257
16867
92741
16333
20783
14370
1944
62526
30579
10756
18611
30866
87317
53400
81194
35816
78836
69378
1389
55308
95743
74220
7382
48693
3276
37914
70385
37575
48440
44732
72488
8185
3772
55773
82890
10706
25064
73113
22904
16045
49886
34827
8492
14139
51054
63875
68934
95463
3242
57239
22964
88884
25541
58769
221
20003
45869
81798
46154
59505
72801
17798
5873
80733
50353
5679
91520
44743
51057
67932
72323
43604
86905
84091
98129
98862
49692
97020
5369
72905
5123
2342
62629
78016
17062
74916
552
14365
10758
33532
66345
14935
70249
82943
38284
56342
51347
12316
53497
49586
94494
25488
56268
33977
56758
32952
80568
77392
74292
63399
92344
43889
63508
64626
79636
40786
1045
99785
13804
95782
37964
4640
74244
6749
28837
17324
71244
92743
75544
98185
50923
94805
47076
13175
66504
83680
64395
37126
44660
89507
93705
53190
69815
95939
13073
37729
2293
41456
24166
73284
47869
85603
42995
80440
86670
26503
80425
83791
14150
52628
70003
71130
5449
39094
11510
98648
24010
53260
9418
49544
54489
32781
36847
27359
64233
66053
59982
30133
64445
23932
68334
57146
21518
56056
91792
60838
35451
47385
72071
95918
46254
54498
73015
95283
19847
89528
80329
33140
94984
31650
28552
99491
62875
86160
46843
37269
4931
42040
1951
63251
49534
48636
15360
61646
19988
4648
91765
67984
61056
79287
31157
78605
64727
59957
83961
4567
36441
11230
51120
49489
95987
88773
57817
2587
76879
54002
34400
14573
68569
51107
8824
82975
51374
46899
39089
70500
70371
16663
35095
4727
12783
84421
31463
51630
2775
31728
15534
29515
26548
98446
21887
87730
69698
36218
36113
15764
73735
3189
33875
67529
42526
77480
56429
73693
42496
89444
97620
64257
15119
45002
23529
98178
37598
58823
36624
61623
64639
46359
86504
32052
80426
77771
88235
84443
29671
25221
28515
55794
52441
55295
62343
47599
65415
67275
71889
31056
57320
79957
47326
80232
5355
27173
30977
6644
75520
34145
30084
84139
81605
61295
45916
55475
13777
72792
55271
36849
81367
87304
5445
99288
52120
55474
44880
58947
70184
47953
48570
57341
52091
8009
28034
83517
57707
35979
96658
66384
58121
83703
53239
92398
21373
2044
88766
13231
20028
68187
34984
34422
73830
93994
25194
42475
7928
61812
77443
19975
71636
98525
37882
48264
26795
27076
51764
76421
30949
83713
72399
67163
82765
65165
46431
63429
45467
54657
19458
62058
61183
67927
23745
63377
96807
44717
41509
93391
69965
80584
90548
35073
21952
18004
28967
84149
93038
44745
9801
51682
33451
43690
84142
63833
39008
80072
13
83571
74738
78307
6748
62985
51630
20240
83526
29603
8527
4597
29004
93032
12555
85489
14069
49204
61568
99322
88883
98088
52950
1534
7220
35066
3281
76235
47585
38733
8854
8362
40983
56796
68311
55877
19167
57520
29565
53034
17708
87186
25265
88679
82673
16089
90183
17397
79324
14596
88999
44882
37843
13860
73113
63782
24554
69841
62509
21063
65341
14589
72004
57848
13328
63333
94270
64652
2881
86403
90561
92424
36134
67137
90626
96039
55369
648
49204
69943
36733
25814
56842
91360
5083
28142
87754
5157
43390
76169
66161
43171
59991
99979
52253
70454
75693
39345
46490
3259
40020
38022
74156
59024
47465
31828
24854
23032
16552
10295
18917
2811
96299
63149
4957
8841
68831
11530
78717
51295
19236
17800
25393
47010
23233
54492
30516
28937
60065
54084
69568
2231
31214
86556
45300
80037
6184
44111
35616
10079
81698
72363
76656
75461
81786
6285
36179
9201
91379
53852
53895
13048
61713
92721
54242
44169
51888
84564
21023
18483
16960
60930
64484
94596
27777
30858
47052
46411
88792
45783
10710
67583
50411
83175
92232
8536
40415
5339
80161
96123
40139
46535
82298
17460
33080
297
28952
69212
63512
77238
28594
41625
34207
9424
51417
84548
69859
55764
46248
69446
6412
83439
53993
35388
27767
71185
77218
82074
19085
56762
48794
55180
22043
9264
13132
27351
86797
81427
18055
38334
748
30023
18143
35200
11410
16721
13300
8862
6950
90365
35964
45978
81176
94620
19600
70428
21658
47243
84656
12334
94232
69326
61524
38375
150
49915
2448
22149
40773
49651
57730
66867
17186
85964
50811
56970
58955
18281
47464
98260
42591
92491
29053
45035
8081
8640
58557
20736
8903
92634
58888
14488
68213
51323
49665
54161
76434
39852
87322
71106
6996
64461
85342
49728
82765
64806
81371
78077
16225
39612
30731
29642
94146
30144
92125
66590
47914
5825
43557
7535
8180
17890
88636
27580
52024
38790
26837
2861
5825
55207
20446
466
21261
46501
79887
68009
19744
99388
71314
25019
28933
67375
74350
31109
25827
52673
21554
19893
54711
76962
42619
44618
90900
95846
44802
7102
67379
43057
89349
15680
9144
13391
1296
83833
33060
80256
29800
71089
94705
17168
30516
27466
47565
27077
12520
74057
98677
95378
92623
61333
85229
4680
85364
85944
13370
45355
15853
32674
65949
57571
17285
73709
70124
46665
33125
95676
59086
80641
74974
55964
39218
61576
25525
1132
17644
70818
44267
87257
10158
71958
17992
66338
44831
65174
45476
21211
19611
91126
84529
66988
16999
34973
38249
97817
76591
18105
62063
71677
80542
94253
6948
20207
26552
25798
98185
52839
70967
42699
27148
58010
14209
85938
77425
44448
42434
49968
50366
70711
85579
88680
49315
91488
81383
21573
8164
51240
49526
9219
58404
95745
38664
80871
30736
77550
27991
89902
69125
510
28801
21571
24318
4335
34689
77098
42366
88436
5769
8026
5143
77233
32158
45576
68981
31683
21232
94782
36491
11164
32629
66314
27159
30348
88513
15155
46451
67228
74243
6886
16987
86420
56991
3086
85175
34237
59300
37826
20836
32000
85577
9785
94723
78988
44969
22200
37437
91895
92215
59820
83217
73148
16928
51219
64572
22563
71100
83061
96356
73118
29168
8400
42529
87151
80196
48401
32200
59655
6748
66366
97174
61641
1877
44112
16597
32429
62941
61534
81646
59521
40687
340
10955
73578
29674
68994
42023
86152
7310
65745
80757
69335
54130
73873
26698
82194
64388
68398
95848
15730
43582
4449
92103
628
50241
91907
75394
46904
93841
16732
55260
89797
50701
84537
79885
41194
89097
30811
68589
10304
28394
85484
4731
28460
33725
88493
71690
70208
27668
9163
88329
63681
8862
62769
1293
63491
13666
12502
75390
36496
13016
40374
22619
58184
26724
78015
46858
55969
39792
46658
82880
93456
77316
22729
11945
70688
73893
46344
86933
78527
2983
5676
94624
21017
52016
12592
3292
19099
50795
75886
5628
51001
36262
38834
5759
75020
97288
95786
5463
65971
41394
51322
21654
87418
97617
9645
49300
44792
79645
75109
74400
18418
9042
71347
35104
6173
29480
68994
96902
71425
40689
89486
26769
40441
46990
70066
36253
36982
81390
91839
99432
29827
97637
94792
19586
17540
25828
13018
33136
78935
72475
93354
75197
893
58664
88486
92542
41298
83706
52813
26176
99831
22183
52538
14065
98705
79270
57467
22887
38923
46889
7969
24177
84470
11643
80400
280
78576
87762
95542
15441
83426
85489
83705
84674
81924
58973
81768
63566
75131
60826
62451
96479
17059
4257
10679
53007
40743
55168
14449
24179
91693
66254
72756
72741
20239
96073
3862
332
73892
34830
11748
35274
74269
65524
35094
74082
49963
49030
49246
76387
9309
28923
75353
182
37671
54644
97864
42048
91583
27025
34136
65652
31169
9584
79933
47864
48563
56675
38174
50034
63074
27629
37033
66416
44875
38521
51847
51825
13942
78358
70698
76370
95708
69555
92035
31544
78665
92147
49585
29751
43484
41325
57076
16670
65964
71459
82303
22240
27941
19997
17515
5375
20176
32514
29448
37654
60464
94450
95342
45731
44265
55618
73522
34479
73691
33396
7893
58396
37836
77331
36118
77258
57635
42088
20424
44741
3760
51420
81406
81231
82506
12491
89026
34789
51312
79905
55397
14705
2513
71988
45360
57612
18056
7357
63386
54381
40030
5620
47698
55955
24435
86791
65180
20587
33975
10326
34201
43838
45267
33679
30
77305
42405
2017
92519
24506
2760
84639
86468
87477
15762
95443
59409
58976
33751
21371
59588
545
78858
66213
42336
8146
29220
18499
57446
92846
23677
12203
24555
74779
42327
56942
99524
21652
80539
59923
40765
89585
83131
29935
56394
68021
41750
44131
68085
87956
79002
85681
27894
45119
40643
12860
49985
89294
81378
860
71352
77096
64473
46779
69505
30578
90946
45103
63603
83730
87471
98100
15146
68958
23213
60581
91034
46662
2082
57655
3008
40219
51573
24691
19955
50266
62956
9581
8857
82489
32272
30949
20887
22893
54862
55290
50753
28310
35639
15462
28847
46247
73510
44858
92688
93462
98945
59862
80248
24220
2809
73637
26197
26505
33548
18387
59263
87527
25802
46988
26830
76457
36756
98227
75366
40657
224
79067
48909
44187
61529
64166
96157
51721
76260
32247
21172
5163
61245
17462
22792
67818
57727
84991
75673
58738
85827
18727
33695
39802
12256
17613
57346
64497
32369
41209
32073
43367
1588
60756
89386
9749
30478
9059
54303
2570
99116
83841
43866
15091
61668
95575
16879
10085
10778
95067
12496
84522
77694
61635
69174
9542
91091
28004
44923
40165
14219
53131
91012
17028
14413
14295
29819
47480
70361
15410
39164
89278
49570
15850
86789
44960
83034
89776
1744
39233
64779
94219
85917
1157
38561
63610
73448
76864
51878
31557
38682
62330
40453
20574
86172
38459
82736
1722
81798
20377
10269
6086
66677
86555
12235
75175
83035
60136
35075
20786
30416
50769
41977
66949
96198
85336
77489
28416
13818
27388
43838
14467
44678
98722
35301
63910
660
70913
59681
29679
41421
20938
83328
92979
21616
93906
70731
85132
72190
51998
4098
17235
95377
19018
83622
2235
77421
470
73936
23914
48623
82829
23774
14996
77058
73459
71758
90581
71056
7018
72515
52747
3221
39521
10021
90990
34544
44218
13349
31885
87763
42358
65789
390
83545
66752
14070
19970
98103
37939
19939
16139
39851
34024
49259
50570
48017
25760
35492
86689
10229
91434
88539
47426
68450
6705
80
35018
16473
9573
56765
25854
37949
73765
23095
57984
65899
54630
78510
49646
57896
1379
68111
59063
39634
91169
53864
25371
76728
38044
66507
52222
86661
21652
9164
25640
51192
80430
16645
99644
30767
22248
66105
51
90754
21853
36180
20020
52908
85105
77905
57843
24099
94074
63766
39715
21385
91211
82106
63993
16923
11710
18503
58239
4006
95804
48474
67953
60602
74444
26280
1687
53559
9303
31418
70816
15972
8052
28408
90967
17310
75189
77572
46213
96973
12908
15581
13570
35763
33147
88197
91001
19805
26743
77756
16888
20796
7800
23627
47249
70285
98816
27612
58288
44372
11525
2150
82648
18952
85277
37223
65692
13511
10981
80267
12727
80266
47310
83081
64489
64116
92484
65580
3855
35748
98076
65102
36894
88617
69338
62432
4827
58133
56220
65831
75034
15946
79495
81793
50033
47570
91276
20934
38263
49867
71062
5609
52607
64190
17458
71836
14667
42032
10779
50963
75375
14834
84962
32033
10116
28563
46551
6432
2501
598
54070
76748
42441
83454
74128
62286
50653
19909
42261
63223
90717
92172
98939
66722
20623
97261
33838
59964
99389
492
97044
64799
14989
13484
62492
9082
67230
26142
60002
31148
90625
57555
52289
82127
11538
61971
58806
18610
62769
63527
57708
97087
76577
67216
93418
4155
381
70586
14293
99627
88018
58891
8003
6132
45053
50870
29789
9947
95297
66348
44592
78187
3077
58770
61521
49172
92264
77933
77738
10417
57762
40826
12870
28386
18936
97530
64372
67960
18619
40074
20539
783
71678
19313
34555
67541
66770
38707
62107
57097
62817
1667
27541
55455
37347
64597
76986
66688
67455
79793
64291
41965
34946
16835
85973
13412
66805
5391
41040
4220
66494
62977
86772
88043
62582
30915
89105
89991
43074
24361
68778
97704
84656
62118
95204
14636
57808
28289
95473
18101
62348
40641
97171
32877
60614
14981
67727
50537
86157
97073
29360
9868
63994
37763
65845
90722
60045
19076
29912
84941
52864
9210
60476
22812
80004
79993
47154
64087
2336
83481
20808
91288
60483
83939
39407
43411
67586
33510
16455
9526
40050
98118
36297
55467
84164
91028
4016
56954
30040
2904
35365
98251
47743
82218
22342
76842
4785
91233
90035
58979
13991
16931
65045
48781
11607
79195
90602
77859
91690
64360
39057
9517
87099
3442
94158
27229
20462
69623
15035
66390
64010
95748
812
74055
94580
43231
96413
70324
75210
16897
65850
10517
55929
46305
89067
18424
51388
46283
5625
11650
52401
89040
88673
83731
87257
13047
70133
73480
26508
10641
13609
66969
89591
75818
67073
60418
87859
57820
35316
33919
33091
55869
21916
5105
36906
54296
42685
11709
45830
80665
93872
61972
86765
11554
35340
25549
40418
13403
57583
48334
86388
85798
2926
77577
75060
37936
6103
14979
98801
18212
1759
24720
85937
90361
64301
58938
70958
25900
5794
62561
82090
99816
34019
29276
27473
68321
86052
55901
1514
28065
36211
45363
40985
7322
68734
65705
16500
2810
54690
68716
59680
39548
4690
41129
21511
35354
38464
68085
43896
74720
65483
28390
82108
16221
20293
86078
50576
91507
12415
72041
26532
83149
79379
64956
57454
53520
92878
54525
89772
5546
19768
24289
3157
74791
12065
22736
64474
2723
89610
90213
17758
23386
75981
75121
15470
27802
5994
18400
69247
98394
45936
17619
27748
23812
34084
588
58505
10573
77168
90505
32367
23462
51883
43335
51267
81323
18529
42407
7485
23769
35775
25582
7474
5692
5501
42727
49559
34917
64072
65443
93395
19707
95371
64961
12703
43689
93369
77032
27516
17653
1178
42320
73713
1361
21104
72097
10368
60906
26180
99732
33444
21022
89810
95093
60906
41099
49550
80266
15272
9378
59409
60973
55454
52090
13476
55125
63208
18176
77863
74771
87933
24492
39423
5592
13607
83408
62970
3188
33983
96617
9184
41273
46788
54808
88440
64766
47576
27178
45620
24960
11927
40979
91002
54690
69333
98586
40527
50165
81747
83374
26114
55410
94974
21462
79763
9988
63556
7877
8638
90148
73363
97740
75112
63932
61328
53674
90341
89292
79697
26431
90819
18059
76792
34174
58422
55429
49868
20704
60769
90339
79797
35222
92158
40585
81492
65750
70378
79320
38141
92150
17776
89332
77714
76215
13904
45119
15389
99449
99532
30948
94729
99980
8047
82992
93790
31302
18298
3419
89335
58353
1036
16357
31649
72412
21070
91867
87219
61809
98776
44952
91045
47879
99427
96104
20494
63758
7084
41576
8894
32647
70370
32169
88468
21174
652
73012
15901
22448
97786
11527
56106
94062
97030
11038
86508
79620
78918
44172
54735
5195
81138
46792
19344
2746
48204
12133
2428
42292
57297
62170
51399
47098
90682
81728
22246
1473
88335
95578
44969
47262
96169
4750
52249
5214
96098
58833
80681
19923
64476
21922
59772
31624
20170
18412
26931
50517
35743
41583
51665
84238
63633
27576
81133
99254
95561
49037
33491
47185
62347
91781
41560
48822
96284
79636
76919
7715
15092
88292
24397
81996
4258
28830
93773
94827
24246
45288
92673
27803
70319
81929
33343
22464
930
3944
64163
12381
26595
95699
2158
28489
93011
78043
57627
3100
78535
43708
30458
38627
83792
50618
23307
40275
16748
83974
95256
67866
56681
72577
28527
17232
75249
96504
87131
93613
24727
72493
13630
9909
54460
24374
55117
95662
71005
53534
84776
86002
28381
40234
77108
30240
25163
64822
70839
98828
7120
31486
720
53111
33719
69657
42384
10041
53689
63423
77945
47579
83972
24043
52625
9057
63303
68411
60994
91236
15421
24596
56146
30494
81011
87587
77371
23102
90359
48030
11718
2908
14784
65705
93416
3111
85364
44213
76409
13305
4922
6243
38156
30348
41149
5830
912
80101
65785
35141
91907
56527
70309
11232
98478
21283
57597
73130
993
70499
94090
46965
27275
97734
27920
11724
91797
82829
30325
47673
13628
14708
94345
17351
73930
65701
16502
44193
88944
96742
30853
61017
95778
74354
80586
1414
56047
14181
91566
25220
38523
14577
41207
69055
20859
54958
28822
21386
13804
71695
15692
93705
63792
10191
91290
32272
81286
92041
39684
66722
8293
1159
72992
32987
51892
14931
41953
89353
77353
42089
93627
5141
44445
72173
19058
51200
47049
15545
26340
41032
68255
63631
17903
4554
46406
56429
93248
27521
57107
32670
60089
53100
76801
63948
39742
89006
20686
72660
62877
94287
44753
29298
55863
31872
99003
74043
13775
75324
86249
63850
53742
78345
38435
52178
28561
19486
40469
33362
85232
2079
70823
23078
30027
1763
5562
89562
77043
19383
74882
55161
16946
81467
81307
76068
83896
6666
79593
30143
75971
88887
15920
87301
17194
91890
56300
80891
65062
80138
13134
738
36477
51597
16564
51558
62925
7019
62372
32980
7314
96313
41221
28616
7284
10833
16921
84228
11504
19510
87323
17500
61312
74069
10833
81742
93290
77863
23598
31664
18914
12563
62247
97410
14045
91632
38575
58722
33555
70216
73490
96478
5488
71545
78250
33571
72279
57077
99009
36693
12499
93769
17732
75896
69564
36378
54433
11562
30050
48715
52541
74547
76025
35227
27123
67349
66466
89964
6284
68574
49521
3134
34456
52092
2240
34938
26343
73424
3375
88203
62439
34363
80598
7046
31962
73301
74858
92874
30163
29948
76839
56162
38924
57385
92928
47368
58471
63007
60768
98884
46272
91069
17596
50961
95691
82547
36119
57504
44719
89713
51345
51959
78590
70586
84525
19409
94096
52087
5374
28873
7547
21224
70573
7953
5745
58838
46858
43292
56566
38916
53068
78332
23901
41764
30374
89253
24446
91270
98281
97233
89877
91850
99344
18877
43578
64887
47724
96080
88825
39332
46956
56155
59182
70611
16264
29020
42783
26494
19754
57981
72341
28297
98074
37241
45367
2135
31429
5887
5061
34649
93417
87503
77263
61089
53376
14945
65712
12244
81286
33701
72586
90718
30728
88708
86943
56064
21963
30854
36809
98500
78134
87693
56599
71537
90270
82079
80484
9562
49836
60769
50165
41616
44236
88286
55407
21496
68725
98311
41171
97304
43376
17556
23256
31242
59111
85384
80995
16595
99115
45395
95876
61229
68641
7282
39440
62272
27659
65361
87639
38928
31439
77712
84770
752
28486
87235
26827
3412
10147
40083
94328
22244
70109
98722
70485
62220
83131
61036
53421
9968
97180
32552
96933
19389
7584
64398
8757
63579
9078
77843
23011
66719
37602
46768
57662
38492
41290
98145
63157
41209
97086
96329
57234
81342
80098
49330
12022
99688
70970
66450
71953
79580
70961
15753
13054
24184
4389
70407
67993
88933
19474
71499
24926
22953
42585
95205
23807
46617
40973
91069
72706
96235
84539
22541
64693
83785
35987
41545
39599
44513
40375
67583
68324
45306
65855
78553
78468
59202
62694
84544
11216
40706
97812
26170
76794
43859
14761
48820
88633
68137
54787
34266
58470
30413
8812
61059
86614
90473
61412
19115
85396
2141
33254
75352
46713
36238
19449
89277
67787
86238
15349
43836
91919
26007
27536
14310
30733
14272
43621
47423
25215
16114
831
89821
26677
21380
72711
83535
43240
82723
82248
59931
81848
48510
74267
14975
99525
63741
64692
99288
80327
68977
35176
53569
60074
15590
42361
60339
77065
6998
54400
67019
49573
65335
694
84618
56867
13812
61023
62966
59552
24826
25172
31165
52721
96553
84171
71033
57851
69098
31172
40367
85803
49055
32466
7154
27508
12821
5573
30789
39907
64727
17552
28861
87104
13405
44764
388
4259
94049
44488
64282
66065
45938
36731
84470
88594
27105
28104
43147
98319
29721
82557
10181
95245
56588
26344
99251
48705
65704
86405
49886
69583
11624
94888
98839
17251
29158
31908
24656
27179
48079
63127
95328
73391
97583
61618
45642
35374
53100
20520
44663
982
7246
68498
56863
7744
87547
35580
53831
50053
7201
11824
645
61121
23821
29629
90111
36355
21432
58051
37105
85133
15777
52766
29229
78735
46838
10637
58812
32634
60748
95870
8195
30884
50414
63639
35329
49719
81009
28803
74420
88981
67558
13496
98556
34989
78633
25953
39703
2515
95159
82893
73195
43711
57436
28915
56323
26020
45130
65855
61584
68747
56966
37822
88881
21611
92668
68258
97294
40967
65138
10514
96701
26949
4218
84754
48903
11207
31873
70570
39301
16871
42277
43637
23204
46355
81956
99368
1831
16195
83663
13821
43628
14771
57309
55996
87079
29697
39132
32485
34794
389
68450
97308
61414
3400
16322
16401
15051
96642
55642
43787
89067
81236
25640
81456
73917
47678
92989
36051
58622
22111
73514
79483
56337
60679
29207
90412
37959
11130
62771
58517
73754
14979
18053
15445
40563
68850
93152
89674
66571
49332
2326
90839
20111
48749
57475
80370
71292
62709
74730
37223
5834
68044
28702
39116
38662
13979
28534
43331
36887
83177
71683
73573
72001
97558
83038
55921
65672
4472
67290
2769
38348
3151
83801
62597
11059
63463
74619
51566
42117
41194
13905
21881
4241
82975
75823
68549
43052
17027
4063
24339
29817
57378
56658
33674
67332
40466
10514
14404
27593
2701
48884
18041
71410
87753
89417
3942
4093
25653
59251
66617
2044
96210
12340
59803
46645
49323
13825
1210
77578
92147
49974
41074
41363
45274
7972
47224
80967
7051
1125
76099
78362
95973
15568
91831
97440
61684
86472
93295
47792
779
36271
99654
38979
70401
35735
1091
17724
60037
53177
90654
50050
74622
73407
97523
2472
47876
92315
96706
34573
55605
79099
48993
86367
33909
65268
10495
21371
86053
45019
27925
8623
64862
19955
20331
1089
74762
34784
77827
76200
56672
70586
13734
42776
20666
77373
94570
28347
85172
71933
94653
75515
15556
89207
9329
95452
92272
44771
76356
96710
45968
43270
96874
89120
48225
771
42905
76504
65059
37073
68753
46463
70160
92168
63782
89329
37850
7765
1643
32466
11263
45517
74205
99316
28811
13407
64649
35445
26603
88353
30683
33541
16297
46380
97796
67526
62825
16068
80839
77644
39839
11343
52416
81572
48234
43112
68081
51120
8753
83019
28715
90832
69529
16848
28405
60221
61600
38293
74332
22158
45049
32179
93880
66558
4132
85971
90454
76837
62537
28217
37383
99010
77969
84286
59812
19354
1
93084
42524
43162
84244
8003
24124
40441
80596
52489
51386
82745
63221
89405
58783
23276
40334
56988
95534
88466
35573
9245
97908
38017
70677
70279
34382
97822
46831
66178
46322
9895
92586
68139
21499
94227
88216
30305
85332
13521
88583
79804
79232
77677
48128
16349
80580
82897
89983
55616
66962
90600
73936
81679
73299
32605
38594
46288
97199
31779
99083
43519
12188
21646
50456
21878
61441
39838
59247
68168
13734
69499
58371
30637
96250
71644
72083
77463
14272
8194
35808
12452
76440
90913
9320
24716
99845
96799
24324
84602
74080
85077
7386
13208
46072
31507
4928
95139
83139
82367
1838
66365
33350
1117
12926
86945
11997
46795
31651
93553
90024
34851
78819
56779
45171
49060
50675
5146
91040
71274
33133
15049
15410
35193
38640
83730
15256
95417
82837
31157
53109
16667
9161
36292
744
99898
37996
23035
50877
6621
26948
33869
5775
38265
69758
46297
69464
50611
89219
14203
3926
72482
45427
26175
16348
26163
47937
5297
75154
72102
39723
28304
58442
75638
95380
24000
48001
97654
94143
84351
79789
2839
94890
20207
49737
36102
67877
73586
39994
67666
76941
94580
21757
86987
92074
17378
6768
13446
13921
12280
65722
56253
54199
19384
49655
37555
32195
33527
67875
1941
12525
11921
48354
73948
91241
48797
7754
40399
42507
35451
71054
99302
14822
40809
33385
50793
96965
82069
69987
66231
8324
10957
39746
84994
99532
52018
29839
71575
29545
56139
11876
72955
65290
36054
83536
24721
8565
10169
95463
33721
93828
27095
41352
90290
52352
33086
47436
41024
17944
81948
72328
43209
25150
17906
59807
68249
72638
44641
42632
79589
85948
42305
81463
43436
52425
68529
80490
2906
59330
97896
77202
60262
51013
64586
91964
64251
82320
24342
35931
30580
7800
21500
27124
5665
44034
56300
65478
59686
4066
63721
8372
92610
99342
94045
35952
49196
46878
27558
98757
84154
96803
44238
42433
57372
36737
97560
8797
84133
46890
80886
14571
73385
53496
97240
82139
56866
35014
68255
70826
86157
7148
74703
26375
27025
82165
16355
71523
33472
56126
77594
20085
34037
99214
64783
36199
5789
78252
86694
56544
27123
69762
41698
52462
70852
70060
94356
8720
51473
83005
90734
3230
99474
75438
44982
88918
15511
20579
58198
86116
63786
74717
72976
44301
65712
91701
28110
79800
65583
52123
85879
82680
19593
3404
13054
65690
16103
23657
78229
81672
96657
68154
25503
1432
37625
68382
42626
65109
65111
85101
76091
968
88047
20557
61708
48706
56431
66125
50800
78216
65396
88098
38223
7547
88365
82235
18285
93154
55895
7427
98749
28151
41479
51442
7220
7724
57382
12560
99704
27288
18902
89160
7382
46017
86803
29476
11314
1863
90517
55019
53945
86923
13874
94068
29587
31642
2816
60069
11797
39899
61112
97452
87634
16336
39734
81561
34770
86668
76349
42103
22298
63666
15895
97158
95051
23973
99322
82582
29415
71729
66855
3393
6637
78037
9676
89221
4998
65484
35208
35260
70232
82583
33198
28794
21368
13128
86595
23395
64252
34189
88290
52807
83374
86328
52639
78588
42333
34471
9353
57301
88142
8308
10824
9156
51088
53275
93797
72745
24364
56547
11849
60118
27771
46219
926
51649
93489
30675
10482
7780
67096
18852
69657
30005
58552
23581
75762
82717
86161
46075
75778
47704
26923
2404
85341
65160
98373
38000
82243
4501
48362
7956
64230
7205
53985
92108
71338
22036
16035
94756
36838
4752
31592
75140
92103
39188
50394
73078
94451
55551
96651
10133
51882
73904
59107
67956
91881
673
87569
36552
91945
1117
81858
45202
21956
32478
14192
7853
87383
41799
50450
112
12803
16187
15089
12577
60782
41337
84538
57527
72934
95605
13647
89770
53286
24275
75192
18713
36017
8130
99160
56087
28794
78643
45626
87186
40230
15445
50346
61410
21482
49487
352
36683
98126
24633
37719
15215
42291
38295
76091
8467
10192
51954
29441
14380
78008
92405
97073
68486
31992
87553
97246
6161
70812
61582
7478
85416
83601
10622
80916
40863
95909
42303
31891
88328
86155
30718
26781
18594
154
73666
59074
68991
65077
61100
37476
31025
60742
59433
98063
7504
39107
56113
97094
32234
62482
3871
39800
232
11561
10605
21298
89048
68046
99884
25134
33276
40125
93917
55497
44367
87240
16591
11281
38991
86904
91509
10877
50508
11954
54787
72056
53291
53493
30085
23125
94103
69632
27196
69222
61541
38640
87734
86727
74850
95271
73737
34805
20827
61416
49324
77693
30632
96671
15505
11375
8535
5918
45219
16144
88465
72961
47832
35759
44938
17235
883
94127
43658
32906
36665
40099
99283
27181
10893
86809
44879
64726
92970
82061
46008
38514
38461
76990
19939
86020
18429
44221
50122
16650
34408
5729
52084
75960
16027
81944
44611
62753
69005
17144
63929
59764
37448
99060
42056
23778
77382
17002
91701
51773
19332
71960
51432
42396
70821
95567
92051
41756
99718
18336
80828
66433
62201
11187
19945
99898
11296
45655
82439
43714
6664
6708
42039
18850
97984
95259
20054
42867
19924
23487
37031
43330
71370
62109
78047
73709
83096
73654
87084
51561
31328
33469
17923
55046
96682
66156
20325
49546
68316
6961
74061
33914
58200
61798
68856
71000
10354
68990
17938
44933
26861
85115
665
73543
94129
67677
10384
3526
7114
23317
9890
35153
47968
74743
71665
59646
67375
13550
51674
65006
63843
73961
85319
10798
71057
88275
88913
4506
99124
54113
99311
96444
21123
15908
64255
75282
32556
55966
1520
65902
8431
43793
2794
62838
73113
93427
80634
81516
69404
91646
66974
50632
16071
16803
98538
10722
66439
9855
78900
5132
27354
87078
64770
22523
19691
2876
55406
91142
1391
91811
94418
78598
48091
87470
37942
1758
35136
12371
49652
21877
73764
6271
67556
70878
84094
196
27849
32377
4046
6318
9143
46738
119
62483
46975
74054
70073
13448
59320
87686
93359
88880
90284
81013
62210
51055
27068
82572
66312
18077
66705
63164
12573
12695
60800
147
41980
99631
54329
13847
53786
13219
31757
36784
68991
78859
73881
24003
30786
21868
19955
92728
45471
13706
93167
34877
52152
84698
14383
59235
39110
77429
2341
61126
54074
67272
12838
68491
54836
99752
90062
55937
79806
6691
70025
27722
10119
14642
36293
92627
79800
39787
99538
35839
14708
10067
56306
7554
39696
44529
7011
9353
67116
8349
40902
58743
18030
25271
45003
46857
42074
43732
82139
86427
80560
6354
1762
19748
76226
59789
5335
34620
36175
96651
76649
30143
95457
78002
84583
52713
18336
92089
70316
7488
47025
26075
43270
12850
48174
39272
41633
30067
60899
79253
43701
7080
24834
63316
9289
45794
87620
44863
3298
57026
73181
42510
90092
40987
42555
87624
73315
55350
2266
6358
11710
55406
79718
55922
23225
7995
75983
34558
74590
90156
13474
8338
90320
75917
9226
76973
90707
45993
11586
25772
77243
80840
95541
633
84847
61305
56212
411
3161
8780
35028
28203
76526
56342
32417
76390
24501
15703
39619
7102
80629
27448
86892
31884
74495
92365
95226
69856
54133
93563
99023
84217
93269
51635
91819
9840
69223
39260
37955
72462
55007
55983
17856
80957
70734
7836
28982
26876
76844
42858
79743
29357
93850
61179
468
98056
87127
52269
4231
5746
56865
75581
9472
98249
27878
59271
34578
47446
45158
49064
24793
34405
62726
79268
77555
39760
75604
24131
1400
45719
52786
39959
88599
27692
98305
97721
22318
96331
26284
69297
72037
31239
76589
74227
44328
44896
85664
22982
22976
78416
96898
12193
78060
51396
20517
70639
37729
62568
87315
11729
65659
38267
36124
51330
19615
51298
48255
23894
56783
6328
51185
84443
43016
62467
13036
88450
31964
42082
79511
20151
36647
99586
69166
45419
1424
59760
13646
99539
64126
53577
54175
5321
44340
77165
92990
88720
1227
30962
96006
61526
19370
88532
16059
90994
29444
27978
52498
54220
57519
53428
84288
13148
1212
10096
87358
91946
11672
52908
98102
65077
95102
68182
84077
58767
46294
16304
52748
81445
43918
62015
85516
28861
15252
33570
58397
49464
74029
89471
81044
56151
26357
34233
7759
36217
66963
46078
50886
97602
5976
7421
42032
41848
13492
70484
84143
61863
58454
18760
26073
35460
35134
75278
86276
97807
88928
18790
34381
83409
8407
18695
9636
54053
23139
73045
47576
98675
44448
72367
21371
51895
67461
9349
81489
26593
89142
81383
72507
12149
14854
14745
14618
14258
27405
84995
43906
7088
93794
72452
25053
48866
2261
54086
15256
84507
20908
23468
32782
28014
6071
54824
11023
25069
47122
55274
36077
65875
8119
60979
69443
98045
90365
91784
27042
16114
12465
6529
72922
87588
16527
47105
36833
66415
90173
28032
61219
10078
51204
82499
71526
84045
11884
75213
36952
19080
18643
86287
8087
97171
92714
34396
27933
35139
40813
98551
84743
73161
92348
83757
11488
47375
72314
82335
60206
28763
56385
41176
64313
94481
93376
75453
28563
25524
99507
8450
10249
32813
11453
62137
74244
89220
26373
66373
61820
11915
16874
11757
15706
59387
83651
88108
22121
95957
67480
60357
69912
5546
95415
23699
28558
90807
88436
38366
29099
66056
32832
26059
68982
90270
82084
86539
59048
46731
96442
11987
97044
92409
58952
85867
60082
24234
51482
60000
21671
99291
5916
34612
1555
36226
65169
96469
87414
6646
41298
72395
23231
17069
47558
29291
67987
64768
10938
89001
18967
12459
14814
68970
16698
61009
96636
31287
41857
2429
96694
20045
86192
24963
42778
18514
2418
56676
50500
80802
67334
65904
31216
28391
11334
34534
39163
57511
94324
2583
8438
23223
93764
68233
54501
38862
65632
20407
98330
75380
54140
94678
36328
8185
72503
77874
12807
28962
7754
97526
33732
28221
6928
12939
74114
99958
99218
3704
14993
9891
3054
40712
95625
7546
63011
15113
45859
69634
83484
70064
58164
86534
77846
46617
4647
8934
63696
86476
60630
57288
44110
96060
10213
66124
81130
64330
29595
42909
57624
11238
86909
42370
66100
7733
90377
96437
75402
39918
23340
43627
26177
68638
14849
11890
30341
45803
49254
20921
96751
21014
27452
62280
54355
67289
27195
59665
82855
19312
8911
72382
51755
6293
62644
61578
57785
35139
41033
28620
46763
71580
80948
97901
35971
42342
76978
30939
96538
66000
44025
45238
65033
31506
37836
57927
18925
86706
84090
44273
73179
85155
76659
19071
22304
94280
95944
77661
16979
51767
92670
24483
98170
78584
14703
88012
99990
30092
78397
71845
40908
16939
915
69024
53840
86918
95706
70408
66064
81259
23349
70607
41850
42950
88026
28516
43
27140
15310
19488
31445
23283
55515
38111
97356
5286
86384
65964
55406
56341
56374
74452
20173
86656
47626
16925
48954
13940
94907
26288
41807
17542
82722
38385
34424
97533
52473
88687
12159
36972
13402
76055
33396
23837
36821
64259
3733
96489
8877
21712
50400
40707
96303
38029
38546
91188
85904
32367
45530
38849
6275
57121
5439
63626
3539
42649
91626
47692
16611
64166
146
17125
33280
83909
64418
50871
91231
65363
20489
81030
38328
20605
35422
35291
28159
59091
42030
53323
66651
43067
46340
94386
30212
4449
66451
13497
85918
8908
53443
93334
89868
62380
96725
66771
78835
24432
18901
59527
38381
17012
15707
92672
67783
37079
44830
33378
42295
43274
87958
48456
29309
70821
96844
15241
91188
24852
46976
21623
30805
8014
75446
13889
22057
86310
83519
28217
23945
16186
93311
54671
93332
77225
48672
82715
64108
86178
39635
20282
7949
54455
49822
85168
41707
12944
87590
29388
48679
40668
3962
47305
14477
7074
29977
45296
9261
53846
3970
7835
62165
33480
42902
629
68007
88662
16140
86269
20860
98497
42513
13833
56373
3325
35705
52902
36889
64225
29927
72606
82736
80095
40340
43731
98938
87534
46592
33895
98797
38210
28082
87838
71498
5533
62509
25019
1819
22879
40274
31175
5387
78489
15692
46993
55969
9696
54588
16943
99451
45116
929
66146
79651
42816
96067
91416
40176
46452
26685
1482
91676
22190
19589
39910
70653
5375
43961
22055
96003
55625
38183
608
38221
6190
32984
72824
81000
18724
65435
16974
67109
23269
55978
99358
57653
5955
42619
37980
68803
64953
11845
40093
9551
93564
87629
11446
55779
23120
37452
892
26195
51479
53246
71018
17654
71364
27402
95232
6875
41806
6857
45640
32714
68352
16213
75445
45529
39213
91952
22564
48423
12705
40845
50660
40920
36114
10046
97298
28686
74261
56828
82493
27904
32365
66157
20105
91066
83775
31029
3823
84560
16801
7675
14337
6784
73168
54454
98666
83043
25729
7029
2804
59216
32143
31432
74916
22894
8979
39310
35071
91091
63410
7067
90608
7389
33392
69638
12034
24268
17762
43309
21959
37787
27521
32773
80763
37081
55227
5057
69955
72392
59427
12350
31855
73714
11560
30634
9535
63842
76323
63695
51329
26566
32107
88383
11384
76383
62691
88285
83480
99362
65650
56998
38798
24911
93491
4186
49245
66699
6371
74123
44099
36988
49975
89697
74458
8736
37936
57159
60698
5386
74407
85685
84187
35931
74659
38875
76025
97753
34122
43847
41520
76014
25459
45236
3591
7232
33433
10319
81865
34728
93932
73638
28046
49522
51394
86448
71160
20464
36747
95955
29945
23386
8834
37398
34802
91174
94655
2851
99510
2176
63721
36696
64238
1382
28265
73579
75029
31011
99034
8632
80483
66374
22524
21384
55239
79934
81927
80191
41582
41076
9757
86754
76928
84613
58392
13220
33609
8218
23843
23244
73173
99398
95621
68964
58453
79676
87287
40448
61790
32299
663
96328
34288
85527
65589
81124
21204
81844
4043
72260
86783
7585
92489
95593
44276
27967
60014
90419
17221
76589
85459
41448
62393
46050
6177
222
23945
75909
68387
7941
87301
6412
87030
76404
48916
71504
73948
3150
93272
98889
57328
17425
47024
85067
93332
45723
8407
32189
16679
50616
34537
2258
18034
53965
29222
4261
35681
32251
25743
30230
47695
12016
78414
67515
98554
42639
95826
34469
72341
56058
30615
58577
6236
2650
74980
80198
35970
86220
63534
26354
66311
38279
18234
27516
43653
96589
89056
11557
51114
55278
34539
69953
41600
63028
94653
87307
91015
74415
25007
36906
31076
22397
96661
4286
38834
27412
97056
98246
32503
83504
60541
35922
61042
52788
30748
62144
63984
47038
75883
37782
18238
41548
13536
34075
91161
91045
81365
91121
18465
17766
79694
82834
91084
38377
81814
29255
62167
82131
24743
61439
59895
15963
64585
38866
23821
79410
77522
60787
17111
75251
45355
4235
39332
85897
71539
46423
67936
32471
30748
53248
68173
10856
78195
69427
35154
46516
67614
66941
34157
97355
37726
63237
1701
78913
276
40998
62555
19254
45696
75143
45790
12129
49956
91736
47421
38936
44231
99403
50583
79679
50421
60365
3886
79338
26660
59200
76090
74097
68497
16086
41178
5519
31497
91532
25830
54295
64644
43136
63488
58132
59115
3313
59208
47706
33754
7122
18991
41966
61825
53674
75715
35471
70692
77963
30312
88704
84482
94476
40104
44692
98643
5798
46754
6164
54955
51271
92990
12719
47803
29367
9408
50751
24183
34085
8059
47764
37617
93388
94140
34367
92068
32071
4807
16093
12205
3118
82272
21246
78900
83373
3616
62673
98184
78975
391
47502
63464
70476
86704
76479
99391
63484
42496
13004
61223
66359
16632
1761
36589
27194
27787
15550
36917
96760
18185
40828
24980
65547
98585
75415
3036
95349
56101
14428
19093
32120
52143
40368
60005
76749
23074
31258
73778
20997
19299
76750
59391
9050
79174
70967
22323
96497
82909
61153
4567
86031
26955
55680
36893
67829
89815
71552
12190
79225
50940
60810
88668
71586
94589
90415
51782
4352
31158
2580
53754
65797
26701
18106
64260
90724
49736
67913
34021
47301
9560
91897
37039
67042
8242
76349
40844
73921
8991
98252
91007
37933
98665
44397
28930
13651
8662
80926
96814
71767
80401
9889
67449
27793
22723
70244
60026
66056
59809
19692
85384
59592
60255
35069
76640
1027
25666
45159
91365
71426
28755
14160
66050
94917
48208
22587
6443
64543
89724
21043
15042
57127
29623
56438
18325
39676
91144
22272
31556
46489
62166
13522
56416
96177
91126
83935
6223
71623
58655
78355
39917
94732
74329
74048
56556
17269
59604
48199
3452
44281
73717
62847
3877
62372
39403
42085
92049
62075
33536
51681
53767
13261
4363
91568
62994
93265
37826
35315
30208
43906
17004
27348
12326
58388
30197
44912
68705
94033
66587
26853
21335
25077
47333
16569
89340
38786
20499
81092
43728
82305
60656
30300
64614
3670
79396
77083
60480
25854
6118
74159
23734
2888
60495
26557
59509
34989
66121
60819
15492
42317
79687
19977
36193
48135
23662
52883
28810
19509
82129
44710
43800
83266
39482
43684
77990
47017
36836
37222
55919
31211
71814
70853
30133
88141
23882
40740
99390
41419
73371
35070
59993
64797
60988
10120
3103
83941
98102
34146
31124
31665
14410
21343
87916
89715
3140
69550
31178
22842
3824
38821
23460
90797
79046
58249
4514
44356
46945
17149
32101
4195
51086
96644
35173
38804
26816
10004
50867
58368
60928
50969
15709
95337
5249
54339
49136
48199
16466
462
41399
87069
37612
42732
10113
86647
96939
3185
89313
64259
8026
84346
13679
65865
55687
80186
21676
53032
50997
84835
85186
54990
66224
87725
36234
71347
5852
13703
79655
84371
59174
94743
44080
51270
51484
43951
77452
48894
92856
61487
39733
65692
80855
74096
35742
21456
47593
76756
32977
94059
63361
36584
53393
30370
26667
26098
77886
95874
32573
43549
16471
97738
26310
87998
91162
99017
53988
62883
51879
46933
13106
56407
42787
46597
92989
38964
47319
61388
19224
19877
11352
31442
3526
14103
17602
43921
17492
95804
68222
12937
35625
29019
24003
62720
46293
47319
47480
88058
98023
33338
94488
656
29275
42430
73646
3088
76720
62169
31711
11729
20312
83298
62023
34386
96968
88996
52955
11438
33359
59582
94350
93725
98468
22580
40655
18090
54616
87990
81775
71340
59594
10858
10305
6404
44857
61688
60058
45554
86996
26675
78328
64564
97197
63103
83647
72509
6509
39075
74398
44269
27361
83725
86513
21074
77009
69660
42207
64603
79473
174
21187
89397
91825
8582
46312
13796
80079
98329
51373
94208
95468
25590
89448
71113
13084
87887
51463
44424
89719
97577
53969
28515
33741
6396
6123
60797
33014
81095
12919
83720
35878
19859
16727
79687
41344
69794
77903
84581
20802
43732
11976
3468
49662
88406
32881
94147
98632
82471
98656
10535
27979
77256
48375
53380
3575
56896
49249
96272
7317
70313
82523
46276
99003
9787
74127
91896
90874
86258
49532
53306
27380
94270
70290
85931
77452
24647
15097
70326
50806
23195
83089
86349
18061
92950
86259
83330
78883
11085
21847
70016
38195
855
1743
76835
49522
19224
93777
3834
49732
4171
40274
68119
40299
41675
41229
45041
89371
19838
98370
82775
62056
81342
68604
89072
78753
42662
14827
10227
94166
26678
15984
86624
84947
20643
20183
91642
34673
86430
76030
25058
50402
23071
14388
84337
80363
95950
20573
43825
42574
65229
3794
61817
30468
76389
8037
44707
56490
19820
38850
32907
14483
14704
55920
20806
65819
86467
2743
57661
17659
19971
37500
68388
43960
98724
29512
21787
94710
35484
87399
64097
18986
7146
27500
94064
49294
97252
8113
48441
96973
2300
2683
85917
86494
76367
43293
74213
13709
91562
44627
27102
57236
20825
74479
43732
68874
93677
82673
91274
48338
55112
11118
34420
32404
79144
91795
59665
81224
86190
46979
3784
46606
70731
48316
8285
44283
76070
8632
33584
33646
36236
12304
56563
44833
21716
86394
85222
85947
60718
12051
52113
75906
92327
82935
99485
66126
86491
9517
28847
24632
58008
88096
96738
38161
70859
83720
30624
24367
45258
61992
79581
43458
65117
48464
56368
19013
28874
66530
33358
1104
41307
85617
71493
50122
493
51910
9202
21308
26296
32349
53919
15489
61782
32300
16028
71673
23442
58051
69561
86429
87823
13422
64222
63373
49330
35640
53448
57604
15596
99946
1408
23501
82440
82001
96664
55695
51150
69086
63653
66916
23473
81542
51380
39495
63419
29738
57419
48748
9011
67281
22269
96073
85512
12689
4424
43538
2589
7468
35375
28931
20145
94071
98703
76886
48362
5398
49089
98100
16029
87171
12363
12968
86012
42478
65027
28943
38044
33758
57729
204
18402
13846
84671
11416
39498
40594
93200
36694
38452
34960
44410
51525
9899
87564
50769
78990
54483
60004
62225
36157
78159
33690
93080
69037
12556
27160
19166
69788
64973
31021
14835
48894
27219
98614
87987
46157
6281
68600
12488
61597
83498
95017
81628
51310
68079
55374
61880
8763
26969
42143
24926
14831
89975
37799
73920
27927
99157
35144
18236
9810
34401
58843
35477
69637
70651
32277
58958
72972
8120
4645
63653
58763
27891
63001
13897
56194
79441
8416
92698
7039
84527
26507
3068
54541
42282
68941
69623
34602
65643
94978
52878
93334
54797
37131
85402
15143
91276
79063
45571
3385
70508
25501
46779
38851
31875
36614
56342
57318
20292
74983
60201
50590
31401
908
32190
24347
16700
9041
8337
43817
33986
7849
37963
15275
4709
36610
18264
39046
70876
21760
53895
22425
81337
75205
77757
7019
73422
85714
92246
40413
83965
7591
5530
6782
19739
29734
4728
57181
45184
1942
10882
83129
20622
20803
6116
34453
89052
76099
74146
19527
51582
38932
48525
50703
80882
84608
84993
78021
29801
66146
50206
81931
59663
24387
33185
63489
25050
49565
95551
28824
22219
72865
65821
88254
37380
67571
14959
87992
36039
25267
4011
29102
57382
90871
11305
95871
20652
42547
78490
1878
87718
8571
69665
19060
42992
74111
50834
72333
40088
93493
83974
80815
56785
25109
67960
5436
2583
6269
77151
66873
16825
34549
34857
88638
6856
48557
69328
29614
53050
68002
98555
31233
1851
22239
23700
15325
72818
17376
15073
50820
75
80306
93953
7110
58758
86647
5478
55478
9819
42949
24265
41626
5799
56078
57006
51197
24376
13114
61077
88607
10034
54000
53242
81036
83835
22836
79242
16425
45097
18922
75906
30506
73510
16025
48997
84673
85213
3146
74010
11954
59716
99183
55104
130
96293
71649
3055
51853
75243
290
20909
33718
25157
92386
84457
95321
37754
11740
16439
36253
71274
54304
12713
47717
86205
60300
12550
16869
51978
15475
90313
41074
14790
34688
36089
946
75175
15475
50848
89235
35763
26121
54507
16823
79210
88571
41053
61037
26093
40989
50864
65851
97289
42023
34345
31223
12804
5168
8502
55381
37795
63509
32871
23035
82709
63034
71623
73360
49088
18439
81621
40338
50790
45044
30787
5863
56531
42687
80586
90604
51366
82490
63912
12553
16218
26562
38008
97893
79503
18665
96364
51286
22906
76309
16680
432
59110
4162
57342
31071
51589
47138
15010
19632
26199
87301
48426
66569
75861
16948
27108
4345
31739
84822
37940
45706
27056
68630
97672
28947
56275
33500
55481
66410
67427
74135
76736
26391
13291
66460
72531
34467
49097
66312
97339
93455
79898
65153
69779
55265
62691
87643
90335
47066
77854
12279
32295
23523
16063
69958
45870
19589
91106
53419
27699
83031
93332
2110
18403
7058
31578
80108
84345
33857
42209
92284
85012
34932
38467
98509
11187
80916
63443
17947
59087
55441
29061
44448
29493
6390
22621
56247
68671
96670
17394
82619
1773
39264
22559
28558
45669
90982
58278
43638
62277
24796
36897
91810
95649
85123
28807
20043
18909
47429
37622
46165
23400
59555
41795
86965
7827
71433
58460
92780
92141
5955
36054
11217
37980
79146
65912
93228
54394
3799
6883
72703
53482
37208
58236
33567
7157
5632
66360
70816
66854
99800
53443
63984
83486
49715
86412
10105
16820
13536
44113
41834
237
32824
21730
89167
52723
28407
20917
32764
54390
49928
54406
76521
66460
51065
1320
86935
55366
86510
1868
42673
23584
30385
65196
59214
93028
81191
96181
84082
26285
94781
16975
38292
44179
98241
5611
87066
59687
19534
4104
8897
38252
37567
89601
89369
33840
98692
91990
42605
97830
45618
1174
23712
59362
23605
43142
46643
69200
7745
10256
89347
82001
49542
38347
88815
66898
17090
43971
81879
52747
91568
6725
62944
29970
39870
75146
78804
83513
42684
50173
9414
25258
34224
81674
94323
18685
97255
66916
16228
18772
4038
65043
25488
51348
70686
57625
87326
66144
64478
16160
44008
30963
71906
86786
74908
33114
64970
14643
7036
5228
36677
13967
34885
6407
99468
65468
8044
20295
27531
40635
85732
52965
51418
16017
11485
22731
16842
40876
25126
76432
8186
61140
2131
65332
32841
82608
45114
20441
58406
70066
70935
74588
67396
49984
20239
64239
69417
7392
21105
39028
72550
69631
1528
96376
10688
56990
84558
80489
86316
71033
29899
4117
12602
88757
5595
38433
82920
31910
49629
57667
48984
80250
62471
90749
26716
24454
73575
32727
47821
35979
96100
60407
48762
93476
96676
21119
25566
35246
72135
82659
28426
83540
1232
64965
76098
31446
82819
11375
80228
43222
3754
56076
61634
13472
22257
87876
14065
24083
75762
17875
78618
56719
14091
71812
205
46045
95275
91407
80406
33301
47948
32460
85000
4432
42329
44018
25429
21612
82801
79985
45888
7413
26340
55528
39113
39318
99066
76644
5319
92412
82611
31830
71093
17314
13673
93680
93603
39166
92337
64156
37677
77352
44897
67096
22120
5634
51755
85010
23448
91209
43431
74651
54208
79799
17840
18059
30705
18289
549
24914
64611
48628
74351
18646
60193
98743
74945
92558
86174
7901
45339
36506
47942
46937
31914
42172
93936
66462
33386
58679
52079
47939
75627
49410
68328
47631
4593
57545
24349
92454
885
53985
10056
16208
75977
55014
80324
23042
90201
70675
1060
42924
41293
98428
54055
78590
67723
15179
41987
50455
44377
91446
26846
73644
27104
31033
21692
73842
27660
41590
60243
10184
23280
6725
53210
25219
23014
4281
72416
50423
36116
55602
46521
21023
26442
48600
18802
68810
51304
59194
95782
70178
46877
22051
33833
64730
92778
24661
45025
22387
1668
80421
89749
53835
12088
13043
41502
69731
79914
81925
37178
93099
12534
62655
22623
88108
27831
97120
48652
5617
31013
8348
59835
36531
99641
20434
16435
63968
72108
63081
20890
27143
14430
40844
83080
50563
47091
80063
29110
55234
42232
57948
7158
71280
33699
75631
57244
56677
70199
51626
20825
50375
44998
49862
32776
28733
33266
81751
35489
65138
42252
10666
52940
60642
33054
10717
62160
2437
80100
26811
77865
37652
20372
36147
95799
82108
18782
51221
11315
39454
68399
37416
24701
62657
36624
49738
82096
30581
67211
2757
42711
60005
56141
80138
75321
28120
16231
55790
51440
66979
46415
94557
41304
66831
58051
86655
32610
12642
18509
58117
78792
64781
66082
68272
92091
93617
52133
37599
24
72911
10441
31442
47641
76363
94739
85760
31495
95996
98429
61649
55789
6067
84151
3545
27817
21605
17865
89938
95451
84022
26611
88852
94240
93572
48021
36820
54424
4173
95082
30838
64099
24094
69263
31728
79658
87354
42338
42045
58618
92835
33093
731
68907
36199
10178
65250
94111
49354
65097
1377
39622
19564
5364
39030
96766
18039
16939
84521
41624
4520
46659
63205
95221
21335
75266
6965
76208
33860
48734
35384
70260
48512
87619
17152
94350
30773
52979
61164
21534
99027
53223
74463
27847
96857
1620
79421
36166
14812
76681
78627
7903
32918
77365
3648
24178
99054
325
36595
84333
48991
49035
70114
17659
71272
33818
3892
80730
5488
11310
7916
4490
5812
9544
39170
58945
21903
91383
8032
53660
92389
47187
50518
13712
37579
6338
99706
68223
90774
75357
20671
86534
61054
35757
7633
96466
44751
22863
30507
338
73997
67895
39861
54408
38465
86032
24477
57146
89156
45697
80560
86597
62182
34860
6421
20145
19836
19344
21863
16127
97284
98030
41326
25470
502
72200
12664
13789
13832
86533
14136
96668
68446
96210
61659
66747
45453
44898
66884
67636
61707
63446
4483
65988
52948
34744
68694
72196
74747
36289
21756
78006
91819
44219
62898
67451
18073
76352
23372
37217
57769
75777
24689
87930
32153
22307
51027
19911
16589
11267
30378
25331
71960
5338
93293
85181
16099
55388
38540
10830
45822
82683
3916
3368
77057
66536
47136
66655
57853
27833
65120
2241
19427
90982
47785
23120
42576
12430
31473
69905
59829
73142
45093
80829
75167
60209
68000
97845
92647
26460
87402
90258
44471
81696
62316
69594
95479
80250
94475
33551
55988
10775
20777
50721
52621
505
83763
63268
57369
50263
46151
78780
8024
3200
59303
99572
7092
50879
20691
17903
98067
76219
22630
58614
63452
66518
99631
20399
40612
89109
98505
4046
79860
83518
26425
31526
60153
32669
71749
46040
5191
56322
1708
2348
91787
91396
24581
16318
45483
68553
74391
85263
43644
60925
47218
92892
9761
9535
40233
5548
88922
43836
75565
98370
58320
64115
74567
28434
84539
74263
13297
42833
85135
27795
60401
15462
27841
32103
96179
68476
55545
79473
84866
46073
71958
47751
42883
13641
11384
10177
62383
90675
32590
44308
74827
42317
36028
77240
60965
66572
38505
91562
57580
84755
45507
91598
22348
27372
20655
58541
82917
44501
10289
45660
11688
51602
92372
62205
49101
4865
78102
95806
24148
82826
16595
7104
14454
67540
86157
562
67911
68117
2613
74203
69802
77314
32856
8695
5104
51012
79561
80793
59471
31276
25703
50606
60156
55293
3627
27426
47237
30023
52496
48572
90284
95284
25727
42148
98243
88667
28949
88869
13153
62642
1044
3470
57375
69537
75075
57042
46066
80594
52930
50991
31941
27492
21743
6348
92498
91966
29006
17051
58876
2304
98649
81790
52844
40694
10499
94726
5511
88390
61482
81302
49704
1448
73433
57894
15807
95445
83799
34979
18565
39480
23120
3156
98523
3202
47197
63608
46399
42618
89554
96171
31017
69233
81060
87559
5576
99954
61110
98471
48884
70584
22207
68103
78480
77467
41209
77863
48702
19010
72648
92303
89022
36380
53060
69260
77925
78186
46725
86967
86326
44883
89867
12343
51807
84251
46664
70397
24627
3054
56778
59150
36159
99383
37768
9662
66539
59853
92007
32950
40176
2412
45706
14488
85904
6273
30101
84410
67478
44607
28252
69582
29483
23696
74637
92930
5970
41701
33526
1155
55873
49198
75700
31164
60
89925
2713
64125
25327
39812
85625
1079
1384
75895
18193
36483
44335
47084
74069
86498
87236
41191
85109
25503
73747
34898
16011
21425
24309
17010
78883
40605
41254
26292
84167
28632
66655
21542
57830
98121
29104
7459
98177
79341
36764
16454
9266
5877
46160
37312
77177
55913
33633
75460
36772
39792
29153
94463
4409
56583
7486
35685
55748
83311
791
49606
760
25412
73436
15200
1380
44423
75137
36142
87795
61373
66142
77182
30527
30352
17414
34945
44628
47827
71970
10075
9885
14467
71498
87962
51917
30537
45759
14819
76139
69277
22792
18023
39707
91588
27943
2549
82597
87993
51382
34282
12997
26250
52100
41795
48558
5337
72198
73683
77755
31843
5755
97231
34100
3070
66785
14695
84665
20539
90990
33392
88302
52362
38668
40412
47555
53501
48755
42890
13631
84517
98756
70074
25417
61241
48608
97113
59506
56757
13955
5850
45282
91518
81089
31878
96445
75651
12123
97610
80498
36160
97565
24143
91488
69180
60663
26759
17125
2803
77846
29859
58085
90958
26174
31010
78739
16205
3975
63427
37695
87878
34097
60859
31708
47591
20742
30978
96045
88728
38666
9640
77387
10940
79105
79781
75541
28278
35005
18606
63957
16489
79074
47908
10955
94007
22073
7206
99416
51595
5197
26470
30889
50066
49797
83065
35454
57443
76926
68072
69942
52960
8997
14884
96313
95028
15854
62519
16418
19932
90676
84245
92614
58659
89805
272
51397
1510
4232
5771
37100
74710
5542
10918
25797
21403
39123
17881
98844
21909
95519
64700
55758
22142
43837
79043
16656
66732
65272
9703
25433
78930
89133
67678
12909
56774
91369
4973
37831
64477
80543
76404
58627
84019
28134
22791
31301
11111
82637
95517
69609
84674
17212
73602
74504
28984
61449
74567
98755
79655
54131
62905
21744
82429
86014
4239
27742
12470
83595
76765
43174
13026
13491
68037
94672
32549
56545
96909
30047
33464
53289
61099
92346
71726
4585
16893
50232
76785
46362
91542
95463
63338
39218
91219
60441
20927
57306
73611
36268
5110
59943
62660
14165
4664
32056
74691
73352
70417
13962
66075
62214
43988
78171
36999
67971
59867
75289
81426
15250
10604
28902
8691
23440
72056
2379
87063
81994
18781
57622
17623
45164
75179
6833
30696
72712
4739
29088
36272
26622
19002
78423
53558
83310
63390
64918
98835
24887
14224
59266
40197
37707
44335
12288
68227
92625
90901
79569
25386
19190
93243
59301
30037
91442
36888
48861
57547
90387
11942
38817
57523
83624
44389
90394
99874
64843
43641
67278
63573
74507
23983
13014
25274
51093
1853
26877
30952
28159
40967
7895
77136
39890
83165
38075
11115
42545
37922
89279
75058
21290
99623
50767
81901
83991
60566
45481
31107
38193
40043
66264
29648
78483
7132
57898
46901
69638
44890
31984
617
66830
3439
72082
67884
65520
97991
8749
77820
7998
28268
59883
95489
24417
67561
20157
36452
49186
46352
44886
28829
99605
25431
88583
92712
51234
62492
8210
64121
43985
33226
93902
26631
47857
79284
52567
94500
58086
50878
89198
4205
59149
30907
756
81212
48172
44144
82015
44187
53659
81399
29110
92499
38249
26720
7951
46114
41485
8979
57859
17931
15338
38897
29738
10631
74429
37016
93144
1434
82918
15876
30739
52033
31537
1458
84016
23943
80480
99008
76233
62166
88631
41201
7774
34282
12835
54540
1925
26177
12616
86628
87631
97711
11781
25427
11096
76942
89702
90399
15530
64115
7238
16414
78703
64284
96991
6038
63633
86661
50352
6077
80113
32377
42057
94815
70784
68230
96566
20606
38780
7625
87558
12148
83914
37481
59415
62835
46157
94048
72607
35310
20769
66547
39865
56081
48439
65250
5771
40906
40333
89659
11408
49771
15368
94793
22150
96199
24561
97290
58070
82778
56393
9215
27100
81766
10698
81916
52018
9559
94556
9023
13533
81928
57681
36957
8627
13407
29630
74456
12904
35731
50678
55501
40372
47022
29924
47817
95202
45549
66212
29276
59735
8676
18335
2342
87197
26718
58434
11117
19180
64739
38650
36753
28052
44210
92622
59414
60681
78957
42520
59873
58219
64052
20289
18238
68464
67178
37816
81598
1553
75060
78991
23358
55534
54400
96563
93378
93342
97794
46182
69728
52952
67289
24058
43865
66871
44816
44395
76195
65933
56416
87866
55905
48807
4658
24898
7892
29657
45699
1177
80746
20454
73889
32997
98229
60973
41682
65912
61815
77587
38995
35209
23993
49322
99934
54704
85563
12891
59077
40606
2597
81749
5978
14199
67836
7761
44753
17421
97297
74529
13981
70330
99923
60245
37527
7161
5381
86058
33790
88706
53898
50864
55672
46816
19388
8214
41910
59025
71772
25428
88885
20922
96035
15092
51745
97059
12119
31005
50388
44630
7866
31806
43100
96784
72348
50260
36251
83777
80401
58616
46344
47654
64766
17832
20818
87840
35372
33840
24741
76080
88062
87893
95749
27186
21215
15134
98711
51891
55701
90271
9504
46193
30547
90211
81668
24461
93066
54261
11760
80655
41150
59691
69460
50615
61623
63504
61384
33211
57070
71564
36687
10946
93064
86291
96473
9627
87839
46951
46466
91611
93083
93226
78712
10609
18271
38692
60442
51944
35136
73037
41947
53945
16785
82007
93990
83657
26233
31451
62620
34438
44070
83487
81208
48378
37947
56577
97876
1674
51685
95683
61540
85133
57003
58931
19040
80812
62787
48981
58336
56595
56930
84879
33856
9649
54475
86033
30850
70577
74921
6495
56210
79477
30616
44188
67749
31980
98877
32020
32507
94513
68085
17190
32003
11520
30379
50445
15293
98420
93924
30986
67899
56994
9652
4144
82881
98380
7923
44523
36332
44227
94122
5325
8207
51484
92103
69527
3704
17997
42225
6592
80561
12965
94325
2821
46114
94949
77406
86285
39091
32255
43107
95928
53007
51721
66779
48772
45701
69758
54508
66427
63208
95378
88032
73500
5206
86127
44856
38564
71542
80144
73819
16601
58202
9338
62663
92563
18628
39090
75913
29159
26341
29151
14855
45137
77089
16573
57498
91294
79438
28283
41401
13044
48635
64210
78288
55774
11404
74946
71952
12055
58052
70826
71903
89298
63164
7652
82160
33124
93999
91355
85230
69903
14744
96201
73458
81067
87091
25298
87477
2451
76320
46967
31391
89770
98919
91095
95613
89160
71061
7528
89872
93124
81316
686
33058
22304
48376
31254
13012
2636
78982
4658
13427
68568
13967
76369
3050
11257
18922
96058
10800
10999
82816
33381
22946
48337
74609
81078
39851
52973
14548
86775
37439
4640
57243
41841
5607
19318
89365
17286
71575
12991
1197
98254
23836
94486
66671
86347
48273
74511
25931
63307
9360
54237
79666
20763
57413
82877
56093
72931
17502
25250
11694
84865
70975
23230
27342
47557
50451
18281
96021
10759
36828
62449
82632
14176
71755
23487
95036
29547
13867
43682
10616
38905
39768
99450
48281
9643
96685
65410
44112
58384
13051
12507
28710
25148
36469
62706
11583
13857
40328
45005
99900
81964
89417
14935
2618
74654
62214
30309
70841
75109
93918
83364
97623
67831
2188
86881
77914
52779
8127
80821
89836
5940
88741
36811
30528
99066
42309
97776
71572
57558
70156
42901
55087
88906
23200
47844
46825
15004
76272
41949
36458
59213
10956
86091
42666
38553
27633
90792
95672
23309
18076
97481
43510
82016
83552
10663
21314
47376
63731
22700
82447
68955
89443
91703
45393
12118
14533
59243
92888
55852
30958
51610
65748
19703
99194
59657
15447
38932
72714
56769
20952
77158
38027
53714
32659
45866
24273
87427
14029
41810
45955
48346
15094
13633
60239
6052
5127
36386
53374
76290
80171
63429
56802
42641
61402
87606
99500
13076
53088
64891
96379
55232
6237
80427
14095
16388
7909
58182
54011
17811
70888
80084
86200
48655
76139
10814
71766
88499
49973
53923
81165
23036
87238
120
47378
93206
57601
10080
98502
75423
20267
43811
78696
60250
55148
31022
43499
51571
87570
63463
52674
94474
40148
46762
87351
51165
92852
9893
49755
27766
34014
63501
5015
7694
7917
32283
39010
34332
8173
13895
61195
31551
39867
59743
88918
79139
92264
65412
67172
87443
16988
67841
29610
39164
29208
23944
52132
22234
55828
92555
84098
53314
33222
92916
71488
51050
84132
89954
78836
12600
49249
85888
25921
37862
63027
7812
11944
40079
10198
37601
13022
71033
10313
92553
20792
10687
24981
51458
83522
30905
71982
24035
22288
49642
9811
82828
96556
34342
6511
38528
43182
18782
78242
8416
92842
40489
60665
21508
22178
63217
19385
19704
15324
31672
94460
90162
76399
6341
68818
63916
25687
58414
26280
13602
46568
96067
31974
77577
42591
55573
51634
67753
7795
37473
90963
44473
40202
57181
21680
25398
52265
26270
56886
9343
99236
60291
95224
49008
20243
96770
23985
52121
45733
84461
21061
24187
64046
31649
58149
61022
65980
88939
56241
90802
19336
82806
36952
63360
1383
76053
19804
44363
41920
58889
16144
38505
10616
89776
63971
15128
97705
9004
36054
30271
5041
4651
38569
89346
35238
27351
45844
64769
77192
85404
29969
46190
53327
51377
98359
48713
20675
19941
90912
42041
77867
68008
19404
58409
27325
27635
46463
84157
82932
42900
34918
60208
53183
73754
50263
48556
30037
54426
90390
6948
7943
92732
32084
42481
53230
63141
19729
28839
84324
43969
26146
10132
68590
91948
7310
7605
46646
57022
39442
76116
17944
30129
74981
50657
64242
12848
98389
38892
36574
38014
70032
1501
70684
67615
59711
71248
77992
84935
12301
58608
66764
98717
42789
74319
75598
99980
9529
90655
41609
37254
91231
63824
16665
99509
57238
78918
77488
25920
89734
21398
17638
43446
22821
81662
61677
56314
14518
64702
76002
11147
25548
21751
31999
24718
5549
67422
61262
24410
47025
91004
6008
58208
55498
2437
49916
66645
69405
87539
64091
98590
63534
80191
52687
47767
13498
28540
38140
1984
95358
54288
18463
41476
25941
17423
3011
32679
40062
33622
76818
32459
13468
7008
72104
59615
58230
12616
58852
9797
22399
19804
47256
86174
4273
90843
9183
60309
97586
12011
4398
85924
73145
6649
95651
99495
95786
20014
68058
13147
49628
34506
36127
19986
92059
93215
80541
89783
15977
28333
36789
57464
43232
81141
17578
3989
77683
26909
99513
93891
24530
71295
59527
44572
38860
27854
17874
80999
68207
4966
4073
97312
54987
53486
60407
8516
65972
90221
90235
9084
49062
34790
2995
78563
60483
88402
65335
23349
46232
86681
69122
19670
41822
24204
15626
7836
35676
61345
32145
95994
51401
96908
8020
65481
20975
2039
41441
80469
13259
6942
60613
85698
33489
3689
46755
64186
46189
28711
9889
49684
7812
90787
2940
72609
34393
83366
14076
25750
29611
54153
61795
71281
23611
83796
39678
8587
91756
6072
28574
35929
97251
13478
864
68830
60398
67658
28808
48432
70433
73479
80621
26469
62971
16368
44781
89658
48647
50177
45121
67423
13374
84120
7084
28451
13610
73490
92525
15352
76454
61414
15956
53027
25089
48024
13552
3234
3393
10268
4006
4474
8580
34696
56607
37628
38049
3988
4217
84083
55533
64784
65437
26540
68858
4450
88880
60834
6618
77978
8739
34502
96193
4020
86277
20808
32552
3562
54297
21220
77070
26035
84994
26859
46745
9084
14426
1165
89690
48290
39938
32384
43535
86633
35380
62672
77281
32923
69684
49379
97358
43808
55013
93447
63297
65655
5688
24763
22557
28591
82047
61495
50585
48836
8863
9176
21669
66425
47300
28556
47018
79630
83438
50198
19888
29150
54217
71167
2457
9368
50427
91962
23274
91928
9783
92017
54602
58754
91566
55793
79011
40346
31077
79951
21606
32066
79425
4181
42475
40209
57759
24429
16950
47692
39168
13481
7124
24996
15042
66829
9125
12269
11914
42682
92052
20086
11260
19959
18817
32297
98765
88190
68927
84768
69808
3648
61657
29922
45165
32118
99664
46105
10960
37541
61760
75953
88541
17741
17024
29104
92257
96174
36168
96460
62851
30008
21997
16525
49594
82189
27048
40513
76824
13749
34357
27189
30404
62270
38198
83255
20101
55150
68567
6533
21274
50151
58029
3665
23239
33493
50712
19572
63210
36439
70312
4427
19948
48423
13211
16115
87123
66056
73732
97053
14835
44907
7176
57069
30852
77246
40801
19125
23983
63506
18277
13737
70595
18695
25953
15039
33316
67062
41567
1765
29699
33850
92935
65982
25416
67292
95138
38842
39116
63514
4377
27537
6339
43188
15580
1436
11222
46578
84063
91409
79855
64213
82334
51801
58029
71097
23681
39599
53528
64771
62650
10263
26446
61357
60075
38840
80188
42155
90437
66968
82600
20857
77356
40274
83627
45603
75062
59926
98876
20048
146
18750
16487
14252
2181
77289
15901
53489
28367
72438
35525
91665
22220
15902
74736
4931
88247
70285
47242
96071
4297
6431
76621
27000
17919
93460
57615
20141
93113
77455
22459
86475
55231
43441
95485
54411
63198
83980
6199
867
33200
14695
60049
4564
92954
63373
59501
80016
42639
16082
56184
36102
95473
86916
57757
94731
75447
17033
8884
68262
21931
34711
84055
73834
73181
23124
73093
38094
84728
32383
75396
47497
70422
40383
46816
94663
77434
51561
13032
27350
47770
8746
87001
25602
95227
34493
45926
3737
29128
69820
87297
43085
98958
20531
59241
36088
12950
90641
3536
24761
89983
51768
43111
29116
76248
34995
71976
76120
3448
67783
69376
47186
858
36482
65719
88351
81912
71313
77149
28167
90818
37805
83635
32901
59867
95637
61267
50187
41393
97367
32733
55010
50615
99495
34624
36303
58496
82258
5537
88753
67482
45581
77290
6086
93157
77638
85682
65901
82959
69756
92741
37799
39117
15979
11216
57911
42104
6815
38059
16040
13793
51370
96611
16014
21298
47664
48003
46436
35683
29887
70174
4725
81430
4381
20252
55094
36847
69721
50943
85392
49331
75683
83696
78811
56380
50456
58923
38438
99159
8310
33188
60308
93211
73070
52308
93568
66181
10647
80932
26913
66708
84574
81748
43240
73342
86843
35913
49926
557
30432
241
98923
7930
67147
45108
74761
5380
11482
65177
73079
7757
86974
561
15473
71730
72583
2116
42525
52420
67327
57879
71048
13608
7284
23287
61359
11847
72589
36389
5242
50706
3357
6333
65410
14039
81045
70212
62643
97016
71028
97773
13069
70638
14490
22057
3013
7290
80986
78185
29992
36931
64110
2897
6239
44337
28740
93498
34797
19301
69781
69700
23926
75571
42966
90647
6938
84253
7816
13812
41311
58285
42571
60925
84973
17358
66607
57341
60594
16040
91786
31701
23942
41014
49318
5540
48904
23078
61522
31378
35943
82796
13816
33370
41310
23203
95183
60498
63191
20897
73959
37976
52048
182
99073
34842
43130
51841
34849
14882
57022
43791
17948
13661
52698
18193
57547
52550
29801
69497
63170
97107
67265
35664
43866
47419
95350
52887
86442
12579
58748
2456
39765
56036
18665
328
34908
6043
21369
12411
86996
36909
49323
29476
28306
25524
26185
42632
9059
16170
18949
23774
46841
81873
46654
36837
51935
28572
26210
35041
75629
59006
31981
29012
23255
58861
39888
89301
28000
84914
16365
45872
5580
40144
47711
98650
52370
97935
11702
58063
4401
42820
20928
47881
63098
23039
93443
18815
60714
58448
69094
66552
10715
34102
93168
2890
51889
10502
24904
82516
40239
28468
66491
26772
93388
21441
53500
79813
75200
53794
91590
63641
90680
82056
49661
47087
23593
30001
33651
4561
73953
51083
78374
30765
68409
58336
46086
78766
91430
53154
26485
64854
20015
13877
82439
43546
18617
66355
3016
18074
88094
33984
53405
43964
35645
81291
93698
80547
32362
68221
93331
40177
88326
16321
75782
93046
31209
35824
71541
18164
4476
19863
39290
39089
44899
6504
22388
93368
63511
40858
57414
11628
45714
74750
63869
52362
89763
6335
60978
73882
42658
84757
38182
94609
63358
71590
97194
55463
45585
70617
23425
95184
82357
5593
10205
94361
64559
93186
68006
27520
98186
36939
92825
80176
44415
76655
60877
87416
25296
58522
61265
37191
54100
91981
6929
29863
32716
98607
81719
30675
70388
69392
86701
72021
61430
25914
79265
3841
184
55286
94050
91016
35925
50392
3719
54265
57961
14505
43727
91930
77830
35887
37251
35999
68068
63867
54487
34469
8150
35886
73839
93198
37207
97512
17118
45849
92610
37839
50858
93405
11425
47257
93516
10850
17438
77911
26707
31164
59861
86014
65064
26884
50346
23634
66027
16693
67063
66545
37949
29344
77630
43225
18807
15277
86493
1367
90008
29007
78943
80973
46460
37602
54446
45791
41671
94851
76583
31899
90145
18956
72262
32258
37403
33258
66912
79607
58287
52189
3248
56163
67078
2316
92361
89411
72980
29187
30090
69615
98109
86090
51951
97159
18459
77571
5604
67995
31991
81055
33172
23640
53365
94333
48640
37130
59596
21664
90796
14451
46130
76684
76371
29254
75607
65981
15290
46496
3624
76036
40482
44356
42132
35167
79543
52209
96459
2740
76230
82179
89345
63082
1835
64194
71698
1444
84936
7370
72352
80666
26801
99480
84952
20501
88164
34734
77171
44231
27671
85284
38264
97349
68330
20267
21279
42371
32827
38015
96560
32458
27640
51176
361
15096
60655
49997
81950
97140
46241
19030
2875
31148
33301
23964
58405
70509
86120
93135
91103
47518
44290
66691
23625
27610
66597
93656
65570
27784
31647
93093
10286
14232
60894
66401
88338
45596
19523
82541
33788
69985
23823
30049
85728
32073
40506
88914
33917
63335
83746
59228
83679
45974
21344
14194
30333
49717
61207
83135
49890
99299
16326
19864
42025
56499
37597
20096
74529
97964
15564
58295
23344
22016
40406
19008
42004
48647
76548
23246
19397
69559
2902
40938
68534
78434
40277
82147
16282
82220
62884
211
2659
48712
32725
36714
89637
41518
44632
13594
82073
30779
8269
23518
70846
58853
251
13895
16474
6456
30617
36452
54143
78002
10857
98125
49576
26616
82373
23436
6818
29459
90929
91497
96232
90251
92560
77745
28294
25630
89939
87426
59007
95836
48876
82965
36938
91618
7617
26921
73047
89778
11323
20680
35536
5579
10238
42936
75898
61674
97555
85696
97115
16317
54529
14484
28149
46879
47035
43648
1008
66806
38450
74861
78518
94053
69579
59027
15736
14509
95436
28411
17390
9511
5647
13230
27100
72663
60185
23808
73776
1198
80292
55923
71367
98462
46009
17642
87887
93498
52089
98379
79687
76042
68378
87983
41923
65544
63343
35561
30092
10522
20480
63216
6788
17164
35001
39275
87879
53065
30270
43736
37837
7766
23356
84601
62412
10027
26203
19484
47162
17103
97904
20742
98288
77807
63886
14619
40650
70170
98012
84876
9258
65532
37922
86077
7293
19285
44573
13106
50485
26005
22098
93014
1206
48887
60447
41863
9932
35831
54477
63041
1145
64657
11778
14341
42029
59736
77171
80518
55534
71439
55606
17777
79447
94183
58741
75990
87164
21590
55198
37847
85867
31632
72728
87307
97518
62021
72209
2224
10029
37399
59922
98219
33233
9814
61748
76221
25059
84217
47051
71428
98771
94523
56864
94730
40565
76016
33693
334
90309
26371
68642
63694
31211
32301
89300
65486
1914
84756
11925
95943
30674
89054
8143
90511
16261
23696
46153
71040
5943
87335
34140
38664
74942
2098
9088
60109
72201
50570
7551
8955
64253
72176
80683
79211
26586
10113
54795
29265
14845
53592
14736
70722
32991
80384
92870
92192
35386
46292
36775
63940
93483
5110
30761
11751
68339
48072
41112
59565
23895
90026
65310
12590
66216
12304
67742
8322
10941
1023
10272
26249
6620
69765
90054
3668
43959
32562
88573
88915
29171
80150
56976
46364
37540
90872
69207
80085
18549
78065
26988
42110
36547
67299
28542
56670
23721
86521
64958
91304
92246
1692
42839
71017
37466
82734
13851
41841
16704
95495
62488
27036
7061
68330
46121
47612
13959
90756
57577
32613
2216
26016
62210
12628
29874
96009
98435
61213
75204
13341
14033
7952
15371
11019
17396
97030
93052
40713
75218
74830
60445
77076
47641
96207
30339
43716
28182
94073
8950
92075
10179
97356
4945
94027
83356
38276
73830
53329
14386
8928
48798
8242
73593
46382
33022
28064
46812
79284
89861
77096
68080
19549
39794
35020
57062
12831
55010
62584
46490
68645
97591
899
58345
89886
50324
73604
18271
68832
55012
25646
73742
15770
50043
7978
79195
66838
58069
51952
73170
67655
97914
11105
71769
37076
11011
68099
77218
40544
72758
9530
4571
19734
38124
56032
72159
45294
64372
35681
81551
31070
30801
33333
52635
96864
58846
2586
2330
78428
55410
54510
52858
62066
35231
20806
45937
96294
62196
88206
2642
95208
93698
86654
40411
35838
78619
88532
77066
26417
37366
45684
53392
593
43887
29273
37022
85958
51724
6198
89884
8980
62395
20302
38265
80106
77750
93868
59612
16743
37609
55328
31544
70569
29098
92343
4927
531
44838
35894
85165
80954
17309
80082
98085
98637
73604
96622
5754
95519
47752
39314
2595
55123
65138
12229
94129
80930
40998
36231
22013
11115
2405
62542
20858
30200
1427
82427
59402
35048
24115
34455
17613
91199
31598
4244
17286
33170
16553
89267
66848
30743
44226
70452
92779
39869
51686
77800
69039
11793
9451
31161
56006
38670
49323
69564
21992
50593
53628
75234
52082
30437
33773
76301
41842
78700
19743
46431
69649
50911
18877
14893
28125
62428
15674
92371
18834
30047
42534
6978
66917
82524
54892
85876
11373
67400
99467
24960
42574
51159
78575
36297
44355
81887
38284
92177
43911
46140
40374
33930
99264
50221
88191
9549
55049
4572
99246
56580
65787
39451
25976
36641
71319
55594
17662
53938
19186
50837
65443
37356
6046
96825
12168
94564
39120
10247
3622
37309
95027
96609
55752
48219
34601
11618
51010
7286
94137
83034
15697
70698
18650
30231
44657
43595
25594
32191
6453
52694
34443
37114
95590
19459
44395
57516
80315
61047
1902
48352
13074
95349
30378
82272
36200
69460
84543
82593
53019
63276
52129
26171
25977
12522
70243
65846
90500
20196
92002
2048
67589
294
51723
36187
87753
19594
17898
21972
27452
84581
4272
84205
88545
15870
57184
61789
12748
38875
60726
56973
82716
56308
82644
10595
3928
23208
93195
30043
43525
71918
11138
88593
15105
13956
62214
19836
94815
3395
51534
98484
60895
45812
28298
58260
67209
59803
30824
41755
31014
44721
60994
81964
85180
48657
55303
86933
13220
21160
37764
54252
41577
62479
88399
25909
87615
80756
93712
22145
40317
61908
83277
30065
86680
42790
65840
78392
79966
75921
83639
90046
41164
95101
26871
18337
24108
81639
73038
72693
95727
43854
58948
21004
63043
93610
5917
74737
64977
89916
77310
94862
18678
46400
23929
22478
60475
73536
87222
94397
91795
37602
42560
75467
47504
96130
13098
44655
32099
65018
37276
94312
78606
41181
54942
79551
71303
65091
43295
2984
9868
19358
15298
14184
74686
47820
8710
33872
79036
42917
22993
73831
15004
61588
15768
40934
90375
84227
31182
67484
92850
67503
43078
82
27413
64026
85830
33737
86634
4031
54634
74463
69156
38496
75762
9713
82058
66491
78634
77274
70382
68379
82356
2778
82478
83243
70067
39442
22278
63781
5014
90091
62543
33801
76864
32950
83320
55305
99856
91118
7264
7105
41778
82010
51117
61508
4737
93902
83021
62929
69975
2929
8166
8100
64562
22554
26524
33929
93637
5459
18175
49868
16856
68896
88557
53708
58557
27033
80971
85294
27345
39058
21404
35693
32906
23419
27867
494
32355
64612
81691
13362
35425
58905
6521
38949
27105
42283
52314
91252
82209
18030
59911
96219
50919
64895
18305
57756
98898
82238
17730
22124
47611
12889
19378
91271
53575
25545
48226
38308
61964
73557
11049
97315
36861
15188
8281
5922
79572
34577
98685
11279
94267
84839
40337
33912
5304
31883
38110
13950
90482
26121
16145
48456
5284
70919
82262
58164
74173
87302
73910
48424
87824
35174
88298
6247
4383
66057
51803
39615
32416
8976
46360
88350
78729
19873
41555
7877
74493
65066
2201
34709
12083
4800
76171
62374
66911
34464
83197
95735
49823
25558
95339
85439
44836
68668
94771
67906
36155
12282
31155
61535
40567
19436
9760
27686
38941
54625
81920
40487
63724
37407
93637
3141
64806
13924
35078
57162
96160
65544
67099
14292
65634
25470
36180
57197
5083
96825
42327
24440
26148
56203
36789
4615
67375
29449
45416
29226
54700
95722
20811
11202
72023
63662
55222
7635
7074
87644
33460
3544
123
56771
28579
63952
94521
69794
37511
82006
4520
27075
33483
28110
36463
25697
4053
59931
92442
14987
11269
622
36809
16097
99466
97881
45492
33915
21537
12130
35897
13161
88939
57971
59620
11733
64489
78286
62266
12901
12470
62077
32833
23900
71554
70631
81199
92768
25831
51199
74382
90486
6090
97815
41545
74345
23215
64978
44534
25738
53657
36598
87104
5170
10557
26208
67087
88514
77505
29042
70422
13643
663
92999
73561
28906
17360
66600
18425
41163
74911
86423
8414
70766
12619
63943
84960
85863
26960
97039
34161
69503
91346
5908
61738
34809
86271
36611
48465
31823
36096
1056
61060
12922
7516
3896
36325
39536
45002
19603
22881
75783
4944
39206
86046
25176
4477
10309
31553
54879
2175
13685
86362
75967
26177
57950
89645
87682
27493
64928
72541
958
52826
12829
26774
39283
59738
68212
75799
37329
42307
91470
50427
66647
12080
3441
86083
84022
36659
93778
86561
23668
5265
46247
91075
31468
55642
3802
19226
78290
55907
39866
62535
4628
35394
8236
40513
55452
13029
28831
84549
54707
81424
72444
30394
14528
26129
32380
65823
51693
19937
74611
75188
51850
94746
12235
77346
89995
27375
14444
77096
40684
59917
47350
98915
66198
23308
75665
32569
53017
43185
59228
23553
25881
79364
19906
18867
71269
58632
30954
65352
8546
27900
66957
43693
45574
84366
84163
75786
85696
31671
43158
4841
40949
80790
99192
51493
41062
46349
38289
72913
2509
5810
24496
75649
94534
30579
65314
47161
65419
37066
16129
66737
66647
53304
69764
65665
96652
53985
39860
27695
87535
63971
72606
98386
87921
66548
85988
6529
86473
3256
22703
47869
2589
93884
25567
69368
3744
80434
22402
11105
95125
39337
99683
46190
99825
66247
10490
33668
9951
14758
92674
49957
8989
55785
83111
40822
60067
37306
57950
74060
30660
27617
82351
25779
84621
51362
28845
29467
44554
87060
30886
42943
13768
67258
51605
97491
92981
85184
79925
59849
38851
46547
66672
62944
80012
40989
27382
88778
50736
71195
59145
86457
76153
73981
13781
35237
81759
64506
11741
43132
17608
73166
68720
3910
30023
5841
89691
82964
98405
18932
36408
58149
90717
5978
51748
74197
86625
6897
61038
17666
62267
1741
87786
62747
40782
9407
96870
97736
73562
27479
91732
22065
37085
31635
65286
28620
37143
83202
82456
55717
47847
3289
13735
71948
7729
57681
74784
10646
7361
64380
44979
6001
65640
99330
11813
66057
29093
90652
93285
23823
24032
69324
9686
80236
18767
92151
32171
39170
87483
71008
25426
60379
33213
43235
65767
97777
3266
8874
61417
37433
84622
35439
70857
9420
81949
49679
8638
23028
57796
63143
85270
45423
29781
53326
91047
5635
4737
70543
31364
9183
61656
65409
83563
68617
65037
17028
65659
87177
55413
67130
1282
76209
92909
61728
25684
90119
21851
67336
27481
38257
95277
12885
58205
78972
98110
23281
46827
521
23159
48334
42803
35925
70354
61335
72488
62339
79449
98483
56263
82984
86829
17846
36561
10034
74659
28643
44953
23414
85225
4289
61401
88948
42566
23801
52415
26602
31423
3914
19749
97426
23061
16777
51102
73048
16204
21752
7724
18973
6567
12193
26223
28097
7407
10416
1176
55056
22002
77642
72187
55948
2440
44558
38147
59858
22705
53415
97119
6252
59803
50091
21146
43666
71231
18387
49865
91550
874
58518
23549
7947
54682
39652
98872
75977
88574
60349
21660
544
46272
15916
7007
41021
81119
59299
55291
31422
13460
99508
44450
68886
12630
81001
60174
94302
93305
22144
83414
35929
30577
73607
76221
9377
74101
40080
66949
77395
67679
12913
97601
66644
6000
18042
26919
11103
49231
17076
19716
53452
90322
15923
83722
97470
56597
81367
31077
8201
27911
6885
18699
70205
99525
11933
87889
25716
67614
38487
38234
16084
36853
90015
11050
48738
40901
23114
95737
76516
85439
20052
96804
39312
10958
70296
94141
23862
3580
20331
12898
36198
74061
16725
58379
57504
713
43725
1917
64663
96952
63056
77948
20640
25477
94845
35645
92093
17189
71024
98553
59424
78481
42521
78429
82142
77262
69176
23038
11122
70446
71960
21579
26827
18896
91973
82203
43956
87618
71083
68196
16925
56006
67980
45709
25323
85363
36222
70908
24185
73202
21631
43209
57769
73801
33717
46196
53195
71541
39527
37138
6568
41424
2481
12866
93323
5842
33704
96861
76173
24851
555
52460
70652
36270
85505
60084
9000
18594
94357
43564
15434
47442
43915
24815
8017
34764
37438
20781
76937
70311
93975
19484
40106
31461
57260
52075
63611
54200
63954
30487
23041
42561
72609
59223
88008
77267
98019
12402
81100
9974
4440
68625
63012
88680
40841
5806
61516
21918
74054
71915
2734
1416
72574
99136
60620
3090
85563
16428
91565
84550
37816
19276
82018
45199
38880
66154
51123
11097
41221
37101
11114
16596
48921
10190
37660
32119
40428
57163
12495
52258
41218
47188
2349
7675
48176
83138
35876
67930
61299
18951
311
91808
80078
71457
38820
24034
98206
82761
37490
88196
90875
82280
27127
45664
67629
69320
55460
75877
57128
51656
52238
82204
27910
30666
33210
73990
75616
52070
23172
74402
76137
42946
55979
27883
93894
7033
95260
25917
64077
7927
48378
31800
33466
89607
1287
24029
27528
53379
8850
85141
6834
65419
44093
48561
12582
32914
41961
60972
71810
72337
85280
12781
44943
83550
38911
50217
59414
60408
66814
22021
54403
77177
48446
26457
18549
3374
24430
23279
75710
23395
8121
18667
84638
49783
24655
485
72758
65551
68366
14609
74251
26759
46318
24704
34554
85410
27078
41567
53490
20418
48350
36605
49170
92435
9330
98763
62304
92674
18591
56412
52035
57484
33101
64715
1886
46033
42137
25915
66154
94375
5854
88121
61230
7178
74656
11774
88510
67313
13428
64850
46765
20668
527
73866
86767
57865
99018
15794
51024
84486
2191
82885
19595
39457
58850
64729
2344
83004
2671
16184
37718
9724
95116
19720
17760
45504
38474
66860
38638
61166
15326
91108
81595
67273
53414
72112
9967
30911
73306
10354
24728
91647
13233
85264
54826
32679
44365
64697
17520
37724
22980
92383
79949
11891
41644
73506
65108
21228
24833
53550
49088
21598
19798
93371
16657
47725
98071
37778
68804
48600
80342
40271
82733
22799
15994
52353
18963
28162
28000
36015
21225
11605
72749
37205
55621
10000
17265
1675
50494
41970
60313
40999
30855
98949
22770
29977
17794
62700
60757
43252
87587
81625
67251
56269
32866
97916
65726
37691
92924
10614
51313
58623
72359
86028
7005
21245
71888
72406
82
22696
67699
33207
31654
21531
35926
50183
16677
12036
95427
20747
83349
51707
25280
166
16196
5776
62636
51465
42384
35235
42584
84263
75155
89997
71391
93476
22793
51132
84099
21387
65696
84315
5126
51965
7963
99983
56515
29543
57603
43998
77511
90509
35434
5739
98126
2083
84413
96252
88638
71963
24133
85117
12890
96504
55002
80061
8836
769
69381
46709
16403
48529
36976
77129
8428
24171
26445
14855
89440
84426
48096
30125
56098
32183
99913
30439
28355
30836
20850
90677
60620
43637
95281
80235
70615
6862
10426
37363
58251
75143
86533
21805
97586
39821
44855
85814
85048
75138
83472
49446
52770
63700
81264
37715
56873
86507
22982
60020
57010
26844
5015
31744
11083
95547
30471
66452
90403
4717
70152
75763
44871
13371
27132
63239
79125
52258
87912
17958
25214
83720
21879
7505
67613
98537
18791
60822
82287
24751
37621
84533
97326
84928
62432
81855
57646
99985
60476
78202
58642
54105
25718
12385
26060
35488
40575
93288
17520
38518
99223
8926
48499
42176
70775
44267
44997
77452
95642
6137
57544
25414
51465
36494
37772
10596
51362
91831
52841
29276
83428
18657
69688
19989
99098
95137
12815
41562
95233
15924
24375
53963
95640
4320
32235
61710
67107
12953
34126
28451
25980
12063
21257
11925
26423
42885
34689
66060
28015
83533
86673
94559
88466
8014
56265
39846
13254
48791
72259
34958
88727
62862
62525
42534
52575
82001
65496
81846
97040
84894
28556
62672
68481
26446
49766
13278
88082
88123
3647
64155
97501
95779
18362
42974
41179
9029
28569
25776
29488
50632
18364
55807
33749
23386
26264
59691
92032
69942
19536
7229
84498
83231
66451
25144
76509
81001
7890
56743
90383
77015
51355
21174
61503
78782
46390
55069
3475
38921
31196
46519
38668
24662
1903
1105
17231
57629
69499
88701
32624
5521
60135
99206
99517
39295
5111
54206
25924
57108
71713
81620
50338
35707
8169
23009
17097
82691
22204
15073
91341
72990
59718
5407
50060
49030
88624
34888
13048
59035
67065
92098
83650
70536
74512
78486
64708
15395
54987
17224
74922
35730
74023
85063
15998
34635
62781
64672
54192
12884
53149
99629
38110
36489
27786
63627
52293
63772
18418
3273
39140
51223
71144
92956
35753
36829
9343
33519
46939
32046
73509
89560
87044
53161
19897
5318
88120
65836
68587
6902
18566
63031
16367
4805
44666
88206
42942
79552
88268
77309
72841
74167
17225
17686
22842
56752
93755
36693
56041
21719
98072
94309
18391
89715
51620
4412
30603
87956
95204
22113
19527
20617
8129
63950
94630
26158
51508
6768
244
91490
53140
5963
52553
96310
75033
14939
22404
19394
26188
43893
45249
60050
97261
89868
91574
26909
83744
90799
37520
22230
2101
85295
59236
32091
18419
75647
55828
9771
81409
21492
86497
49205
53425
43052
32296
50283
69385
85803
54586
48533
71470
14048
57787
8450
42319
4454
44535
53882
90859
29638
37084
76782
22945
77978
30744
55985
52146
49868
56304
72704
20277
44061
31225
5212
42007
48418
60375
53433
86380
90729
21712
3886
58902
99161
26572
26285
9937
39831
41516
48493
33337
24485
13987
91010
51289
79077
24885
78159
16337
30171
34987
45361
19555
28400
39312
7676
14266
32947
15564
71236
25943
35482
84730
10706
41017
57990
73223
5270
46728
16420
82250
51483
84383
48432
41754
78358
29172
82740
52913
13752
61508
75342
67867
15971
352
82320
3098
83897
10926
43393
61338
84464
32670
20641
28300
99554
4266
40553
66465
91777
80072
29425
33541
328
2159
69707
16981
21740
13252
88364
83230
42097
77632
71275
11380
29689
68415
56418
92363
9047
67560
29618
22934
30082
76436
69219
13754
13957
72829
15656
17101
18323
94372
89601
87632
82776
68543
8570
7431
97258
50941
37745
53265
87966
66711
13365
71528
24407
25174
68393
27543
65498
3515
95784
45395
77821
30254
59747
41623
25853
61830
58086
29376
24431
41585
50232
62145
22958
3618
85569
13668
90035
66197
10374
96414
79651
68383
13840
16654
70242
24214
20970
30834
38341
57498
46537
74437
16965
46944
53830
87577
42832
54489
95175
17837
55865
84451
508
43147
52591
50571
19332
11841
52812
8126
53296
58585
16900
65899
26783
42967
13021
93014
38889
74991
1501
46235
53624
18305
44223
83997
12815
95090
53984
61387
29390
68008
49462
75885
32526
2497
82047
18097
97479
62833
25847
58316
18162
31702
68516
43247
32680
5753
5100
47272
83145
60964
38150
2482
33848
65146
12750
9018
8931
6936
32945
87310
54881
27974
98216
67300
70933
94809
89218
24005
62479
98792
66874
82740
83793
9513
79816
89951
75246
50504
5587
72385
84302
27811
69956
68817
63823
66917
14966
87946
58246
24477
48745
33048
80867
43770
85621
24156
10770
8549
40956
51068
23454
77915
38584
13450
67696
9414
7860
57007
72245
9719
51543
97524
34813
22274
20634
39981
6048
25973
91931
55747
15387
85654
81002
17340
83576
42041
83905
33960
36204
96763
34192
51243
50233
51197
58998
36482
90388
34816
33836
58612
78593
85178
65883
16727
18650
86163
71982
59099
37198
64543
62050
15159
73735
89015
12121
52014
99620
5558
19630
37853
10980
49357
451
11172
54980
77315
43959
44143
45024
36237
72403
61504
59926
59398
3555
73659
67240
19755
52322
27854
56927
51605
76334
54394
11021
18196
23834
71874
13323
16133
21442
25711
68001
90288
50169
69853
10788
85952
76031
97286
87129
96575
19823
85513
98328
29038
32532
26103
34475
95710
35675
7034
96982
8878
89219
60194
3921
14337
50609
83180
34545
86619
35168
49169
72517
50904
27574
42857
6907
21961
32818
64539
13282
96876
21058
24418
59467
47366
54960
4925
98025
47104
7932
63731
94487
72316
77957
80640
75480
14354
41185
99585
39642
11243
2829
67352
15252
21017
54430
18845
6350
52433
10869
20577
8960
57222
55536
27071
59187
8803
10302
3714
47011
28005
56331
21485
134
20147
8377
36171
76934
20794
93327
82196
84682
23273
78187
28760
28211
39654
55412
78987
7426
74732
23467
27021
1687
10946
92831
68021
75156
75224
89695
81145
97887
26144
13354
11804
64999
72775
96386
27509
84126
55791
60223
81560
79909
36426
37024
324
1477
79893
84925
19496
7641
67311
59416
66706
34282
15604
17937
62038
23378
56922
95833
10359
25601
50023
89342
95925
80510
55437
72453
77331
62917
42820
33877
34723
23887
77250
93136
32625
51631
42553
70141
49897
6137
61613
86784
46118
94365
66448
57292
13432
47057
24636
63119
4592
59436
37293
24939
82283
46095
36504
85220
34265
32830
9036
47317
64201
47948
33956
23517
23219
93045
93029
90071
92513
39300
71226
46568
85786
94773
64906
10866
31277
3029
56115
27109
60887
61445
64613
50484
1650
91870
28541
28229
94266
83342
48124
90274
81084
49248
47172
15629
50717
60794
56047
85329
59588
73152
7531
42259
58725
61174
20374
66759
77547
29730
13746
34111
94529
33072
2693
47006
96222
94415
77583
73067
35275
19224
54665
39905
26545
56143
82551
43971
35908
20099
4489
22157
29734
45263
40020
23110
71545
72483
39719
21873
11973
92604
74957
1954
73314
24495
85375
83341
62595
62054
2595
40091
63
27713
15237
39574
46397
12990
14480
32260
95643
9139
71560
87152
36603
98039
22983
73987
89835
55648
53875
17778
8175
45640
75449
69969
46317
19337
23912
85669
75989
49703
39500
75575
79787
91085
42117
12805
56883
31855
38819
77618
19991
86638
26208
18014
5944
8699
66875
70000
38926
51475
46604
49967
95454
55880
56137
51088
86967
23968
53524
17770
21193
43222
49854
84677
74659
37407
61821
35985
8935
61767
64037
80499
60396
29178
35398
50522
37583
63454
12513
68528
3640
18461
83880
10540
73732
56641
22929
22212
12372
97592
6903
42751
51921
38743
35982
21769
24507
69403
95297
960
78253
43114
49609
51083
41102
49624
26123
50602
55926
26502
13487
35208
66938
73093
2041
35085
54167
34775
75622
49392
20727
21526
5541
46442
40547
73263
86159
49157
16454
47846
29444
18132
86553
95933
88228
3164
30640
65295
65094
77072
52544
4150
5049
21786
29323
19084
25492
17589
72906
75567
51516
71416
52149
25598
41522
93197
58130
37632
77206
40607
27896
22244
58268
58513
97695
58754
35273
28300
38471
87232
5450
84209
79041
3761
50385
45228
69021
29433
24942
62249
79569
94507
38150
47137
34882
68211
13618
90540
10226
20687
39830
67706
81191
14168
21020
38173
46868
97823
98444
20958
35206
26514
53035
34864
35789
20541
36910
2338
35749
1069
10841
54253
82528
61297
64280
95789
38577
60953
84664
88109
68408
3072
32323
81979
82693
45990
8087
56090
26411
30390
60194
2167
1762
87079
12284
2451
9048
86429
68161
1982
79606
27727
79946
16517
21739
39651
63750
21186
29303
43094
95130
85426
92150
51384
26066
28901
24455
93331
27394
76302
4695
18380
72894
61465
32911
77475
6387
70908
20311
79541
73024
67430
82725
30945
29780
52693
76358
39463
32069
57828
82568
2507
30666
90336
64674
7289
15734
8604
86624
13731
76914
30747
36238
45318
74229
77226
69761
72651
91522
70704
91325
13961
8671
36157
78886
23751
11757
43424
87334
17471
90473
84533
79831
46494
94910
53563
82670
98984
75908
35780
84261
64441
6617
78981
53924
29030
57082
42701
21227
65730
59839
78227
37693
20893
82704
17192
21164
34374
86792
76043
80190
6641
75396
96475
97625
35379
54504
35687
96464
27498
75087
77089
394
98330
6668
76018
3403
66674
8706
68551
14433
82413
7580
54984
12749
28405
34442
27689
74028
95329
48504
31290
86434
26751
68141
26489
12866
98701
87485
33896
83931
75329
52459
73304
79842
83497
50463
97028
57720
82829
55328
74747
32217
70896
22766
81013
27169
32533
19038
52454
51578
39709
18099
66993
48806
58287
51829
6548
17125
81489
89425
10337
44036
24531
68429
88012
41986
97227
78374
33696
8704
44506
76040
58957
81445
38062
54377
28092
20747
50625
34402
931
98473
84862
8715
95251
55966
46595
72082
64046
48983
7714
31992
94711
75069
64418
19784
92002
87006
29187
23765
32970
89526
93695
89423
36065
64794
8363
84737
94466
28160
31453
1898
3490
33358
86791
41333
36453
81150
69345
28760
56365
49803
37349
44678
70222
85084
39540
26737
6908
21065
60854
59584
7462
55790
81407
23912
90652
83339
32748
34346
79371
60405
31213
69705
37897
381
63709
32038
1387
32027
68844
85882
42133
70295
9790
34479
21193
74451
56459
51899
33600
11448
50407
89114
88247
97788
86557
46439
66017
40717
2037
37207
35418
14813
80885
90099
13307
17801
61379
96240
70313
20872
78472
28972
90760
4268
80879
43206
27566
48728
63501
23834
58066
24159
28443
73657
14722
62228
34463
42113
80628
30932
41161
61182
28084
35340
68537
3036
15261
34695
189
77096
43523
13240
1400
7874
92204
87649
11711
44641
88351
3646
20125
27139
58388
89585
68342
37071
34155
5131
69352
32042
50297
27731
62573
53554
5757
32246
96637
89882
59153
33803
82257
3458
27228
13313
45058
77937
41476
71848
1968
79314
26561
24057
26686
13450
70988
56291
14619
74546
40182
3251
90012
27732
54133
2911
47684
13382
25945
37583
68773
69918
57533
9768
31200
8497
23641
44087
44361
59373
7029
17110
56806
9007
4855
5950
41942
60737
43485
20041
34990
3636
68166
63970
8638
74582
55275
2796
20179
87183
12172
36427
38806
83358
92100
77171
57361
45163
87198
15180
7985
42153
4705
41982
51110
14538
57255
90527
26344
90014
63180
4470
17844
56010
96801
61003
72820
64641
99999
49869
49245
11522
95961
15679
87538
49837
83179
70304
22981
56643
5103
50901
84222
14745
57454
23574
25396
9496
46035
21362
7672
59253
2971
71711
24241
7688
75753
99394
76129
20235
37014
35287
93735
58801
75045
90494
59934
13408
373
89090
14595
51212
40239
7815
68116
50962
93311
57711
28147
62670
38464
66441
90697
2137
46672
17368
18024
51874
39427
10107
97257
97799
31475
56670
59892
48209
74900
30044
99038
79370
17862
69454
84557
77372
18532
34325
60887
36999
78201
35296
75336
91134
72242
77754
1761
93086
11630
58964
50462
93932
14066
4714
98832
13514
52026
8405
81769
29046
22730
79149
22199
21248
76290
19960
48839
54309
76784
1523
5227
25772
56191
93019
89078
58269
73485
64825
48451
87929
52634
45224
92182
70714
63804
92388
34650
38215
48784
39249
18986
56244
44906
11941
63179
97844
78606
60883
35734
69948
54968
30773
70996
96854
22677
65813
18881
77022
1780
91320
45011
60029
65015
56935
17748
44863
95459
26172
81995
65043
57175
25957
73402
94879
91322
30456
52800
54909
35885
16980
59997
99733
67231
5135
67734
94648
21375
80961
9327
50807
91180
34668
1909
79358
96073
79591
86590
86993
14860
9669
37095
60833
58133
14215
6781
96746
1436
78907
34648
85932
65347
78094
29665
29477
31819
95765
25813
68391
25186
19348
35873
3291
72985
1450
52205
34193
79604
51257
78453
131
31227
51253
99186
59429
96846
26537
30200
71339
62645
88416
86616
64984
76724
46166
94662
76925
63358
88508
33333
12406
8161
83778
83326
15005
59871
40388
87359
46698
58621
31284
41568
1224
76595
74912
66768
36852
59748
37471
92559
34548
59400
957
24677
69490
3269
84672
62671
55764
93245
41815
63674
6298
15808
3614
77959
59539
26273
60176
13487
51259
45639
95178
77088
59381
24250
632
24358
13921
75485
32126
73541
11515
53019
41989
14369
73168
8537
3520
73153
36445
50507
95802
38664
35270
44739
95549
62307
52207
53893
28545
55425
44699
76822
64784
21788
72926
87602
28594
92374
87905
41404
64698
59326
37330
95632
39596
31826
65381
56053
46377
87679
98508
85230
78041
49699
65102
71599
77043
56308
31015
71565
59820
59225
52059
32622
52057
65142
57912
69024
58307
31045
9863
4837
85863
57343
30126
94956
74086
65211
24294
50971
80752
56653
14324
23528
29672
65424
46311
38503
3188
44766
95373
25662
32771
42459
64273
35924
34363
99250
71669
7368
48030
60279
76552
24637
50040
93772
41892
96851
8680
63807
96326
46513
23208
33168
73387
63198
24475
62769
3780
40592
70707
2118
31830
30395
47899
81323
58704
2219
43367
86805
31466
88013
72663
48017
78710
51015
28002
97256
32614
67752
32420
64004
47642
6042
83686
83372
23555
82676
26503
79147
90169
51852
49156
90671
48502
14058
31369
90830
38733
65399
23828
25410
2794
22676
91106
85
36872
51047
97464
18200
58633
11249
53360
77389
58421
11675
14142
74788
49074
76206
26206
69762
77627
69409
10077
65342
23553
28813
45664
92742
25403
22877
33012
68318
15467
38913
77491
67592
57071
56258
89967
1567
13249
51824
18431
23037
18091
14070
72516
93853
69322
84079
13238
38907
74910
97970
99696
19159
68043
7369
61364
11192
35407
56320
28252
5037
49344
23032
78238
53935
6785
86683
83035
7842
99777
3690
1829
72858
46993
45105
60203
45178
5152
83676
9506
5304
2933
50852
27825
82429
2823
30370
4825
72392
91004
39012
82559
63762
82460
41885
51224
59468
47250
46070
79440
58564
58751
70306
34550
39239
90074
51600
56616
25312
552
75577
24438
28863
12084
58458
49365
64564
78731
44443
66979
13787
87350
84237
33650
61106
55957
97939
45236
56612
98581
80983
17281
44490
58382
32766
87975
93992
98651
62997
80078
14707
44598
95882
37798
53234
23375
93336
62000
65922
14601
54490
35207
99187
20690
29344
95625
2576
3293
30527
63429
20860
48702
23619
99875
92919
22817
50624
31306
62305
2439
29158
25682
44181
65086
7251
35527
26134
78651
69986
47446
83240
27639
68513
39159
59701
77731
82848
38647
66832
47210
86853
83425
6678
7650
65821
40105
44816
9197
82413
43061
47989
6130
55622
80424
26765
75284
50743
58668
19120
81932
10300
43354
48620
65255
16693
68713
89702
350
66961
63986
40696
91790
2697
59516
64856
9460
69641
91880
11225
53319
73321
29115
66442
54225
80058
51779
509
70347
9083
3432
74179
82516
83755
27953
33170
43726
53817
5872
68584
95126
59640
12459
1449
84158
52878
34344
88388
73896
88972
59572
4885
15041
44311
94800
61731
89591
9700
51544
85737
98873
28835
36241
2610
30986
47826
68047
47709
24801
39731
28800
55809
36448
1240
70137
70025
54926
29658
14458
63328
15763
62312
31040
16552
92304
44637
74504
60324
65817
67274
80539
35030
47632
41427
8954
57891
64383
44918
77863
24498
31826
17605
46157
60787
94318
95029
72846
58652
26386
7247
55335
1007
15945
2147
88641
35703
18536
93213
82615
61777
16810
50736
17631
34120
85094
88366
21783
28120
60521
83162
26798
99796
67350
19284
70860
35108
59511
77971
58878
9510
66750
83314
26626
75220
52604
51681
41931
79462
28669
34332
69138
33358
47486
46776
75033
91746
52717
49081
4637
86103
39708
75618
90712
39080
57665
37636
89551
57846
75180
81591
69567
75017
46725
73894
21471
89845
67074
72772
72946
51448
6659
94813
98539
88799
99946
60040
92509
33257
15034
54712
11550
26307
84651
26866
19416
50514
80582
75033
24332
57679
31235
14052
14403
72780
91197
68945
46034
33173
84239
54066
70473
59794
21742
57382
35160
7464
4258
16227
46910
15872
39265
53583
17200
92159
58730
63534
94883
55540
1915
24246
53718
15505
18000
15966
36862
49457
49593
6709
83919
99159
2198
79247
56772
28599
60657
37369
29836
84814
92152
7950
69809
64043
33718
64514
42854
39281
44333
28571
42124
15029
48019
92768
93153
32802
57094
55658
73702
35644
79596
94263
93643
28097
89259
35613
41657
70443
97666
55515
2395
8819
42498
52843
76682
59184
68557
14516
2644
7292
6601
19452
14440
12535
17857
77787
20289
98725
57017
28971
2381
11570
80363
61339
62744
28662
81027
13602
99834
35988
46067
99632
21593
16732
40628
59840
55132
33136
51578
97034
26446
43908
84786
39190
11211
9470
16667
33643
39690
41181
84318
47589
45479
76375
22731
27620
80492
4922
1169
64865
6427
57331
80218
33308
15515
77805
18497
54864
52092
68850
6481
14568
39560
70317
37947
74923
39241
24687
94547
37107
63377
7472
21096
2972
65129
99278
16350
37911
47098
62833
33226
18590
34130
52111
4457
56994
95763
89066
59645
36704
14398
66423
36965
92786
759
15195
1912
7553
73941
18670
88414
83513
8776
14433
23627
82325
98087
54203
2745
92537
19766
7231
50689
70846
39345
70410
78069
18023
12119
98936
86877
53939
97525
85542
93324
11724
95245
8242
18814
30716
62180
53086
39952
27871
67237
26260
28
43827
95285
54531
1648
61963
97140
67368
61642
83108
91724
87944
34322
7599
39226
42009
25428
13933
62294
71520
94040
75769
89760
7765
76000
798
8617
36708
45853
22249
4411
69132
89038
43898
87558
89546
70679
49492
4104
78352
97210
21108
78232
54638
92020
70238
6320
85330
72758
47474
37844
39500
80702
98846
8003
55082
86706
96301
38297
97635
2297
18269
80254
8111
27030
40078
37615
89939
81826
18039
84167
76667
49156
70162
17897
27839
91951
36663
97357
87720
72760
70887
72581
7660
62515
64863
15370
44724
43625
42828
42728
9183
99960
13021
4675
26240
94119
82420
20068
17027
76676
83223
57604
66061
31165
21635
98259
59040
76791
83616
74053
17757
63886
20143
35035
90468
26825
66879
95081
90648
67065
80127
49385
74782
11374
78351
90780
65923
19574
25775
2168
93597
60467
21497
36242
66698
7512
86826
8041
45109
63200
68059
3917
19415
82634
98798
71882
73657
55605
88836
13493
57304
24116
76523
94833
99233
94222
31669
31198
21564
82678
32484
70848
9414
85569
42689
56839
81846
96361
18475
24224
71393
22781
71949
94839
3640
90018
50760
61159
16527
26187
86128
62336
84825
9712
87283
86676
2639
74414
75667
88350
14607
71003
97845
76815
53889
93924
12178
85559
33365
56805
88619
62636
33800
89828
3161
32793
71238
20682
26754
59110
17737
83359
86728
71904
64607
98689
60379
1830
55273
8608
95919
22255
99712
1434
80456
74010
54227
48910
86545
57396
47435
83231
25005
81056
36399
43335
59813
62566
25219
22293
42911
42235
26667
28421
78576
84808
59950
10682
35240
24570
53238
26522
9131
15941
20627
82246
55328
43413
40735
56980
17091
88595
74492
32492
73045
15025
49754
66747
97907
86066
18229
15703
85892
92025
34618
65136
31979
69868
73322
11439
72541
19012
33304
38222
3884
58516
99084
88883
22818
46804
35850
31563
81289
73065
28588
43935
47143
80626
13964
98325
29672
52722
22142
12677
6355
91253
60634
77110
42878
25504
27863
59669
9694
45146
44883
84721
81078
22065
20559
95254
7632
13930
70327
28485
51306
33545
8128
24940
25800
11865
67850
42887
43464
3928
79908
39922
11794
46594
68110
13001
76525
59737
97402
8543
49263
38222
75660
57335
72397
63502
22241
87907
77168
6796
4907
23671
4905
9607
56154
27432
17851
30423
39191
55942
52470
7706
48746
67859
45828
8341
8731
3167
82972
41449
45045
36386
71189
51828
54470
40212
22004
54849
59620
66541
4646
72077
95498
80596
24361
33111
30943
59078
23428
82723
95703
25670
83223
29162
76531
80283
50510
79970
31780
51434
47567
97446
83245
46480
12530
29730
89606
72572
15440
71165
77181
61992
80500
19714
83959
41778
37775
4013
36276
18171
33352
62191
38832
58107
41968
94942
49413
46878
626
41149
2542
72767
58537
93347
22311
81600
36429
88554
720
19651
4453
6902
21232
58792
54112
85855
95926
91780
48383
8349
94715
61306
5002
62352
92867
25592
37186
57001
41795
58641
84534
97081
53372
58898
33488
64052
5797
89412
52231
2208
18855
10525
9847
98976
58721
31426
42029
42104
13292
66269
89916
16444
62329
63927
27566
33369
51351
56787
47284
68608
88497
76839
58878
41290
43859
71607
22726
93453
5421
53552
94022
42426
81968
2878
42282
98383
72789
72586
44512
5472
24797
26931
19020
57885
55603
79079
31064
34815
89870
35231
60777
25077
71858
95829
15244
90022
4598
13026
24335
74530
82721
59224
11949
53738
63982
47353
46369
42872
62414
98643
17884
94635
47500
51608
1009
93075
83307
56318
66509
12022
32364
39471
96228
34973
2092
74126
38950
50207
20874
27367
28913
57063
61190
89873
9376
72004
66629
27908
30017
49229
18801
98065
18725
68655
10014
57602
16336
96148
27047
24238
48080
97586
83830
46457
9162
88749
10690
73670
79759
44586
36435
57658
37678
88305
97857
58383
60132
89949
93882
54577
37198
73924
24099
75288
87519
95646
92150
54659
93101
83508
41225
33165
31845
71046
18415
21775
29663
23256
53432
87474
78252
15674
27988
37679
79435
92211
16277
38533
508
2729
56465
30357
51244
87696
41318
51997
38734
40397
8089
51248
76619
68197
68983
32527
40144
80199
82972
7750
21542
69234
26450
89925
7903
72420
50737
71609
17260
43521
6277
78151
54188
14972
26253
3204
10750
75109
44832
65748
37527
27215
27722
3101
10575
80028
63092
839
73462
65864
23297
82034
53957
92783
75540
10068
89166
83004
56527
48878
72277
60271
66871
12521
66520
11497
86163
92146
57898
27927
25715
73168
19357
41849
28942
84222
18749
27886
803
16041
33370
1118
74881
64999
94590
87107
20418
45778
82781
59381
44658
44832
67977
43985
48621
12320
18885
42341
80870
34995
93714
47098
3077
86981
12581
57695
35272
32871
32921
58606
25674
11146
67553
33981
76352
63033
66230
60131
68448
13491
40622
55268
90973
25796
7982
38299
59309
95328
37942
33092
44779
22747
87770
5859
10232
50312
67474
33780
33501
54603
6887
59920
97803
82813
56717
93624
82020
9692
24912
68609
45202
75308
70375
4925
73140
56302
45414
33378
32570
58204
50383
62361
67302
57470
94824
86853
21458
26572
57415
53389
96784
47456
72874
76328
71052
25494
11012
83684
62510
62884
83218
33651
16380
1648
55851
42675
74204
57875
63701
23353
76183
86504
65269
50105
98906
47824
36574
82260
53589
26629
72043
52702
83974
86073
69607
69034
62320
61898
88201
55445
20868
79780
40670
20972
90082
9396
56543
46875
67865
57413
50881
58611
87114
37592
21995
92951
96363
91588
14273
16996
39015
37096
60543
90074
29954
13513
12770
72459
29563
84557
88641
51774
82282
47762
73753
98784
94088
53835
50245
97321
78254
50648
38156
69350
91478
99906
27477
43080
90526
66896
99029
51273
42699
2248
70697
36150
63145
19045
53471
25629
45649
81137
90255
65524
81027
80512
34919
80547
20915
45130
34787
24400
8864
8034
60892
83974
71391
74167
62743
21536
27894
90342
36606
89879
50597
19642
3468
90150
44831
12930
79106
54870
60821
63309
58423
15851
86452
82724
78508
59818
25861
69539
56476
20741
44082
91926
53042
65925
31209
83789
60502
38611
18360
51100
15456
87171
34808
62321
14285
33341
19303
68946
67630
62185
61005
68658
14109
24534
44416
12656
73643
13607
11075
51533
66837
95548
68937
69032
80373
14552
85240
5335
70357
15956
38504
95556
12766
26079
71882
43649
62574
75984
55013
29322
53416
28458
51196
31574
9606
77514
59660
35321
35241
83376
15441
53337
69585
91432
12392
1451
39816
68052
35791
44522
42168
83064
42953
73491
72925
76481
90686
41439
73397
72274
43711
61054
11924
11661
14566
23405
11572
82651
22555
67859
19978
88056
37652
15390
14132
42046
92500
63797
48558
68556
19860
66873
15299
40882
45760
31005
29409
92988
55192
86719
83813
65241
25174
41922
88662
56102
47599
18185
75342
83772
13266
17426
24018
49299
65102
52461
30274
12337
3345
22552
64684
31188
48042
90264
11547
18039
95376
99574
26381
24804
25884
6131
81219
30454
88176
81546
63313
80330
23771
21984
79349
85410
82997
13162
49476
83349
86916
21500
56576
26775
49122
27049
99430
57024
28437
64828
62883
59611
34110
1042
32775
85133
59853
98161
61010
16992
58673
53897
94634
10668
62190
13350
47055
1121
45351
45135
50630
19603
96443
97982
79121
31137
56491
62684
8159
84612
50073
98393
46656
59441
87661
77668
7025
96172
67505
62989
78102
23689
53532
34037
13093
58815
43020
81966
96287
94252
95724
97365
68986
87679
43285
38440
63961
58630
19601
93733
9437
50804
16731
18337
51828
25006
2657
25538
21584
77299
11723
47930
99539
50630
85014
77120
79814
12377
80697
58284
45257
95128
6217
22415
48100
12943
76696
18797
30748
13208
35960
75960
48226
41093
23933
99114
74693
67590
81568
34783
36200
27096
30943
66636
81774
71467
14434
68928
76913
36750
40153
77845
44114
8792
50466
42771
37258
82421
69318
26178
56543
8172
25923
55049
34355
16554
88228
22408
90903
92301
67500
47630
30972
13966
82673
79160
3754
50155
72933
36903
78601
38992
10833
3869
61276
64578
2106
10131
71119
49991
50533
24634
86213
52790
77622
81996
30772
44759
83156
35662
7916
66230
24489
27045
24658
76937
34821
497
6443
92987
66018
63530
57459
41172
94787
46166
33678
60007
30453
42437
76598
81145
20151
61769
71123
79721
75510
70933
29640
25536
62097
65264
95658
99029
34972
24950
16268
86013
39103
49868
68021
59502
94270
96701
403
54063
14196
60342
17065
93694
2520
571
4772
18781
39010
27268
83595
36826
3399
19191
61876
55289
73343
22435
79348
87168
25448
93750
95567
47294
70500
12124
40237
79769
90525
25940
79949
40180
18504
8721
69395
8921
51431
44682
86236
88584
14377
39742
59667
36124
47468
37096
96413
66038
25571
83898
61486
3305
27570
13785
11454
80225
65142
27317
85846
61360
9698
22915
16932
26231
61923
65081
99695
11757
32933
95590
66212
10959
96847
99948
50318
99844
59306
90938
3716
88556
29183
79722
36829
32996
32829
65971
25599
43385
24250
35788
91668
19047
29425
638
47582
90444
95018
35845
17313
97966
79127
92163
10270
48773
90298
39617
15457
79974
15140
88386
61872
8461
8184
90534
23940
40167
82670
69432
89364
30521
2036
22484
17324
96081
9007
473
18525
99303
61247
4934
30285
5391
76768
55669
40751
47197
4141
54897
62862
11381
6175
28021
74084
58991
16851
51906
36903
61668
52201
46076
7874
17015
4936
450
88769
22659
73632
97832
66021
84572
7591
29682
93144
7844
10085
97264
43803
11246
85931
66225
13531
18311
4990
89413
97923
10501
28818
819
57258
99791
3921
19347
76429
74695
29531
24361
7383
84208
22311
88510
92316
2432
135
44061
38437
1763
58985
68935
23462
87977
47226
46452
24556
5389
81286
23815
84114
94755
65562
47532
97042
74686
33163
56272
53112
86139
42607
45117
3858
59565
95688
40881
7972
36678
37377
11066
55801
50718
29073
39344
26355
88291
86141
60942
60419
69310
77338
14319
94356
58653
44464
53057
60162
76611
50842
58153
72936
14760
48969
59891
76823
52622
51208
12371
38627
45665
82971
53501
7574
39050
88001
43933
80744
82577
19512
6740
99814
11372
14559
40401
63279
21928
19094
52167
15006
59858
43458
45488
78050
86947
88814
86878
92617
26566
14507
68281
97722
57095
99959
44603
88194
17946
49980
65604
22535
13925
28111
65594
61944
70699
45305
28288
2949
78742
37202
12818
28907
22049
99337
60731
42312
15519
2720
37395
33324
98890
70868
93816
23664
88300
51611
64487
23905
91459
66630
18583
33748
39925
27814
88755
66462
23729
99306
69234
38939
54205
74566
59349
62892
72257
99536
45148
95582
84304
58916
8901
9733
55342
51144
43042
82952
79778
52809
83733
14357
82393
47748
13803
39029
73780
23009
10099
29242
24496
62777
76442
1525
53840
88440
48452
33957
19113
73117
35400
89546
74026
84639
46440
37015
75589
4906
33900
86789
8958
26407
58074
63588
99760
41241
94772
10828
52118
33124
78447
75442
91069
32008
9899
68567
69859
26731
90675
64666
33259
82484
66931
14190
16609
74227
21233
75334
92292
20895
27306
26508
44245
71768
88586
22065
55291
41098
87654
16287
73200
35987
32666
88394
75
1531
72570
45284
11210
25954
93879
53104
26012
44153
97073
25007
74441
68614
28627
2358
80127
67402
52304
18689
66714
21919
40151
16224
17998
54523
40085
23727
39796
17010
12328
44964
78319
92184
7196
12066
92314
81283
68580
97450
4272
24878
18614
35313
46167
60602
39683
46924
12809
45360
49905
54632
64801
16674
94615
72726
12127
48047
37717
85443
76248
35205
27502
46502
69789
64672
64451
25523
12869
38065
51469
55372
76218
7802
76726
51991
66621
24373
17396
23787
13591
79604
12035
26820
29342
95172
74782
13846
55040
85515
62330
78206
33838
96912
82335
11091
97864
40345
6308
89468
92577
90031
29190
78171
29487
19487
41764
10951
47761
50650
39386
78583
26589
20955
57400
57850
21605
18856
55935
14884
7685
28690
27672
85475
82924
60823
6832
41264
2917
21927
13459
60896
51649
46147
78404
92314
47554
57793
3670
56003
81030
57036
17930
84821
96046
4713
33286
6350
25323
84948
33742
47173
95812
78793
71330
57463
13509
67070
9716
49247
27944
39693
11588
93189
60697
40624
36922
41261
80360
31589
3998
33808
98960
73201
59159
83784
84671
38209
72511
28196
4418
52107
74016
68635
94703
15251
75278
94654
73518
99497
4895
81574
26756
81264
50763
63373
18173
44282
29500
74680
85845
68590
40498
48593
96324
97452
37846
25524
99908
39111
59961
61887
30272
87409
55336
67244
66426
75381
44334
25531
62681
55645
42662
46504
71150
79539
20027
54845
50017
33541
37279
81600
93021
65858
43908
67532
77812
80992
44058
3709
41040
75744
3334
20165
61848
12938
62715
31900
13435
96690
60471
73172
13180
97084
83677
24458
46041
33307
17002
73208
53210
62645
5526
3656
17715
79490
23529
355
97974
48979
76216
26152
39768
21680
48059
54840
11710
86266
35756
45389
99140
83759
29629
52523
47913
74763
22966
15855
63707
4235
52683
82980
8698
44461
80566
74036
70924
69556
72438
47867
78621
65608
93443
60952
19728
45050
43596
13405
19622
677
20687
39365
52137
55983
38964
87365
54454
22126
27783
55611
62214
46536
58417
48483
91063
48979
85010
40297
97819
18812
72285
75640
69437
70595
96079
67377
49483
15906
41325
50615
73668
35630
60537
327
21056
85303
86480
25254
52982
68522
23588
95858
24846
62069
13617
71706
96612
61322
51102
60042
62197
24893
92339
20126
522
8744
12657
20599
99998
42638
7345
80908
6253
72251
38237
59640
94811
63850
59461
90385
49085
71329
75648
8153
72
20823
26592
25549
19157
41110
14383
29531
28878
13468
20811
56432
43544
30907
53404
88463
60988
30207
1454
38622
41396
15664
57872
47131
60910
47117
14215
81611
13248
53913
73487
86611
75208
76018
48688
45664
25982
23099
47225
72576
89658
77692
57723
31219
37787
38976
33732
67516
59867
18396
3735
93522
45836
29519
27909
46964
23502
8804
4618
59321
10609
9460
5286
68644
19810
91753
30870
1334
30548
39293
99854
42238
87212
20386
38166
4427
68200
84027
96958
71075
25100
72678
90975
57772
33323
91837
2704
68039
79599
87538
66689
79356
41062
96184
71608
9456
28041
50816
58886
94132
20105
62209
35972
50104
84440
87921
69935
59900
61170
43088
59838
76550
35814
71460
46236
97263
23653
83166
22214
80184
73285
30811
80898
81211
15154
47463
23674
54012
85490
7740
81812
50078
8979
36905
21135
92018
48116
10606
99676
57546
32301
65411
88150
8459
81211
80535
96224
5473
53004
94166
28218
35948
69731
77956
74143
88664
3849
22407
53534
33835
65776
52833
70131
57816
63109
19706
9506
52336
8786
65596
93391
50616
17325
30072
46044
98933
89888
25798
36544
8708
89973
32809
62401
21702
94622
9521
17710
99289
75039
7834
28923
8450
51609
59826
34489
14757
54035
69208
81489
86391
87814
44416
47357
50187
24198
91315
91780
12841
52617
16691
17456
88605
19253
34651
89998
10699
26090
1093
64897
53696
73096
73254
45411
29763
54814
40724
4793
4779
65905
13159
79729
65130
15142
14077
60571
50983
15500
33336
49121
88777
80425
610
15620
34127
81951
54481
39893
98269
66522
25285
33677
91761
14105
79149
6890
89460
73398
84266
55526
32940
28148
16684
63285
83501
67012
62680
39483
37104
81204
63755
21351
75484
8980
6424
17296
76224
16263
79277
84747
53442
70659
94644
29030
74130
44260
23797
23364
69208
49459
87129
75062
59053
90478
42729
60178
59941
25237
7797
96978
3817
21616
83824
17419
33187
85440
13272
38472
23058
3841
6196
57699
69054
82488
52727
10304
23397
97599
55969
35174
73876
84266
50500
77403
2737
70741
97507
54459
87029
40076
52855
18228
37239
8118
95435
4352
83203
68895
61319
70912
39530
161
56331
72626
81107
64910
18673
49199
61391
62173
11700
41956
69450
81230
69392
47242
67454
43196
84511
37060
55009
49246
42786
661
11966
68537
54049
68027
85985
31526
87785
50668
12908
39771
6324
64619
48263
5497
49127
32775
2612
51218
596
21552
51136
98868
54624
5431
66838
3415
61759
44002
26478
82302
379
99176
32130
66669
72884
3983
3904
71464
4929
36159
13692
89060
70228
70498
89885
43949
39196
87899
43768
80882
48900
86369
3578
51792
31193
60598
53662
88090
38440
40136
16638
23042
58118
41699
86631
24679
56681
65648
23301
93658
52372
4943
7997
41198
15568
58476
64090
14013
55221
38145
23934
32817
92104
82504
3834
16022
67422
30235
69338
87801
25727
90250
26615
39036
27334
66328
67920
70457
88612
75315
61267
53392
40421
47470
14228
27791
84362
34333
35168
3325
88341
78348
80812
79940
40676
8091
18374
84217
82388
15226
26861
32936
28870
57469
96797
69184
91775
16253
3074
64345
28522
25227
68174
65918
71512
28593
80453
1626
73512
94855
88565
64195
58113
99855
81380
75038
62620
74414
93761
94413
84126
43847
99836
54332
24291
9141
64178
45700
71191
85188
97473
65273
80669
10605
11162
29687
83474
27821
38772
88964
44044
59680
78620
56769
6109
35327
77578
86194
90099
35284
21232
39496
51521
83669
93996
84360
45240
48133
41628
41402
62159
22466
76305
59919
89155
83596
55259
33935
69015
65556
60260
14815
4188
32156
7514
26796
52139
99504
70980
98838
6415
12033
33333
82876
81569
10362
41150
34624
19755
17025
62782
502
14350
39596
55029
98574
55678
6460
41814
10684
20810
73499
8923
43040
68474
22254
42642
83063
58706
4247
38964
11774
58931
1225
70678
7741
78433
56968
42937
59384
84479
13245
54525
11053
373
39988
40370
94027
15796
9330
80910
89328
1872
52918
76091
9564
61740
98506
41288
25783
58068
18598
80575
32540
5187
43393
64407
86977
77061
56565
20640
50308
14295
26158
22267
44531
21067
53935
74732
92568
70215
65441
92040
10111
37741
75192
97481
35814
46325
20229
68448
25600
5782
99345
94953
84997
46595
78269
39706
19354
57650
47155
80214
31416
15257
68744
79166
4380
4369
62161
65863
93546
43773
67166
7815
60319
90563
53879
52584
67986
45112
45938
54655
33413
44027
54030
30390
32590
97207
75504
53285
6525
92780
51703
34336
69001
31432
63934
22730
41691
57870
4493
23463
71862
62968
88700
9582
18402
65689
93638
44830
33012
4123
56645
94120
79195
25991
58096
94890
13834
41956
49998
15419
76157
89174
58773
39650
49033
96807
41892
88065
28901
13060
33721
81039
50895
15902
67792
75140
700
69329
8792
96781
49280
50945
40883
70303
48790
68287
68011
90184
77133
44428
56492
62305
13167
91061
72641
23743
51310
21244
10191
81225
621
39607
32552
59300
94729
92402
70349
27530
3523
84271
71587
11642
23243
43662
23536
52616
82409
44295
55826
7253
42283
95060
17821
35001
4390
14636
16847
94621
92971
85002
67634
40133
3433
53228
10349
47498
48920
8439
75975
94054
45929
74648
93593
33448
775
13733
27471
4200
53001
25666
59835
45301
46840
25216
12309
3017
93240
11424
58163
23550
50516
18261
56385
93850
80106
58983
48510
42661
4336
12627
30034
31771
42466
79824
20463
69789
20778
84908
42500
60834
97130
30165
52888
73995
37416
94388
65897
12724
27671
58964
63873
24871
2142
74753
59633
78346
26311
55467
70893
6776
89414
56873
83940
32398
42020
2746
79962
635
23527
550
10787
20922
29503
83075
43166
37405
58416
61525
1516
15007
1783
33229
83244
12955
48571
2961
2965
3451
1874
39836
19503
83753
20077
1948
16430
44641
29312
87418
55916
96871
43026
28887
39713
24853
57181
35889
30978
17549
71235
78533
76851
66797
94510
41070
60426
3296
70561
47915
17634
78192
96288
8319
33208
14202
45368
19922
77670
70266
29005
23541
17338
77765
57887
9379
60114
59894
26488
33155
25046
56000
54548
67913
44753
95490
98157
19932
87885
7096
64899
34194
25771
99886
48772
24856
99004
95536
81565
96910
81631
50556
1373
23919
57112
25305
6082
58766
62920
87169
73379
34715
18607
86042
84121
6213
20283
53602
27691
8282
25867
55528
725
59402
3844
3512
22579
83338
59151
25422
13071
83636
53998
57324
44357
63627
2201
88422
41872
54716
17658
81595
70035
37056
41344
37342
95590
89726
37700
69010
89050
72621
44150
99252
36107
21687
66178
93074
1153
37978
88965
84890
61667
29960
93766
23373
68953
90062
15187
78674
42140
93617
14617
90118
74908
33684
1951
20369
22989
9782
61248
70965
75375
54265
64419
21248
7769
57725
94009
64064
71234
80107
63186
24918
22539
16270
75900
28451
30028
62043
85561
37567
20313
42321
59963
53864
99121
72731
77599
65079
7683
24755
55076
26159
7806
68929
24934
92207
30131
98400
4731
58855
27817
13922
60297
78215
70557
70730
67683
8306
83315
27095
14238
62641
55101
98624
41684
48581
5255
55482
6612
90292
81149
23415
39651
66916
2298
62569
94867
71942
31022
47525
28318
29546
33354
27714
73664
19760
82379
63264
49647
19231
44993
44133
33112
5198
45051
29346
15766
56287
57074
66709
29937
76396
67214
70536
56369
33209
15608
70966
29182
18761
18717
83918
9462
51981
80571
528
75081
21719
45163
5524
86677
74765
44748
60682
37945
43128
45224
47963
46872
55228
21765
74863
68524
19682
43690
11144
36899
68433
33643
50028
87643
97692
98227
84640
2422
28981
45998
69711
68794
24414
13808
60298
87336
5184
65061
35497
7254
9044
60502
6320
69227
90079
33813
67852
84087
55420
88869
71485
29773
14545
71688
75246
45309
62082
18919
67807
53234
10148
59704
15652
81573
99786
74927
87718
76892
56444
75875
83015
12515
28102
90203
7651
2021
27757
33397
58674
57543
64443
20115
53225
48065
30139
2531
82945
69050
15809
58794
45871
29343
4672
85868
74706
77855
65503
88282
21036
60454
60966
19000
12263
20020
23698
11082
33689
1370
42536
13594
6498
67184
13894
35561
57074
57974
36821
76336
11496
65413
34395
36337
78357
34704
25165
17663
89438
59996
75201
69542
42720
34394
80577
71545
54894
413
71228
11639
25782
50429
72310
25752
27746
4646
79584
80601
50587
23069
6754
21250
98791
14641
83093
75377
51411
21370
22605
99333
97740
75344
41139
36040
92006
69642
6833
62873
54976
40562
34183
17654
81983
2434
53210
28259
22614
19549
8172
99257
98087
20268
31335
33870
83460
23219
8338
33980
58702
88432
72454
48113
46687
10319
83931
8307
91011
75981
47963
32205
29664
87015
62776
30651
89910
12829
39833
57006
38753
20169
55311
30460
34780
29718
59974
52327
95040
80799
62648
49896
74539
59206
49979
68760
12571
58605
49275
41915
63929
56436
58722
76233
75282
88016
45971
45018
59232
38788
5718
44910
35944
37374
30893
69078
19325
14640
5541
51938
11426
35658
68297
68264
11980
80369
24049
66030
41893
90814
82583
15092
13165
91733
87690
70081
29819
67104
73211
59816
57218
80648
64021
73814
87919
77296
91338
39163
97902
87661
70856
21587
92683
56294
28906
36816
73174
15684
56491
86246
51361
49206
56149
62994
35715
65796
34775
10984
27999
64461
82262
69239
9310
72511
33850
28283
83288
69970
51561
84768
14034
87234
72657
48205
12962
80744
83583
30516
17390
43443
68973
38581
81554
78472
52311
51402
98368
3059
78990
18962
12769
55113
53222
66013
71962
31100
8554
32721
106
72122
60335
87447
44367
5954
55814
98341
68777
33795
7083
96521
90454
1331
68283
78126
76893
79690
33762
31662
67622
97785
79954
11157
94086
56905
84880
3309
83064
4724
55208
53900
26695
53338
99104
99446
82088
12609
54058
56879
3620
48269
52532
59393
820
98520
2649
21511
84677
83982
4442
98580
49370
57063
15079
82211
56561
29794
70071
22428
37470
62266
65112
57887
58003
99911
73120
40048
95361
75188
55426
64735
25304
37849
5564
99474
28106
95317
11052
69586
64078
34889
2851
98735
19777
97459
28850
89137
20071
12070
86081
6300
25646
2402
70079
77662
52691
67478
62515
23961
18942
95855
85296
93576
54089
8570
66568
73263
9086
13566
87224
17379
97854
53967
75264
9043
58365
77361
48598
98834
65579
2634
98512
62274
8110
15425
24191
87967
83979
55097
98396
67333
49731
63236
57658
23294
65434
70918
78939
5068
39795
49191
3935
18287
81302
49684
61239
45620
47156
46484
8599
18075
26498
61954
83977
83555
40416
99883
2303
74484
20414
9893
96992
62280
79284
63849
76676
38263
14479
55983
63419
8093
6028
50085
33735
2826
79357
76844
8074
30311
84584
49328
13625
2496
16335
73537
80720
21682
1226
84658
98592
8370
60144
51246
71651
92567
79317
32850
93904
40805
36909
66826
85866
23959
11727
26956
62675
86216
11861
6603
84989
18334
30879
11193
41633
884
36343
75037
90761
88611
69039
18445
7271
66060
19014
27431
33705
85092
24170
41906
10148
89116
80600
68492
98413
58956
21279
15055
20615
77692
39682
94181
55190
32655
55643
45444
65778
94828
54045
53641
60919
86186
67411
50189
36057
5367
84740
77350
56725
55365
15319
79229
38627
79442
82835
27687
61224
71442
97823
66978
84391
98779
62665
42702
471
30541
96770
10629
72176
71772
43526
56376
66303
14267
11673
25992
20026
84967
75853
68094
44109
3245
59200
84967
41714
56473
27363
42064
55870
57852
55477
98234
66744
1401
18413
64729
69126
5772
88855
19663
42272
28023
80245
48352
3493
8139
75079
27921
84588
74767
34022
94210
61939
84432
18154
89446
47219
17061
61483
19163
46613
71614
42148
12938
25277
93065
9267
5340
9093
90336
21181
20886
47301
5170
99503
6035
22669
52684
50784
96573
23317
76964
86546
67272
24236
34114
58071
30667
23788
74860
47696
61307
64111
24332
19920
14982
26363
16608
81055
15721
28184
11901
97914
90927
94787
5505
91192
5638
251
27732
22568
10015
28664
85146
44118
32546
27131
35544
89292
19948
13824
52864
53365
67462
89873
36218
55901
33923
29077
16881
79092
33590
33893
96056
25969
70509
16062
10039
23603
46542
85074
11926
94915
30124
51993
90564
15925
43270
68134
51460
89741
88700
98484
85941
46015
6447
79487
36093
32654
36340
20302
94705
72310
1557
4046
9859
74278
95716
58651
88105
72708
88061
66839
50470
99124
58135
81917
75511
47444
12966
81615
55164
66591
16048
32779
18560
73809
76297
50108
94279
98025
82734
42829
51540
89226
90427
53400
68404
9788
35721
85085
96970
80497
53960
70926
34232
60673
37460
37479
70215
37206
25367
43035
24435
69348
3003
96393
61557
2608
65802
94157
19534
69137
90020
87187
17645
54740
95036
12839
13502
86617
46096
60232
3856
65947
15714
89947
8128
4237
51256
79643
62247
47328
36845
5741
13085
76065
31249
32850
11400
5503
34884
71734
59941
10378
4970
90950
38258
71479
84076
6399
89973
15712
59403
28704
81613
99656
61761
41665
54387
9276
16310
86685
54988
23829
89276
71915
76558
10843
64711
37099
61196
90691
84588
29243
45824
47320
48661
74729
63380
69272
87871
55363
75821
51189
75024
95242
61397
51228
61848
98245
27108
66802
88035
64242
94953
94362
80823
14327
20442
70932
70321
80503
10678
34656
25783
64032
56755
56511
90105
30912
24522
50106
92968
312
79195
89884
55443
33545
8061
94650
50075
23627
92518
3059
12722
51965
29940
12211
63508
83190
68438
50545
48865
2490
62266
49912
37463
15240
30579
71075
72648
16400
98694
82978
40093
79170
21937
24057
85287
76066
68889
6567
53981
35063
51343
22628
58199
35906
70623
37443
80454
60044
89716
6967
17742
21368
87179
43602
91073
67960
43698
82312
38744
50908
14077
10579
45265
8741
20741
72720
4128
1431
28701
6182
24083
85357
54290
199
38919
68198
99326
4590
19232
67805
45738
8904
87433
30038
10334
77936
33608
79828
20806
57107
5597
13608
88226
7762
22391
91428
7722
80581
36627
2830
89244
51580
27698
22096
48708
10017
37685
45292
65894
74649
64632
7724
10923
7018
6248
76279
96102
54199
49314
26592
79394
63910
55530
69241
24298
84546
34693
70725
97652
15740
80083
19434
36715
97804
77804
293
32823
53046
58294
79032
63435
22664
20352
21694
63723
6816
31486
27936
56632
13066
31106
17280
20058
69254
60883
70546
94537
89960
58285
81066
45559
82169
20149
85264
17213
44059
87830
39312
43041
38154
69149
71566
58465
11518
64717
63223
2495
61837
3456
57267
91848
94957
50715
77399
6306
40951
58221
90167
10706
76775
92836
62808
14504
32832
22188
53666
18567
57133
32548
31317
32469
44673
46974
19571
49979
50368
6131
93755
46233
1911
13217
75606
68362
16710
34787
52682
33551
38174
73419
67244
81786
19908
71806
6162
70201
13941
69036
90183
25501
18533
18538
95895
47911
89920
29742
71370
1166
39281
25383
89550
12943
18176
3990
54476
48305
88150
39692
64509
75027
8221
77826
94166
29685
59235
46799
74718
36768
40669
21578
77504
30227
49735
7932
86203
30795
78089
2400
31607
49101
31222
13914
37427
31923
95758
84530
97018
73426
81475
1484
36819
67844
70169
62597
54487
4790
14311
75275
74270
40944
42362
93017
3282
34620
57368
86318
88453
53045
50337
55337
82335
52493
49426
70019
77551
97211
39684
59817
12226
48160
73233
66325
21874
53940
7094
11400
68310
92242
72564
15078
5015
72157
68145
31501
74498
7821
27580
51219
76697
58649
38253
95772
37189
86594
1994
54517
65894
9658
62918
55472
4906
61616
71811
79708
66684
17785
25049
42240
52340
38173
335
5972
71629
63771
12966
63611
18451
825
69270
93793
10011
20044
271
99182
46573
25216
21057
88004
69276
25572
85879
12314
55862
43126
52126
56149
10998
58855
57092
78464
40247
99370
78332
90696
62243
70046
22270
64439
8426
67445
42986
68395
15790
38560
57709
58929
32155
51674
64572
76771
61844
57518
65373
5468
30376
22117
6630
56724
91364
42608
15837
7133
34050
25486
39806
72088
50719
2650
98875
72180
59626
42261
4093
55364
68279
25099
35753
30652
57908
91429
77278
25576
37779
69098
31227
99017
60582
70610
72702
65325
62281
90025
7398
82921
81209
3037
85978
46198
86051
59108
39426
27430
49783
24940
31603
77089
18618
6624
67593
91200
81403
59188
12396
1093
76381
85422
7061
30869
92595
2865
92714
72756
5195
92807
79397
70331
17345
97354
4179
84056
3188
61743
89400
58882
42741
37903
38575
76470
3771
96531
21743
37619
58004
56636
47082
45744
70550
66733
85935
60213
3764
72117
32239
41308
54572
36317
93884
78597
16413
3498
79597
74960
39221
39503
93087
10075
38600
72114
17238
46776
74270
41785
23329
6345
56131
37457
9563
42203
95074
97723
73773
65308
53867
57171
98224
77179
62769
28063
68913
22331
8401
47952
7854
71251
70988
52984
47677
45253
74005
93640
16619
89305
31654
33924
35041
14197
60013
22982
47203
79227
3716
68940
89555
52927
22782
82559
850
52547
81981
3105
30566
38385
69889
31986
86711
54357
5211
78686
52308
45333
85471
69158
20307
26221
4856
13194
13813
15819
36341
66896
42727
68164
45985
63188
29509
1777
63857
59373
11577
17258
32150
53239
80801
28445
65778
76737
24975
24330
61127
20117
24746
19454
53675
66688
25905
55658
18040
1950
27168
72224
35584
72451
18539
93482
16477
97544
8199
1222
45638
76016
50408
58274
40670
60149
92101
77968
31175
40788
30520
94310
36468
61778
65857
88405
10780
46345
4490
92803
46441
16724
45285
48359
6256
56851
25682
13985
7548
35770
79965
71155
7427
11516
54884
1568
82522
43536
38069
62496
37156
6749
97270
37405
82277
99048
8063
63501
81558
57142
30945
42572
14609
42272
25450
5429
96683
70035
17120
16284
58081
11072
68075
66476
88715
13223
5328
29080
88430
42138
14359
17728
78446
27761
5902
9570
28384
45546
27942
86650
18365
23803
27003
87192
66290
66038
25042
58717
84180
9687
42139
49777
7474
64525
94357
6115
5155
49891
53840
67038
11934
7849
95534
95077
48744
86404
9027
6667
17703
49102
26460
62097
69909
23275
7868
70781
60369
92842
86784
91795
26320
23349
57764
32115
96657
77493
29119
90446
12877
43620
93194
25830
5997
22032
84158
97346
1494
937
91738
11978
42143
17896
87812
293
11171
34907
76135
4493
85618
52689
70778
23660
39618
74047
75778
68885
39746
7148
45325
10529
21231
9887
58399
96772
45952
86563
12171
69067
65596
45845
36759
65333
52748
6154
42369
20747
74410
14911
84704
46653
5272
90686
91491
64955
82062
27625
30518
45676
91787
28551
25764
74671
12108
12904
71958
62060
63867
88023
99896
63189
32095
46747
99549
4446
20497
26377
40953
30518
90383
89770
30636
5345
36777
79013
19775
57940
15896
67113
94855
14221
5358
98072
37990
16140
38505
92595
87184
30801
39938
89438
32747
47955
41090
60688
592
7738
40531
37466
47663
67355
30644
30545
68943
50574
6631
65722
55250
25676
54117
48913
69782
3754
83281
7029
66040
63469
78729
57843
40628
39177
27320
24110
17575
41082
77993
32680
13173
82334
52438
61264
62279
31053
11007
40456
39084
46997
46071
43697
29120
68471
23703
67797
5834
91864
20182
71121
8031
10149
57264
2301
22692
25734
66690
20762
34704
14941
824
15607
2928
15164
87614
71231
79460
28512
45139
59842
62343
63533
59964
87262
30189
38727
10677
29130
28933
51499
38273
97504
14173
48808
1154
19173
4516
3518
97764
28886
20554
30929
93204
19216
60996
71145
47151
78715
41036
78089
24725
756
19206
3529
83708
98262
26717
95763
54592
99076
81707
39223
13880
51190
25271
33707
30340
22206
15769
40035
62434
8118
49721
28488
50272
8007
56246
38104
26924
42296
59682
40219
4488
64337
46666
62749
35353
14123
76884
86188
12286
76503
40321
77872
49117
31783
31506
62433
1753
80125
80582
54186
74048
70638
58337
6841
37473
22546
97449
67839
73211
40139
53930
41930
59056
38767
64601
22396
68312
59987
69686
26280
65394
12054
90154
13161
97845
2376
51824
16735
1829
77397
88048
68199
23585
51122
88902
65141
18745
55331
14530
14865
47133
79878
1736
96811
77393
29056
7607
55484
2941
99297
21735
55195
33600
28790
15371
97400
22308
10540
49975
55256
94668
53852
69915
92878
4811
15255
39916
84403
88398
80911
708
36705
74361
26239
58208
96849
18384
20248
34952
84591
44235
91977
20843
75703
49901
42827
61800
49039
4046
45126
69257
18241
67667
52387
94602
35155
92671
10256
87928
49604
90628
73257
73716
93765
38226
46057
73654
38097
31024
1388
78702
34731
76520
83776
56326
65779
70523
69192
13700
53796
18198
34220
38508
31309
49149
80129
21249
57194
57028
23152
14380
97214
75421
95622
28725
76143
68779
87384
24846
67262
55893
43024
69968
88546
27894
23320
48924
59456
83345
40258
62084
76201
94785
46193
45858
21200
7119
28616
35494
55910
96925
46477
72173
88436
74815
24826
63180
95444
29993
96128
32140
58349
56643
84536
5200
20265
62618
24807
18386
51380
34608
31404
50443
94483
96211
66506
85617
18015
54603
5549
45274
10397
75597
84411
6079
5979
17421
37336
26044
40009
70192
30293
22516
97649
32767
40407
72370
50228
92311
23808
79594
34147
84958
79132
66749
49655
10672
43017
71035
80109
66935
76515
42019
2593
10617
84588
29222
25606
94123
89525
88010
25952
64964
95404
76587
15134
96972
18210
15323
39799
64147
47894
14729
44864
69310
73699
74496
14151
81916
39748
38438
9263
74806
52864
3621
34792
46533
8469
4359
31338
31230
12549
3418
95278
47208
44823
58003
89609
64654
20940
96366
45222
87984
29440
70196
9919
86036
46104
42837
74680
54906
26446
31701
39448
51021
85781
31971
75108
84533
12907
64868
18010
29257
70587
76783
78983
74945
35852
57649
82021
60810
95658
58672
44565
36723
16879
64173
17205
20805
25805
83075
54749
37711
11194
63628
28444
40318
44889
81346
12362
10956
17441
89602
73962
94704
78988
21037
52511
69907
81534
3881
62663
71747
31888
56101
36183
3840
93560
37177
17365
36211
29271
98699
31276
83071
23294
39438
92240
48303
31966
19461
91758
31887
19275
50150
65551
983
56844
34841
43625
30370
60129
5791
99234
77757
71729
50128
48642
1435
78704
9469
54387
77828
70217
92724
25464
51598
41070
75393
76871
42628
64729
15857
76324
39298
59389
81138
87324
29763
35694
75383
14395
60050
36650
11576
35018
18012
40802
72309
20264
97223
37833
87131
43460
62396
45944
55872
55061
61951
19004
12232
71158
78687
13981
44713
52672
68809
50795
86476
12134
88631
71847
32010
79239
25958
56523
48982
66292
36421
3479
70202
88255
26633
57081
2041
39803
17021
65496
28403
26294
2519
76158
5511
56880
52038
88799
64050
33590
70760
61706
5110
23264
74583
31179
58871
80739
95843
22394
15454
40659
37691
89892
55296
16633
60197
26963
87929
42189
82285
88509
75506
38128
84794
34854
79938
83497
46396
64403
27600
70362
40194
8012
43542
50270
19496
59309
30401
15969
4589
71978
34005
20028
13666
49116
65229
66443
13343
22731
6689
87437
35536
69402
36320
26200
40012
69706
7773
63958
37286
37932
54822
25440
76508
18919
51502
81173
41165
77090
70285
57078
20328
75534
22301
68290
12575
37651
77061
88425
93242
96086
57939
77712
90664
95908
4770
68128
39249
74205
38651
11402
11398
94207
70072
42267
2010
11886
49924
14840
47402
41341
66782
71447
84791
48860
49500
83513
40181
19615
38603
72423
88060
12518
9909
82440
21851
18478
98492
79453
24076
37651
33346
64250
23362
33984
63435
57217
26496
87893
49242
75260
78403
84
16249
34198
38911
20488
69812
22134
25864
2226
79748
88441
29735
32721
93449
74924
12844
6733
77809
70947
78914
23297
48949
84889
17278
93954
86115
57732
5329
90736
5526
11284
285
29369
34785
58536
24548
98052
41931
53196
18716
15712
94675
68083
95391
23274
84661
58029
11967
94901
69157
78310
30295
38585
46232
46747
54844
12890
56803
84473
76242
50164
32347
27444
6075
46368
30779
36673
18634
36038
78019
51760
64918
95807
4061
73865
522
45989
1596
8226
81849
72537
87613
73370
51343
41201
32080
11317
55426
5884
13295
26837
87751
5395
32236
51185
82337
89598
94634
62100
59797
92000
45858
73301
82425
57825
53574
30927
65386
58294
5921
43292
85693
64238
82109
43891
64237
88155
73151
60858
28243
70267
93325
17194
26420
98019
22255
78334
85140
57159
51283
29751
60232
76616
98666
52816
98697
44410
8721
91896
2117
24977
18666
41073
86511
87336
45160
5828
27766
35149
59082
88351
49204
30444
64414
96493
82909
27031
75367
56880
30711
63055
97177
3037
75464
30577
7137
81139
22219
46624
4226
634
31645
77450
73626
14612
31956
82234
12579
37027
92046
29914
58933
57591
62567
48995
26344
15057
67813
40547
54040
67226
60846
33289
79937
7833
73817
62607
39274
7861
73282
45861
6110
87239
50262
64246
84853
21978
53998
38969
76753
39586
54681
57719
72452
57015
94546
42099
1007
21100
881
55067
47078
20624
75837
89226
49903
7809
51199
43255
73257
72391
1394
16541
93704
29236
24118
85512
53695
18006
68675
76281
24503
41911
96667
93430
60123
19889
8088
95825
27574
33489
48133
13299
82324
5031
7561
68837
17862
43175
41822
96283
90817
27039
45599
47742
5318
62261
73599
14964
20731
86013
74327
51501
23096
80372
76343
58573
33439
58364
69598
70385
75874
36820
32357
85888
87880
18322
74549
51567
19274
81600
92473
78545
23768
88241
77646
74650
54777
53150
45398
58670
75503
31554
84492
59434
92473
18766
82962
70478
91250
45641
24135
21606
66967
42504
9748
9812
49317
45158
30053
22972
68320
34432
1909
8396
42673
63440
57250
30853
58791
26307
10943
68586
43838
39801
24712
25572
80349
65625
79120
39823
85529
44719
15255
57541
79223
90403
52632
72581
99055
92278
43038
8384
18444
1435
50838
80704
69744
89776
23039
59508
88020
17880
87102
40092
65676
76727
65870
53710
39881
11081
24821
33219
43897
19839
13330
83362
94313
49175
31027
49446
67146
96375
17443
62702
61777
95301
86335
64993
82937
97478
40873
28987
61667
48625
28534
49817
3325
37551
84963
71677
57377
47122
70277
98654
59924
43567
88509
14096
75855
22585
297
2763
96922
24987
99096
63802
2356
14802
62262
22883
91439
19653
22437
40110
47545
59170
82573
91923
52789
22646
47946
29573
35400
56456
13987
3157
56559
4818
8507
20932
9997
7357
5888
67080
91235
53753
35361
60186
35512
44886
13981
25018
73432
75841
52150
54208
7545
63966
75493
74816
38360
77055
87303
45177
24034
15582
47796
73562
64495
94269
99280
51025
74888
87799
24954
98258
54377
63714
38787
24128
99170
90948
92857
23771
97815
1967
18945
81958
13992
34939
65090
98067
42986
41118
16158
36462
91188
70250
98044
58307
42838
72483
79584
11692
39364
65627
26973
6427
64592
53357
21729
59073
33205
38162
18702
87065
10096
21347
36232
40211
45993
18283
75594
69632
54608
32008
22643
68567
26594
57823
39231
30691
80138
53785
40176
95401
41476
12093
54891
52985
78749
17867
383
43344
27062
12274
20927
73511
20487
78447
35921
87837
22081
15556
78751
8956
66508
67184
82571
2346
32015
81904
36480
45870
37709
1778
15139
50908
94348
35185
39720
16959
63826
77714
20737
64578
8136
49114
85073
21500
19680
62762
83327
11317
96499
16152
42790
70233
57155
6187
1417
75608
28799
88594
76868
35544
75205
91554
48798
46136
59297
21963
4858
39873
46100
41749
52044
88587
2064
49212
88041
8521
82367
31909
98839
7602
59076
24892
43907
69805
95129
46924
78386
20536
53527
74874
80495
12981
82005
1790
69219
30034
73319
12318
34659
7283
68903
17737
4099
35294
66481
57485
18568
26339
63849
53782
53308
33062
31447
40996
96570
31819
36114
58535
14248
26364
69115
506
47589
61017
60032
20697
42840
15101
33153
11392
1928
41513
53615
8353
12042
25584
47632
77089
90197
60991
51680
33457
31826
16998
34161
35940
60814
88966
46867
21585
55729
25657
65902
32071
5481
79449
77804
69287
33792
9838
97236
71779
8717
32952
34641
21906
28614
96853
61393
91980
21235
68495
94057
61032
7709
55717
48246
11632
19301
70677
39486
82813
3793
91267
25365
54037
75265
2824
26843
83773
28000
41049
44227
94269
51446
64307
95727
33935
96506
76896
9719
92834
72613
10121
15944
40465
70401
38456
67785
57468
49601
58953
45240
2752
72938
22285
26643
1272
32655
75738
14739
19055
12922
56882
67667
98368
66630
73421
84046
98124
50186
42854
43526
75191
21936
63232
95585
24864
8867
57651
10478
26075
80711
66263
2470
21677
99938
75275
64749
69283
61496
96643
11511
93104
89364
5260
92615
13249
53762
27292
91027
24446
30523
83771
24515
73663
93527
57096
12409
16424
67142
78090
70154
85923
95738
15668
65802
80057
85340
84499
76998
98732
50527
22935
99915
17844
18802
23868
12068
20244
24078
30868
90816
88376
90511
39410
66130
6734
59264
73589
20722
21885
8207
96080
94561
10854
2464
10290
78506
57334
82525
27415
66659
72262
95370
40778
9875
23759
90198
21877
45357
33997
79310
69063
83867
27471
86764
53376
75350
51959
28109
83548
78449
56276
29889
70074
21462
32026
99131
84903
18984
3579
74247
44588
65639
32772
63899
81745
9682
20054
20454
95244
83623
49632
99974
47082
28966
30646
74678
69785
57268
68240
4548
49903
54491
34880
40032
43195
40014
90289
59056
83334
24873
83801
92960
55813
63575
64956
66839
71486
46734
46653
7045
44437
88086
46816
94457
78418
96743
69537
40303
29776
2255
64843
90438
1060
54642
80790
34640
22760
59500
1920
43170
67043
23986
51623
79563
32535
92311
49216
73506
56039
45034
96343
48888
93027
46461
92547
45068
76818
29856
55269
88733
95226
52268
15613
68346
20110
7899
22569
17045
78741
37940
59387
98679
31283
77446
86550
36877
46358
40298
11557
18303
11103
1290
63352
52097
63435
45696
68124
76515
24862
39127
66229
47171
84875
84334
89114
79235
53345
60635
36430
5588
4885
34412
61814
85649
23496
47912
38588
19657
41142
58868
13151
32244
65434
90610
60181
87622
64225
19204
94846
92418
81098
91886
90566
44646
57782
56826
89366
32580
52849
9140
31351
47728
82429
88533
62245
87829
47288
10814
93068
88515
84970
65722
66690
18051
85197
50662
79105
50123
89272
61357
49310
48716
31082
85323
68619
41000
11088
72915
47109
92610
38387
74636
64251
37134
801
54486
11900
20583
21462
72426
22683
98495
7334
3808
28898
33937
8906
28266
20048
68722
59301
67422
95665
95110
75090
28401
51960
28751
52140
53982
34235
82497
7833
85829
8779
91921
2932
98673
23119
39403
91926
20274
92444
67906
1728
82953
19827
19074
61575
69858
81367
86305
91644
40763
72873
20692
79863
25123
13314
53407
23295
33982
18060
30084
87033
165
76189
15741
52971
50026
60113
60004
45836
74713
71972
50991
82634
76890
14537
27737
13783
56146
33353
56091
14256
89001
66235
67610
63243
35559
36604
90298
33789
10936
51340
29681
40774
18159
4293
20022
43066
64902
83000
15479
82380
42019
95046
38026
69560
1142
32631
7035
76558
84414
3707
57701
73366
40268
17563
81628
77444
67136
61659
87046
26042
72207
85774
16458
26964
36422
14838
98240
9972
10024
3286
4904
32970
17715
15798
10199
27360
82785
80051
32364
37408
42187
31264
65089
52674
32071
68669
14365
10741
98418
72562
49958
83625
91368
74088
69492
93687
93776
24516
92160
52366
78261
7105
31835
21723
25999
59337
89211
21012
25537
25199
68208
32161
12187
78860
30197
84295
69311
61749
64322
34962
96672
58901
92287
55423
64263
40876
29298
52163
37808
4260
61049
78108
87857
93675
50612
9938
74810
34418
58009
53736
32119
25441
90443
76197
68659
32692
38596
42330
3959
71190
14863
38704
67920
87961
79251
74287
38671
80400
11306
76237
86409
61353
26512
3153
49087
77737
17014
46275
47000
77029
27189
39698
42090
20635
79264
80545
6871
44460
97203
55215
2132
59574
82056
57281
37253
64273
49384
6350
42916
86662
80990
28712
58817
86183
69351
60290
79779
60047
83206
19170
76333
35895
68756
43684
8700
11634
93748
27368
78444
60006
8453
90009
32825
99688
92176
37467
57859
2002
67233
43888
13739
10435
96019
14215
52571
70867
20292
43170
4610
43601
76904
13059
37565
9020
17561
86194
89329
56762
66091
63021
8916
5208
78430
35341
58507
18847
83533
66257
52206
84687
86979
65321
53928
66811
71693
6080
71739
27104
842
98535
72448
34275
61312
83194
27020
52967
52680
35634
95086
67719
93833
19686
92212
11190
11458
56286
206
60176
23489
18070
47338
35933
9041
20524
3678
2402
17168
38118
68357
8611
76254
97123
4640
72729
44689
38044
55358
77772
48358
13078
17494
56173
35410
85383
63569
13139
71350
738
53509
49840
64273
64097
62459
62990
55151
14094
98322
29420
11327
32046
53373
98191
40387
5610
95943
30599
36096
36507
61655
79999
72181
67794
32590
18144
52745
2562
65709
51971
61821
57579
28116
81233
34112
69251
19557
27641
47105
35938
99527
19404
96607
75338
51623
68569
14557
57361
30040
25376
36305
76365
92507
96021
32699
83579
67642
79764
59059
33324
46318
37019
40859
35533
21952
86888
47028
65745
57260
71727
71276
18749
82050
80184
48948
20272
60902
89620
94640
16652
96760
95802
7592
99429
86094
60738
45340
4901
88669
33660
95476
2266
46870
76974
39796
40989
69772
12873
82543
16160
4212
53639
50579
77395
46790
94371
63810
78674
89664
9364
59329
31023
74826
48775
60457
69687
68436
50041
62234
93860
90843
20366
80143
22303
90058
86320
12557
63919
26333
62664
51350
85827
70145
24978
98426
42487
83736
88256
36557
25286
78681
65006
46771
93453
49011
64893
21111
19096
7441
32494
36699
23307
24153
65756
2506
32719
74927
29206
56905
9943
38519
27160
96300
2829
10936
99942
65670
24926
99579
80485
57016
27647
54163
51381
74122
5243
9174
42798
48599
99066
11849
19221
18914
84431
69115
65404
90087
52894
36008
87860
69645
89544
4861
2415
32183
47444
31483
46646
83993
76508
93332
95716
49352
51889
15795
35805
27370
52492
1944
69455
65389
99603
2433
73955
69908
14148
2468
72128
4075
13664
46648
35741
86395
73559
73076
24320
98809
92716
11631
58583
4185
45028
45671
5234
77057
64241
36093
12091
90296
99637
29693
94644
88541
25078
80923
3052
21203
36957
41849
15997
74714
55306
68101
84293
6265
52983
6751
25598
91255
43655
2616
9660
30858
78283
90870
50787
75014
37361
12917
72035
29239
94698
83912
16913
57994
19414
3900
7555
74789
75663
49629
11175
79959
21390
89969
18080
35690
15997
75587
9759
19765
42042
97499
9498
1102
37029
35176
95371
13981
54279
18847
94056
51595
42527
13309
53626
30841
66154
19816
31580
8493
43853
17620
58738
16776
17378
38434
3523
82579
12957
63843
30997
92087
4442
70234
9604
59595
93317
75999
8190
8488
2694
99935
69438
85529
40711
40769
58947
5422
86979
78276
54508
92752
58188
37988
23762
30159
81433
72059
53314
20566
36715
35044
7413
80192
9466
23322
6030
61284
17664
31071
23728
59052
97698
73210
62073
66116
48887
94903
58623
64237
64182
69746
32326
80081
14208
60686
73787
18449
38215
45376
48079
1690
78330
16777
89235
93078
14
38688
96685
5118
18890
53965
20533
17677
43919
24498
36622
42704
53410
47077
96228
44794
81720
70232
62654
67572
81949
53465
71424
65553
30304
96532
9953
26592
27038
56215
62243
62875
3946
2542
49588
26172
41974
61453
41408
73198
46209
70412
56657
94593
85565
26540
1860
45624
86427
83672
51753
5053
83318
28263
66711
11093
32600
82589
22697
41133
47501
46673
87961
73523
49602
82538
9432
20706
345
8866
80487
10869
74221
37004
277
82396
64060
55506
52181
94828
2421
38359
86970
72497
5631
72060
58066
53119
62596
6174
16317
27014
35897
92188
95401
70052
36235
78902
33324
78676
64295
13777
99132
73540
91877
86231
78414
58660
92946
15163
51017
51898
32953
97434
78470
3091
95022
29661
2055
52276
22679
75323
32817
53390
471
92187
13351
24880
15639
64344
79300
16471
53011
45917
70357
62496
24383
10031
3312
32413
85716
31626
88725
24902
99099
25283
40992
93799
87893
19853
9992
66648
20069
69144
5495
18730
22810
31475
64902
86620
92220
12402
58613
17101
50034
61643
55844
76364
41070
88570
61584
5548
8342
74596
36589
84467
47664
84376
41117
77938
4009
39985
42410
93710
20674
71257
53990
90141
10871
55720
6300
364
38029
45386
57138
70621
2200
57470
62430
38734
75782
97850
19202
83252
83083
10540
70917
62311
79562
51516
4688
50646
63165
71213
74017
71900
64226
90818
9199
14698
63554
5085
95323
63300
91646
41826
20560
20104
94840
49915
41879
11016
61211
99733
82009
23577
78536
84935
64881
95620
255
84658
6093
7322
79846
84740
7457
5636
78745
69559
70312
95544
79854
29590
51161
66279
21091
45280
92322
27988
10471
74405
10371
14143
19010
48621
88169
57279
93153
8088
24517
37743
52290
76448
99465
85887
77688
19802
88382
2795
56283
76412
42661
89032
44976
82744
80296
54363
54225
14407
15356
95140
61848
96033
7510
51863
47501
27720
88839
99627
8649
71908
81781
2155
6375
3593
82679
69195
36646
77109
38508
1044
11645
2613
87545
35840
59132
44071
90109
91554
7770
76282
51987
34876
10401
21138
58692
73684
46930
38440
93478
65184
69589
19310
42452
67070
20098
1328
3275
27744
58085
34966
55391
55685
36978
64518
58552
76643
47077
54502
88620
75328
32884
20991
2202
67008
91731
35197
11584
41305
76900
17491
88922
9154
16505
75387
76632
2634
455
80891
80826
71589
62569
62627
81131
67296
88398
88659
62423
52694
57504
33498
37353
24539
92050
13913
7398
46709
8261
61669
41376
85643
18647
74412
21208
51574
12488
36879
82323
4052
1322
39373
36631
73371
38277
7264
70499
21834
82949
51680
6409
60155
61409
52422
23048
82517
54408
18476
50602
19070
49065
79855
30134
14510
83967
7734
85747
80895
56023
85037
71483
16480
63104
47178
7159
4328
89422
80048
26109
84999
31371
40882
23010
1912
22075
44367
733
42611
69578
36603
60410
21056
40372
78175
33176
80070
47216
21463
94720
58657
87290
58681
226
98545
65308
75029
66701
23183
53528
95736
87723
59995
95668
49515
44727
29616
14979
55768
19164
7161
29100
74092
27755
58206
74201
70232
84952
46006
23967
74898
5650
97888
80708
50648
83133
26701
4946
2356
97294
94356
98582
80539
50242
83209
82485
10928
58075
97672
53901
94214
72344
68907
22723
7330
8144
16155
34958
91582
57355
30820
54494
63594
59901
64609
63658
64430
22784
7382
58934
77802
69741
8124
41885
82558
39606
34230
63169
16517
74915
9347
14124
89116
45991
74893
47713
11425
22270
61374
36868
63063
94022
67186
37699
15429
45878
34823
74272
77854
54207
93520
33948
97595
4606
15626
14177
83204
64539
81894
93164
5231
95618
74821
31029
34111
24667
12802
63964
36845
42088
93064
93970
16580
11515
22980
98785
37926
43217
89078
41625
65068
88206
27105
36760
85099
44310
65826
96405
45778
28101
11965
27274
24304
78861
75826
93883
53010
12106
98031
34823
80170
22435
84287
64458
71115
9215
36480
58316
62449
40736
33586
39594
62046
55137
20684
97439
37278
39784
69896
18126
32332
31432
74494
83311
88589
15831
76815
33268
2202
59366
14008
81014
39836
87298
6950
80417
22128
98917
62280
22456
72362
47962
71488
32295
37557
43788
63028
62083
74232
29993
40513
59360
4853
2712
29167
85263
82187
78356
77311
69105
78363
59012
55136
52989
78567
79865
66146
19210
61046
73955
16930
68922
11701
18768
35267
22115
25911
26242
96446
74906
70109
68716
3856
68798
96625
20201
61266
54847
24076
38745
76198
54217
95320
77944
6637
18257
74575
45213
98229
91066
62882
81676
688
56004
77814
84952
20256
93107
81512
12441
87438
60663
88977
13381
70169
32637
35205
42254
77388
31633
10646
63545
9896
25646
17173
41782
74177
14308
28504
31489
61893
35621
51095
70035
53590
47436
12753
96261
11993
55082
11531
54243
34407
45486
184
10217
64449
57873
84629
49661
39072
59803
85739
46312
69770
69749
27863
39666
37825
16524
6310
72793
43925
85598
97882
86606
85754
89253
9450
94252
31028
83069
97701
81077
34127
30900
84215
72267
93675
44589
71940
25768
10772
36176
56785
61467
28015
80594
71458
47904
19313
26396
41662
5018
57962
23098
67118
68047
9278
2499
18533
88832
22516
75712
94330
3332
70792
38939
50736
41152
27003
68934
51190
85413
27498
90276
73034
77286
24540
59160
47129
74036
24564
69064
72386
67159
57927
84781
29208
65643
46279
82650
35334
68630
12318
23495
51916
43554
80183
90329
45256
72507
12501
38735
17168
72454
9511
60267
95164
55387
78675
80700
42145
52449
66831
13060
3735
64517
9872
26954
49404
79543
2041
9215
71185
48641
89653
63205
98754
53636
99935
59424
86211
37872
6846
10749
56598
40704
16815
35514
49002
74768
47418
46289
50365
45949
14151
1252
87457
21143
31337
90502
97085
43525
16184
65828
39498
66165
94621
60463
78942
28990
49638
74790
41606
70388
6969
64196
67307
3463
12325
42179
99543
44217
72020
55372
32529
95098
1053
34813
96869
92290
1687
91125
48639
18474
29895
68639
40597
1447
77562
27544
86756
72228
27854
31134
66899
72218
45610
17688
45684
15503
35919
64636
29225
55625
91238
29793
74627
93645
48248
86626
66789
98809
43740
93066
25767
87322
94699
72482
30518
75530
30576
51029
53657
53833
4380
79581
35279
2263
72470
87980
78580
90956
52559
57080
1891
56500
22802
73283
73588
60779
46554
16774
60294
90736
74495
75450
60088
60585
1064
36291
35730
7411
11012
40282
49889
91523
65908
12949
27295
92894
15616
90229
83376
4594
58474
43787
29128
67151
64383
84327
88363
70278
65161
84767
55053
30940
10785
82105
27768
12298
95714
80758
4651
52181
31449
34810
20479
92005
71385
98556
29221
94148
77548
12774
38027
94420
16131
42281
7838
98829
11822
86241
67370
47571
40487
12896
3644
7952
44040
45754
26792
63027
2429
90765
19558
58212
80020
99754
88663
25890
44433
51300
25382
65180
29758
4500
75626
96712
78080
24199
60168
14659
62276
63461
57685
54502
73016
64574
44281
85217
69975
46642
7918
25974
49788
40893
12584
10997
88984
94718
24527
1488
42750
7107
99207
93178
58299
63763
68945
18849
88643
99063
11978
28004
36518
11270
72369
23762
39330
90155
42118
97762
54674
31061
80974
16521
35108
85819
60339
77787
15401
50858
97416
55393
13637
36652
44586
94131
5958
94615
95842
40818
41777
19407
86248
9028
51543
77272
45185
1165
26567
34909
58953
1639
37374
76886
74827
92158
44377
88250
13452
53355
71947
3073
30056
70890
61098
43091
67733
53626
1923
30003
43716
74640
2318
10690
22438
10456
14236
16305
37802
2986
33036
85543
37156
68901
55166
55498
40010
21258
8383
60814
39320
61272
18883
77623
99955
84223
48112
65485
84874
20579
51574
20379
63993
34223
81501
18788
78088
87059
77912
69795
18032
95612
58549
9692
64829
37231
35222
22469
5006
84130
67673
14667
83417
34294
57107
40514
44396
35028
94140
15276
26799
57347
99300
93061
31077
44900
24932
51465
85298
83402
74638
93155
28918
43097
77254
83027
4246
37818
94474
88282
56956
50072
86285
52869
76533
19450
64129
30228
10840
68157
24146
54950
71943
55341
51440
40515
65805
67169
89413
88357
60520
66256
41253
38436
55904
93363
49250
62141
48693
61529
39519
36062
61559
6849
8893
39664
27854
64119
65713
18529
29146
48846
80150
58798
69973
43510
3071
95754
67125
5402
83173
81165
32750
39738
21150
3259
55923
63136
98351
26831
95421
19680
55736
99204
56452
64273
3213
12641
96682
90338
34086
24799
29207
29275
49708
46680
92031
47857
45043
73133
6400
18181
93063
9779
26920
90650
10719
53244
82675
32594
14159
66270
48881
8516
82169
73442
134
8315
58403
21739
66347
84686
3588
5600
80403
61175
75159
18136
58888
54515
22034
27073
78995
29941
58801
10381
16634
65607
30603
74234
90179
382
83814
72924
67127
4760
59271
85033
78018
84053
3297
27489
47703
92751
31119
81432
58225
92536
47101
28674
59283
45871
56383
43482
20369
56830
52421
90286
93736
94706
76199
99914
67112
84824
66298
42015
95090
62993
42277
62576
96732
92658
82541
24217
68465
80122
23083
24253
83669
61296
74848
78986
95238
38361
4703
65451
12159
37651
53832
4074
47478
48881
91093
36512
33061
69140
96397
96954
86310
9506
23927
48585
37431
82629
16072
44487
90236
30659
7133
80289
24388
91381
61252
64581
72260
7782
12981
18953
1824
29962
13342
76213
89448
56376
21627
10063
12735
7334
96645
22209
48022
72575
71873
78217
60887
7908
34745
15549
96926
76700
37704
69976
34017
31001
87215
7526
45457
54633
8229
40104
63225
23829
12171
39684
88098
58554
59804
63596
24921
92321
39044
85673
56456
27453
10024
50596
42657
29281
84835
84464
25306
3035
46353
41432
36913
80721
49603
42945
10545
34966
50259
49595
38061
73577
60882
53801
34569
86475
34621
76874
16696
68379
60046
72228
11839
92239
61743
18221
5305
82673
70313
60629
52500
79028
58586
66451
120
63793
43461
25994
54536
51394
40132
48823
32705
63547
42968
1562
16223
62336
91745
83231
90367
20294
94505
35752
65503
54826
38874
65208
66242
90728
35088
92383
74671
17338
55497
57341
1689
717
46681
77237
14842
42305
5082
77648
65080
8189
14593
88202
56073
56268
54316
94493
50515
92376
97463
98792
17516
52609
43566
5499
84512
90330
48412
13858
91697
44449
85537
42635
53529
9721
48963
42838
30763
80294
3644
61145
32343
86180
49489
97261
92620
47875
23042
57592
19863
51459
48445
54327
88298
15977
79437
88136
19416
3419
95664
40370
1277
59422
21095
96337
69659
13353
83238
82466
23519
1509
45611
1639
94017
57923
7307
17047
58282
95962
6472
66437
95376
59644
96415
78732
9821
64565
79325
4276
6318
76575
6898
84995
64439
28356
99806
95235
88996
52753
85031
2827
32186
97042
12077
43373
96059
2608
12533
26492
83784
96645
41505
21816
24130
11160
68992
99640
58089
81753
73186
17618
29829
62010
7108
38153
31427
79655
90538
93268
43543
75332
88874
51623
12768
84290
73957
80577
90249
4062
5905
63985
97355
80470
93137
33989
64688
93417
89638
75024
37906
45706
56222
96567
44994
98143
71563
23097
71685
84060
47887
42201
97465
62840
16179
59017
76821
52937
94231
89109
12750
5217
10180
73833
53653
65220
28093
4127
41214
14084
91795
90697
59868
20411
64471
71703
93960
51716
51915
10630
15169
88311
89458
45701
749
16479
52998
37637
74973
80218
46920
87037
57998
29612
64625
4887
57516
35136
18631
79259
95665
34108
57356
7381
35051
34080
50609
9445
43612
43131
40071
75140
12219
15338
94358
27022
93624
17006
35590
31984
5532
18921
50587
49614
11758
20565
75742
17617
95410
68288
85653
89836
16365
50407
4917
87850
29220
88622
83566
11030
29377
96858
4741
15527
41239
18091
26367
79141
9213
21754
5752
73532
33398
50890
69524
36828
79506
98318
53069
76042
85613
14263
71979
93512
48309
51800
98577
10107
34729
87288
81076
13214
38236
60595
65735
28131
65753
50830
43729
95809
30721
7701
79616
5375
83119
2579
14999
8059
88445
83916
26627
82711
97728
99866
5867
50592
49037
57315
92070
27933
85599
9747
67910
79697
83441
82203
20818
64684
6565
59462
68209
85044
92135
65940
33378
77963
11436
87733
59465
2142
39572
90115
69572
82186
60110
99612
27419
22059
6107
95035
93430
79106
73930
56274
81512
76034
49251
89990
48681
74967
30591
56647
4290
61651
69940
23947
49665
45206
52079
48614
21901
51706
29594
66439
64115
40281
18397
90834
5214
15611
32832
96021
95814
13951
56655
72074
54271
20805
61974
77928
44338
32598
54795
15942
21416
76913
83756
72078
19203
51795
40061
57049
64231
13858
73844
5612
76437
42742
65584
84271
50425
74405
47651
12422
16281
35081
34704
42606
94126
36624
63727
47061
14287
49311
32206
18006
84488
21636
20690
66928
33930
86295
59163
95779
91580
2443
31749
75206
42159
67799
8746
57511
68335
10044
77029
83360
15189
41107
69682
32562
90873
59157
63442
51841
55045
68581
71274
13964
14693
70141
54154
87975
68122
58164
85259
17879
32782
34761
51538
76073
6082
29103
3537
98511
92868
94613
58349
59608
88956
14257
56602
14091
69860
15176
21410
15232
26040
49628
2724
26363
47651
30323
17209
89318
36505
75136
1906
19177
88259
16336
1150
56809
27221
59827
45448
33722
58524
17092
86460
8738
12627
79255
17770
89612
38676
40383
98499
87110
85739
30777
47041
99991
21894
65464
55907
2816
71177
93581
30005
90638
60031
20019
81902
9721
3499
83509
59667
84541
71675
29629
58329
95410
86622
40697
52743
52938
17708
64363
86074
69542
24036
32238
64035
4757
33843
25889
67979
87274
10128
50993
78774
96313
49093
21383
97541
2703
92551
9706
14998
24715
68326
25491
94054
91196
53408
89804
76726
44984
41680
90051
49643
1718
76101
56497
31983
92200
2989
50497
90710
30905
55504
26175
27163
51391
16696
46687
6056
43549
6926
14503
38260
96888
5824
23226
23271
79668
14590
89666
96793
13194
97893
3833
73337
44456
79667
93524
65450
67589
72760
27181
6855
79711
25229
77771
77510
91219
82175
91600
43227
96536
17956
47711
34515
17529
73742
66152
47937
38189
36157
31761
78454
85685
19086
61922
48937
58961
99313
89005
57014
68479
36057
8665
97858
21041
74381
59562
55997
91370
50075
68846
10688
98741
17676
75878
22230
20865
55059
11695
5079
96733
39678
52716
64496
45324
13007
94802
98430
34213
8645
21167
75928
55082
82003
68984
67949
9411
44498
17870
34403
60439
88306
61196
72222
44966
9547
48208
28993
25797
41107
68771
85807
60822
59656
5991
37002
20420
28364
2396
77597
94136
41361
55087
10805
27227
16426
31743
62697
82089
31713
29261
16891
18478
23015
70687
45367
56064
37094
18417
65688
94648
29522
41370
58058
9614
92478
93814
78826
42640
41130
50965
27593
33278
218
52767
79919
2181
52610
57250
94941
47767
50110
5882
97163
80868
49886
22235
17616
81271
8639
56798
44863
58286
41364
38406
61966
74455
58691
3086
80115
3300
81004
9777
5671
66859
67588
82709
72972
829
61312
17780
79627
83233
46605
22857
96981
44172
58396
28884
94412
69470
10906
12553
44858
38748
88542
55195
21535
41638
40540
38017
93352
76885
21622
5859
18618
45811
39314
83363
76815
80246
56455
29834
57783
86778
27409
13326
42367
62970
10852
96989
67951
72587
2365
73896
50829
70934
96883
88495
32704
72111
98221
20261
17103
28470
49293
89600
47911
80522
78410
5951
98043
40037
38203
76408
35078
88664
54255
3773
88460
8547
83450
9386
19678
1553
93546
23694
59773
52622
24792
37620
18678
25254
97881
2125
11915
35548
60884
96411
63122
51587
93934
49532
36854
58717
24545
86257
20187
85613
50315
98762
63808
20443
41987
62961
78173
48995
58054
41935
76908
28154
55791
42910
57860
17855
83750
34701
44927
11994
89295
21129
43390
25492
17699
22606
23171
36562
91196
84938
46939
65071
10473
89610
46975
58100
67009
37028
90607
28023
48789
9408
43359
67726
37598
24739
97294
38094
74582
94361
64753
97380
76322
39422
68911
24591
28173
80618
40517
54040
28944
55671
47210
88080
88588
96112
80812
8900
28090
97879
86073
67039
59322
1587
73434
63997
46025
8917
91546
92839
95438
15109
41540
11951
71218
7342
89674
89450
35727
40930
26626
16581
78497
68203
22059
92741
52634
99504
813
14527
23890
17792
1534
64048
6843
87517
4961
71483
26226
72776
72362
28189
93521
83078
2716
13422
78530
91532
95027
38871
49678
71820
27197
458
84660
70331
65506
60066
36949
90238
52069
70072
24171
30193
65059
66175
96730
69843
91929
99741
7839
39282
12962
48742
25829
16750
97437
84854
13398
12173
62381
9707
6670
95418
95578
19613
75180
47419
19252
63931
11426
41582
2072
76067
57483
15646
27212
77854
55868
42408
46660
49334
70419
62884
23111
93748
98156
7443
29675
40698
73427
98340
6748
45306
62611
28194
43708
57105
75277
91742
12741
99780
29572
30740
76714
45013
2677
58588
47835
6818
47589
41840
36871
48762
91570
28821
6108
79293
72139
34824
65290
47567
52604
88806
7525
76312
66081
86328
8169
35739
83323
43609
50520
84849
46337
85797
26719
44481
91502
83935
81943
7935
40888
16703
50503
68766
16449
9559
28326
13715
62022
4321
75038
14120
18965
98087
70700
37529
7867
63214
98308
53326
45723
40415
5074
49717
11035
31123
64443
11068
84217
29851
37346
32136
8442
6986
35558
90421
44547
85631
83368
46347
46625
10514
18859
42841
19842
91450
86548
24304
37510
69977
59473
91711
11184
2885
34934
17734
33815
74964
32994
2809
3450
34979
82336
36723
48080
24803
34762
46836
99484
23617
37959
3961
71039
75248
49749
38359
1800
78004
18978
3219
39622
33646
3860
21249
67839
98431
12041
46839
8985
9947
45720
53260
92021
31020
23222
2643
98459
59904
49941
18638
70801
85808
72455
62417
96229
40653
9856
24821
3434
27209
26841
62293
93567
5503
70929
46344
25162
90753
90734
39131
77284
41308
56129
98634
63598
95050
82856
47739
27266
39220
66637
90488
36868
62433
50251
56967
7543
57023
9680
52519
35820
3469
542
80905
41973
79938
6380
15625
95095
48318
16810
29191
46910
46284
34658
24838
59082
9072
67257
96033
50087
60274
22900
6661
92507
19207
32760
7631
20185
74649
85033
66402
48402
76979
75892
6533
26251
21578
37993
53047
87145
8267
98336
91088
69833
57437
55741
49205
12172
48499
13101
41079
1680
27697
76688
40489
92314
18391
25169
70652
58062
79567
4400
29241
98881
32527
87168
69435
14598
70220
51788
39174
17157
15547
63701
26024
42282
62693
95511
95082
6201
23142
10730
34546
56159
81826
95427
79225
82339
4229
474
52196
31484
67861
52167
4801
61372
72791
91750
34976
31594
37690
15993
78795
30062
13699
50605
15844
95109
62006
19668
80985
21908
1855
87889
50630
15928
63130
97011
20872
78300
94597
36056
15417
39173
61983
47795
64845
20327
19581
68553
77544
94747
47913
39924
53306
89128
32887
45802
89880
42909
24390
49272
35319
25537
36847
19944
10279
16833
34126
29315
4683
84968
6218
12175
721
67246
85762
88024
88850
19079
93237
89933
28583
87228
21742
60546
8485
89879
11339
24979
28728
1015
85224
53192
43896
708
20717
86355
48553
69340
88049
17494
55509
94796
16905
92194
37502
96154
61297
10555
20259
94143
39029
65495
91505
70258
17564
84069
94339
13471
42962
43370
61239
1495
43921
47398
23022
16833
30571
17141
87072
79470
84215
33458
90746
25835
28661
77302
38261
22831
15487
13470
66388
98739
15343
43019
34490
15329
4103
20642
5733
2853
98625
40979
31147
56897
99987
57399
92687
12381
17438
3859
22560
91291
31764
14874
93967
57129
35107
97678
65963
21615
10338
79783
69338
42888
63479
64940
31926
59725
68867
39485
76993
92845
18891
51380
58791
37465
74980
52928
71535
10907
84665
84209
83997
43751
20220
10130
18439
54346
6119
7087
16466
89567
46413
41368
40680
42848
86403
83838
16440
65530
60676
69947
26347
81241
15013
23214
23422
18114
89206
62115
75713
37472
78898
23857
22218
30837
65731
18109
4503
41938
44084
83101
76094
45027
59253
11542
81619
68897
29221
27814
14166
16395
18783
70174
36085
53839
8675
12583
4133
51457
40671
57926
57753
33230
84506
53658
35421
8779
350
90401
63314
80006
20895
30746
76037
28798
54348
95398
15982
49615
99441
81480
90594
86981
83238
59947
86358
68722
61752
69891
75953
94234
87826
25963
76364
86763
81544
58798
27112
73867
80767
28321
5260
40521
92220
89901
21882
25878
53320
32298
77869
29228
39900
64007
96018
33804
61039
53831
53599
74342
81305
84997
1044
45329
85507
69944
60973
83706
43630
68625
50913
21913
21852
5889
20282
6496
54143
82584
5521
86029
42172
16136
44837
79582
74170
53608
3320
71332
38925
42132
33670
39696
43514
55762
85763
2601
59271
13007
7184
2048
26401
49352
18618
76443
65992
42341
17327
64846
11675
92927
23005
19624
67227
98691
56553
95976
55583
14734
30889
24208
51956
55832
9503
50
96622
33133
3890
64008
96432
73174
32394
60320
34260
82967
47944
65811
79127
64113
33952
9623
26116
41767
7476
23146
82203
3454
99118
18703
39678
82398
74233
46485
66040
12021
59805
82066
97291
7867
53013
63888
28340
34640
11374
62398
61340
63489
22591
87303
95166
32713
37760
6239
52272
75668
71816
29017
92016
40799
72967
52917
56492
3931
39068
49687
32590
59665
83348
79060
93250
4607
38720
55430
94758
40384
57553
29790
37805
30378
22803
83672
25455
80305
81635
96874
58289
63145
97198
88855
31372
48072
26440
63264
75453
68682
48518
46938
57128
24110
44184
52827
57610
19486
13958
11949
66778
49804
49670
43109
25210
35639
39320
8557
63808
11181
67166
17821
51707
45579
80411
9993
41989
14687
23878
50484
55652
11502
70027
42402
56380
17330
14206
87499
82037
79547
44317
54219
17252
34007
53186
58454
46136
31724
55937
22569
89283
43649
61860
25307
53540
7901
45313
94611
15405
66727
44788
39251
84950
57004
30
16658
80253
45023
7706
86312
43607
82171
10232
82146
84344
34244
90840
63797
62875
25836
62628
25423
66414
50513
24554
49609
45854
85731
29429
15768
18074
36548
52135
76931
71750
50184
66453
10223
87711
1467
44095
38646
43109
54434
20650
83447
98954
27193
85948
93926
90390
5980
91988
18756
59541
74561
51907
55753
16445
14307
18315
10526
18527
57305
24402
61799
43849
31589
23554
68413
71190
57449
68033
42554
67955
25171
29032
63022
88911
86073
42275
54574
76574
66111
17060
41452
9994
8054
65796
19937
29847
75486
4118
95495
91152
9772
56777
2308
83603
29671
31899
98816
36790
50412
34197
50391
44789
51570
28103
96490
28794
30376
78400
84976
16775
3034
21545
66474
94690
65458
21791
76053
42589
55739
93804
81240
60418
26784
58817
81916
984
15923
79730
79419
96532
89706
31214
55474
63870
23876
63289
8208
35711
22378
98664
64209
82788
28752
67864
51972
98514
36538
74891
94279
77510
34907
37792
78292
70759
51865
55822
11573
93899
58957
5820
22740
67330
94854
35648
63469
47875
93805
92211
87908
8818
3203
85902
39603
55306
72806
17475
92252
49868
96210
17273
48029
29732
85957
95685
30945
60437
37243
19394
2227
15585
43256
63726
27085
18518
79748
7040
73998
19512
11888
28265
15466
47495
8375
96166
33532
38125
98175
34591
35607
71910
415
56959
63898
44268
5498
71473
97377
48478
28746
52659
39448
92781
35928
89402
51115
38659
91880
96642
65208
17328
4881
30255
58886
49746
39273
44421
3087
22976
23520
42144
18361
60467
67683
32017
23490
43538
88001
32982
21081
72760
75626
19125
65514
18276
32595
41044
8241
85501
10069
77080
19376
95872
14934
12601
11227
20072
63135
21150
29073
21656
79116
59258
85893
65063
46723
53090
50138
26505
99964
71881
83213
75766
58079
60795
76172
28826
89642
76882
98789
22521
80881
24088
51481
68380
60576
46874
37231
6619
38141
5605
74244
32425
98056
76513
60704
27447
73476
14182
31141
68678
61295
76862
29889
41485
25229
43577
12290
90146
15491
39783
65769
38601
15423
82678
15287
53943
73941
53096
89700
84289
97861
55247
7342
53574
93976
94472
30158
55925
94056
60690
41255
24541
93951
83849
78520
79983
99864
59236
29713
16337
97282
8743
2882
87010
6595
50789
41326
18150
96281
84245
19230
48877
46332
10064
41651
53284
74047
18245
50451
42743
60821
15001
1701
33
96016
6686
35575
12178
26340
20047
29404
14619
72106
46501
35188
74809
24961
34809
72515
81724
655
45815
4643
71635
94246
58619
73941
50166
34721
29770
1075
99024
28909
55568
22177
60167
83045
90129
73250
69576
19829
59054
55111
62612
17312
10263
88482
87905
49533
53383
97081
91822
34556
28704
94997
3240
54823
80612
58074
64562
65699
85325
73745
83700
25910
20842
63937
37506
18370
30742
70397
45159
40495
75862
80247
31055
99816
23951
11217
48302
11771
62146
44532
10384
9828
93509
33946
99806
19171
40480
40613
18889
49225
5216
62771
15415
87410
52219
2217
46855
98092
87393
77772
57346
38199
2491
76750
84352
30020
51938
37957
10772
9087
28639
64472
48790
81705
859
50387
83851
126
2786
2171
39570
33014
6936
18811
29357
32967
41720
26075
31626
23143
23173
12946
66990
85647
82063
95186
95741
89211
46885
36194
6184
95086
28145
17514
68627
2194
25844
13223
12833
28541
84190
40638
6111
2287
95914
9741
715
58904
87860
3005
16415
24150
71512
99668
56509
316
34856
41287
9464
63439
99050
63884
71420
8490
87820
99981
63356
66337
53093
85113
76982
50754
10857
78388
21893
90839
50664
57487
29411
69640
87075
15538
56665
77150
68300
16758
94756
24002
2586
45487
28261
1828
28902
92102
31622
78808
37285
76933
22436
51066
55937
91276
43069
23794
43254
45953
81176
5683
135
83843
40523
76797
88058
46271
31020
70210
73623
26043
47672
1830
31000
14448
86234
26655
12013
87478
32537
52444
72911
70999
92704
10466
70686
3653
43819
1074
10170
69543
4971
76262
57082
32270
29622
55066
26925
34887
47118
77255
8555
77129
43852
57258
47062
57325
45129
38916
16434
63518
23305
46490
61279
55750
22212
63613
91471
56456
25842
95684
73640
22476
60563
17237
32951
80436
92984
96674
59887
98062
51697
15504
50749
23906
98484
99251
58089
61323
59654
75670
70475
53346
11370
90263
25511
6774
50371
8014
58311
77080
81576
50541
37684
27603
48003
99491
23249
97913
66245
38971
27700
41496
10762
12002
61441
85195
94084
39910
61828
76589
98919
26393
24715
55112
45808
8981
68894
57291
17043
91033
49404
83003
19615
6258
71603
90944
52016
65525
72540
25440
96977
78024
33968
32937
41228
70112
16523
31592
21488
95205
43900
48503
87838
21234
66437
15154
91024
15321
63126
7690
97797
39620
33920
8499
86349
4789
26136
86328
13710
4014
62763
33935
31377
67917
71576
81798
27084
94159
92943
36572
73869
14422
6308
75661
21023
41797
6287
80069
48988
6632
44931
63510
92720
48016
43497
82885
95173
76348
15128
5822
16752
72531
11987
88712
45560
89710
46624
1778
90814
63091
71744
973
37485
7163
30480
84436
45696
5717
19227
92197
17130
37316
89882
54387
92326
58371
40713
53045
3227
96681
22758
26582
9707
41064
65673
26159
43801
7983
66843
92658
31093
15119
78196
59965
33574
50010
20437
27342
68018
8359
26910
33878
45709
66066
29166
99686
46075
15681
38965
26662
97604
7490
76279
41605
24595
36528
63775
35626
85034
80692
92925
88745
15750
12199
25982
96113
24267
8981
67910
30690
46700
67230
45037
31483
83673
23543
29107
24274
89765
13741
15553
57853
47314
78281
11614
12557
84444
38895
98474
21051
23455
87425
25402
28379
6405
17376
96593
34924
4240
70578
26520
51569
6240
45535
28730
10106
22114
93269
58910
859
62934
972
81825
37150
11899
43940
37167
13557
7065
31146
2462
33223
48458
61914
48776
88204
56613
84670
39139
79188
70857
43348
60734
82241
6627
58317
95482
38837
40668
43794
43170
44357
65027
60897
42761
91181
32146
1974
57791
17150
77694
35429
56783
83666
34912
77539
14968
5792
76284
8996
19814
11339
63691
17086
52940
14805
99977
74093
13409
97777
6236
39472
82484
32821
1567
99665
13612
35758
81227
3714
78721
71246
70689
79139
96529
43616
94646
2496
33088
34332
33115
94294
48399
32726
51720
88790
85303
36913
58085
51906
85314
64561
87221
55349
58823
47694
89215
93760
46112
56900
12410
19662
87913
7
23732
54760
72568
42868
70975
42549
12979
52963
54904
94265
65106
52665
37078
17311
96082
2234
5164
71985
28883
22619
38331
68772
61839
36852
79767
79345
57016
10676
65299
66077
52940
62992
42859
75034
90999
37364
18095
67910
20742
21754
3463
4017
20803
52759
6472
44765
78034
52082
86897
85470
56455
43665
2786
89696
45217
35340
44922
14376
69991
32738
37834
5715
92510
89194
59996
34458
75940
91106
56218
13239
31436
14339
31164
44449
23254
29942
19282
91923
51274
42623
81161
39500
12561
53560
46718
65839
93264
7001
14589
18826
7010
21394
468
77107
31729
2043
90489
2607
46513
12355
62516
10828
13881
26020
60042
95662
87423
82072
72264
58727
94574
39589
23048
41503
14823
90643
16643
28404
79185
58271
8659
71322
78622
75656
90564
14339
31996
35654
6678
23770
95156
36858
70513
45962
63586
24929
59878
72155
55570
6850
2814
13244
67475
4103
9922
96956
68955
32968
8998
45362
51831
9346
53138
98365
23725
25063
32622
11718
37328
74735
11465
32066
16607
49005
21638
14643
63994
15132
97892
48941
35874
26936
70729
53046
90829
95081
51594
17159
85250
14233
97337
31663
99671
19271
42572
21847
95396
67316
42502
28000
46275
3995
15332
87336
7399
64478
10758
85260
66934
6331
5655
43911
29093
42845
74747
20441
36398
28143
533
6147
71056
61451
20658
50638
4868
2993
3189
80907
49047
41075
19104
4693
14728
97549
25947
61107
26720
70962
29157
28025
15849
97377
33972
3950
39149
97590
426
92009
22060
85693
61782
95604
6489
70370
80324
72339
31186
82212
35042
63038
60282
30472
38288
5673
53492
83241
8516
61573
98846
61164
23511
50239
2696
99090
57679
45414
39055
1799
68201
87402
3483
50808
31970
95392
30737
51682
98115
39426
96342
99268
71207
27763
8609
33718
36139
87232
22170
32499
9649
23106
42357
74834
50416
99328
5990
38195
84763
80114
88064
52340
47372
52448
49390
39459
50733
41128
27948
67822
99235
6335
96419
46582
83288
84847
10975
14370
76227
40382
17807
21328
19286
51151
40921
390
59492
88066
42391
16903
66349
1334
2258
47905
35687
96111
68025
43971
99467
39154
23710
20427
21849
22478
34861
8189
20328
70741
35626
34928
89870
61703
10790
87907
94248
17167
24509
32717
79592
85671
15792
35378
27352
31447
61914
61617
53903
65275
15313
38330
96143
12322
30170
97565
88055
15762
65161
33182
94028
75785
33076
36612
49439
49279
22675
75792
54427
25319
73943
45291
11566
51220
65476
55385
65298
633
54060
12489
58774
11752
52329
45678
33677
23035
52694
86088
64915
25809
72714
23131
48312
4241
14707
70658
65610
59882
73291
57372
24259
76379
88698
47396
75084
63758
93543
26814
67916
5439
86396
26605
69138
9690
39189
51298
85435
31714
96100
96591
37856
19246
90501
67770
6015
1423
81177
59437
52260
38412
64097
41034
28595
56206
92505
57563
12949
94712
42350
53511
797
25485
50878
64449
45014
48853
74474
43195
19691
32507
63258
67960
76018
3758
33805
25470
3702
97319
31163
7210
46111
77770
16362
62366
84800
21445
69513
45749
31229
62549
32973
72920
62871
42024
78789
36073
26966
47486
3772
18300
13937
8072
22442
84517
57149
91507
85111
72108
83472
51902
54510
40701
28625
1926
31129
40828
16542
91555
70943
40790
664
93259
39222
93267
11951
98292
25351
18888
64966
88215
77533
77897
59907
10672
65161
74651
19029
43074
99926
76487
56546
62199
89348
35786
86284
10245
83875
329
31104
5356
70541
92130
88219
99548
20800
91742
76344
90644
64054
26819
72922
42725
25219
25158
88563
96917
50987
36509
86799
31839
46430
25907
78560
11319
10801
19284
22182
28651
42842
11880
47323
262
6888
9405
53688
80334
42940
4796
67336
21613
12424
16670
72711
50284
11458
19192
67574
70587
8260
63409
95998
34158
31460
14772
56381
57218
87435
27936
56946
7581
87477
61789
25410
41554
54372
25482
27397
38948
22496
14034
28688
32802
12783
64093
31167
3281
28621
12962
51455
64647
54504
78073
69493
74579
9371
81454
35823
81659
32805
6003
80965
75837
36069
41933
80106
70583
70325
55598
32821
7169
74976
5987
21607
83352
31872
56643
17400
21206
34936
13128
20547
45789
76491
35770
44842
82387
79128
57254
75591
29862
93939
94638
77713
88400
87968
85691
75591
55830
67054
61709
92188
18795
6254
27475
28479
24594
48175
27509
7781
76928
12664
43886
90902
74528
75297
83448
88241
50352
64270
16448
61884
59400
33032
94488
268
50267
25946
24075
7501
46550
25445
43755
93358
90917
23489
49446
59373
20277
5264
51607
40186
724
57344
63545
80299
42548
40190
22358
22428
39407
62865
69246
78400
79781
13370
99923
18920
68832
422
36577
30223
25496
69933
23563
74272
1907
3274
91808
60964
95684
7575
51533
66860
16468
66981
52396
41399
25342
20213
61274
61312
20116
98582
41382
86184
17632
13051
77572
52795
9349
4664
22210
24129
18947
1401
53778
83140
64537
15487
5798
77273
83268
62072
67770
25709
20998
82426
87915
71149
50466
91899
20358
74898
56292
90800
92827
22407
58110
22817
29071
25400
84588
51973
34449
57145
36633
73215
52132
90800
10266
55316
88411
47424
48121
27751
67684
41043
50348
9459
20187
69091
79203
41029
11167
24453
12833
42196
94209
92626
75426
26398
50936
87827
63931
58304
50834
35305
52606
90577
97221
29751
66780
92603
99652
53324
40773
49400
38893
59088
18092
57477
58559
73803
36550
22277
18248
80813
54769
30901
24125
221
90544
61191
76771
78465
96532
94173
6473
14950
32375
91396
43961
48877
50466
51403
95492
40850
64431
95422
86842
82138
91496
12707
1915
79065
91086
20336
85799
63870
34038
16359
38609
85659
3534
96048
18483
37780
23101
58353
29499
3907
35560
28460
22563
14982
50256
55893
34719
3526
36825
63567
49455
51940
92614
42498
49363
95458
95744
99610
76990
96012
5846
37183
48932
84705
67549
23981
38893
43266
1752
53552
75019
24309
30228
85949
71656
79062
91818
51791
63129
59835
82856
58013
34223
31715
66121
1429
40076
77210
96703
44695
54706
93099
61683
37168
84119
31043
70180
35506
72405
93790
55179
53068
40894
15344
82751
64555
71276
36562
45940
67085
57142
42086
3615
34365
21439
22953
24916
84848
2473
74357
21424
69307
80231
54928
61107
65071
30992
28788
41957
61618
11662
88956
15545
251
18486
95751
93934
13514
44595
7084
15378
46370
28411
93371
78082
66947
6211
95308
78829
18824
69038
35686
16567
48698
57249
9581
12888
89967
58930
49289
37636
91747
91326
84912
23398
33521
41593
49903
92421
69614
57632
38906
98601
37090
20555
30797
8502
14819
90271
67614
57431
79280
49536
4290
14102
7944
88131
73624
87624
37541
87553
85238
28294
32408
23367
96110
7957
42305
17514
42812
25319
41226
89593
81999
33883
55042
50539
43857
12895
11985
79863
71189
66902
98493
69858
45660
148
95352
10130
13348
81605
58307
55489
10830
98894
57188
76654
11882
56012
85023
94670
5889
73401
97428
33888
69503
53005
16245
74877
81083
93952
39969
49774
46020
37229
770
69272
17450
42803
99168
13042
92933
8373
18656
68535
64646
74913
10012
58999
84121
43950
52448
90344
86227
61630
87678
2490
87838
15299
46191
487
20894
9790
57287
78857
84639
25474
58195
97894
8253
73655
29266
67591
72720
79899
5581
28774
73170
1603
54453
10789
86382
23807
93111
24156
64742
12507
66590
28266
84193
33057
8293
38605
94255
66364
9399
86284
10779
40184
91909
36081
16172
95589
62275
84340
90615
78971
5184
59443
97029
88791
9025
17438
25853
43523
35033
13550
41613
43795
14662
54293
29946
79179
42410
19697
28002
79039
82981
90235
73002
36339
28044
32284
29097
26017
98856
3454
99280
19320
62157
81824
85172
57377
8405
33412
90266
1085
53145
38531
21405
76363
31403
19264
25247
86182
87987
64025
89034
25002
4196
81785
87586
86167
33786
50251
63017
1006
2643
29450
31726
35320
92903
16819
98931
65830
36165
92380
35097
98291
31147
1118
30890
70054
40769
66349
72099
27444
49971
69800
65532
30242
81290
39468
12725
16712
69733
27139
67455
31185
67705
96793
8229
57534
50722
24079
47797
74858
36261
76105
3822
34056
36356
25123
56679
51433
70876
29920
39546
36986
20415
34978
32684
29131
76713
40790
59417
74218
93441
12038
56224
34893
49422
47794
38953
97710
75443
80281
25903
73840
57672
40529
72110
40736
41815
81462
46377
22392
9552
60191
81016
15261
88137
33132
22733
93159
38038
99963
62593
89857
46561
17306
88960
74054
11302
23095
49646
23404
29709
31444
43860
78141
79684
80470
41419
96479
6681
956
29540
40502
52401
45836
45649
89823
71368
4713
61300
83229
60293
705
90818
21329
54809
11939
43379
2
96852
84590
3048
58396
1476
33444
46841
90068
6796
86109
56539
66121
91293
34680
69451
14823
77651
39948
5306
41894
25870
2397
58964
87439
54250
73482
48942
61214
17182
47875
72908
67426
53870
63513
10668
21794
60461
62797
40594
63418
71315
72682
72529
47043
61335
81678
3891
42640
95273
16675
93797
7924
3087
53709
69122
13249
49913
33244
70267
39436
71523
77408
55039
76525
135
61084
25805
92930
49980
55892
23827
78834
94895
98176
63841
29103
10332
80579
27408
25173
41129
65781
78152
28815
5791
57595
52050
50680
53126
94297
18011
94367
65692
70814
74114
17860
90578
21501
72223
98592
10724
61884
77583
10177
88562
41669
97312
26834
56767
72346
17301
7865
76197
16005
25750
41433
40915
85709
19704
42712
21029
98501
58052
83323
90622
6847
94823
25294
93157
92062
6902
58752
78297
27817
93691
34410
77105
35067
63680
91120
23061
4919
52055
85184
19
14584
54435
17784
53535
30215
21319
19172
76170
16838
93801
30885
68029
14409
4739
17165
15250
57540
69382
72870
94447
81055
27498
96018
47488
4551
93111
76781
7409
96414
35113
77167
34629
51922
42020
46478
27221
43723
60692
94433
35688
35358
37758
51199
81771
88959
80265
29189
24302
90611
96003
13750
90171
40163
22386
67772
87027
81772
9111
56941
88423
89268
63936
72362
73648
42423
55243
76321
10827
5631
52370
61298
15637
27090
92376
73518
98462
39973
87022
68315
749
63951
6274
92788
51697
26872
93156
98733
63838
10288
82806
58709
37100
28348
89936
9812
1864
50475
70830
73268
15413
31526
76822
26684
34019
59270
5961
41718
17258
64096
40134
23698
50595
76507
35893
38436
7395
55554
95671
25897
11509
19861
80327
47527
79827
97306
54509
7314
76193
38001
14111
86666
86662
78181
9108
67394
85191
23006
68711
31516
54178
18515
95172
527
52164
41436
41906
58634
30279
23782
8189
87539
39692
79648
4895
30952
1425
46195
46762
99783
50095
42702
42580
43337
47442
20543
79232
72969
406
10845
65541
96386
43034
50850
17245
78262
80740
39158
7340
81867
79665
78503
80715
2095
34455
70197
84848
62045
33817
28265
93948
71064
39238
26918
45120
23892
64910
28088
53165
59572
77826
35016
89175
45645
52647
96561
15333
87946
96311
81133
63255
53257
56532
68841
61460
32386
82665
83384
23664
62184
31903
40610
67926
95848
12377
38941
2519
61231
55053
78580
83919
5544
47744
60867
89905
82050
69724
65573
20175
17711
94736
22405
30408
7401
48996
41808
93197
97136
18840
41164
59441
76207
55192
45058
58925
93276
27262
81430
98254
23165
13668
20247
63164
72456
43748
97330
22087
24387
32622
14657
94704
37355
7557
1217
61969
59760
58774
4513
37674
86076
65206
42262
8393
81556
83800
74668
50869
6999
6215
90390
74199
84516
80998
55014
42886
665
56258
67993
58126
56886
81712
41737
86139
14623
12392
94694
2088
29504
50461
33055
33438
87755
8696
78618
61195
44221
91153
36835
78466
95038
89450
3009
2024
32391
1991
88388
94082
37534
8365
8379
50136
61725
75094
64066
12518
85169
91983
85240
223
13630
47214
46030
83614
20928
22099
12476
18059
16108
20249
18350
36807
15285
62649
56187
32212
28234
3868
65814
80771
42044
66875
58301
93691
94718
4565
22095
41827
67045
3820
92059
37548
37807
18428
41075
44382
80544
71193
4991
76670
57191
10948
37998
54488
18911
29577
88392
27951
35761
51064
24735
7518
38423
57407
80419
53706
96923
29760
47092
69094
25086
85844
78802
78306
13205
28284
97905
41522
34478
639
25609
22358
68272
36485
17481
55723
74016
40718
23147
74765
40256
84784
18659
33223
78866
12812
92113
76057
62010
57836
89046
22564
49025
67067
97410
65942
4662
78176
24268
73197
4047
38553
11068
40329
68653
54544
48930
33138
13533
66940
53961
75010
15515
74519
89638
38289
38929
29431
72618
30524
59678
45100
59255
14993
79601
32501
53360
42298
31860
59071
55816
38915
60678
47131
35996
28234
27809
85786
861
44162
11482
14727
63718
69059
49446
17698
27212
76305
71065
20181
67123
2983
80234
60532
64029
93217
48403
62198
25341
31715
36565
12202
13354
54730
55416
24664
4207
50924
29391
21398
47775
83502
70906
49955
10918
74050
68261
38723
94010
31931
94606
77368
82480
4463
35236
85721
40491
65543
36779
39058
91888
28070
50171
38071
97653
47444
1064
35366
33336
75430
89245
10936
60203
64747
20034
65124
48492
16629
33788
66961
90643
57634
21875
97749
28933
27559
79279
11278
28774
41880
24571
81692
8651
48598
90828
42714
7053
14933
67035
94359
41946
64457
71150
77301
34757
10765
71061
6078
29598
48655
24911
12221
16188
87707
6285
84608
38998
70659
36910
20616
66449
55464
96298
27818
29107
41607
95467
66854
94519
65475
45077
44001
48218
53898
40230
79297
48146
49447
36215
72996
44094
7844
41187
92157
51607
31130
30335
46669
97766
78711
52583
35610
84752
26250
53498
77294
24972
24493
15995
54223
98422
77903
11353
19958
87451
19678
97736
17678
53076
74862
26574
15468
74704
45032
6938
549
75242
5234
91694
86608
50362
46135
94781
82328
8807
60627
98991
69342
80858
12124
15810
66282
92654
67824
92107
24971
24803
10360
53498
72435
65425
9974
20731
69128
2106
61776
99417
29384
33945
82808
51197
24764
53526
7351
66836
38775
30715
39958
29198
3052
76065
57289
63171
37994
96003
78424
9328
92373
52244
21931
96095
83553
25997
81938
18117
2733
11454
16462
90020
35610
75206
32832
27985
43271
6238
38507
53680
64331
15567
61800
80123
6541
6020
81511
59490
63651
33562
44636
46348
24582
82643
54702
84347
95726
35306
55575
29454
21263
82434
71576
96991
39664
40599
5469
38317
98083
22581
14120
60821
64038
82215
37245
83289
51286
5320
68873
15426
38218
91990
61776
77090
3123
26180
77778
85586
48430
66734
8345
82682
66882
64391
78657
67535
21501
34671
8804
99766
69670
67297
89377
54663
3774
98728
8232
40749
15097
12305
15621
9065
65202
59515
13063
15254
59152
98475
59308
53480
77107
97980
30795
53454
23098
49460
69821
83990
64757
53266
66312
44495
47010
2756
21002
78698
3655
40021
39231
10042
55690
18882
10062
59194
69104
57901
36214
76205
13616
61995
37009
85345
77972
75609
84866
56365
16779
32652
3328
88730
31117
40133
33375
99805
1197
76611
1207
21986
71636
72754
55923
75524
51135
10945
51897
793
54263
93745
79729
27979
45225
44458
7283
35361
51202
10472
89553
80892
57961
69938
99358
11101
84697
68363
74395
92228
92345
42881
24540
77971
29817
51459
49467
62353
16299
77680
34552
71850
39356
38218
81899
34867
28046
47114
85448
23628
24115
91757
29838
37119
59272
23307
64428
82276
42859
33768
848
86183
47867
5476
55246
22881
13643
14893
56681
36834
53474
78772
17889
2385
70994
20477
75993
59306
98802
26255
49955
68422
99899
82860
74731
11577
45979
85563
20477
37684
48121
5793
4531
97130
59591
25966
58335
53648
82045
37011
71218
51326
62647
11313
45670
83986
60141
53292
12494
72691
39083
13663
77848
14291
91980
32105
89660
69358
25528
59398
73540
1679
13655
24952
82552
22930
1297
73924
14821
43524
14947
98297
52681
88070
416
22026
71645
23313
50466
88701
13183
73555
41963
46748
29628
83351
78301
36361
68662
27971
98641
85391
5335
14523
6232
88627
75763
80515
97804
23273
88083
71681
90898
93475
28355
67713
69615
33669
63097
92466
25860
3987
56736
98318
91655
84811
90753
38774
77695
66671
99277
15836
33692
4155
67946
7002
39248
87158
31639
62656
81774
40259
66845
74283
50174
26870
27476
40401
86521
47556
29359
65209
64359
19571
10629
6694
43923
36880
62557
87829
46184
81376
29013
636
26027
69294
54255
66418
83060
91811
31545
18286
18410
19316
32247
2247
88953
62389
59055
88730
29715
65931
27793
80874
16768
96288
31041
8738
86819
8367
95330
15350
26188
50303
46273
84072
91635
43564
20539
68454
19991
60352
91500
98192
52467
26913
66933
96695
55322
24677
73193
82465
2991
68448
29332
61417
64387
82814
74473
1124
67595
75660
3526
54878
3069
50096
32038
84707
96712
13145
66563
98521
51246
12720
43685
11690
21279
75054
812
25824
76338
24072
45814
75913
43458
61318
59597
58042
52387
6001
44656
10480
3711
46826
86652
90226
43538
72503
56823
21809
34142
3352
53370
57233
79308
89720
58744
15970
24672
70047
39086
55815
86935
30852
99721
9911
9088
47872
17807
16386
33108
64190
235
13259
54355
15662
36057
47540
94204
24
17577
50808
72361
90446
45875
71697
11429
47227
50712
78041
9963
76471
37649
44782
89884
58812
49079
89167
66172
51667
3982
36675
86890
28839
30446
62649
79835
36444
63759
81321
29297
31000
17968
68921
189
55135
89380
39997
4014
2589
68027
91382
64788
19931
13576
9146
68534
63541
94676
95028
52460
48419
89342
3394
36474
16435
28045
24733
94186
75671
64340
67286
22053
4762
72256
88763
76749
44750
31009
67032
9850
194
70930
95995
92303
6895
2983
62096
45080
31793
62739
42795
91139
97651
31475
79107
4344
52355
10107
88987
89302
66277
68058
92957
16203
74339
54444
29280
95599
93473
24124
46120
37310
7214
78612
18572
57744
48727
84803
6226
42551
72982
7113
58103
47796
17768
79874
80363
98231
84893
19724
38968
68625
40712
76087
18628
41271
15701
50889
80332
35701
20410
10379
86672
8621
36070
66259
87150
70187
21047
6638
67462
45158
47048
7818
95964
3637
77191
93533
52348
4971
64196
46646
11800
99536
97317
54270
3341
75134
15382
11018
62596
77557
32894
52032
85748
62811
25997
17380
78436
53908
59986
5470
12078
7641
14569
65673
62527
57208
28913
32570
11164
96168
16636
55851
68798
97320
82047
76291
50302
97555
61929
50564
79339
6177
44113
41905
92856
61501
392
60634
72339
32926
91885
15973
43376
48517
72319
60603
48676
89554
77485
29196
15661
9507
458
87904
73135
74987
50652
21595
53785
96650
99379
36555
65414
44622
75831
79953
7936
53830
19738
41802
77535
76223
20012
55449
95918
94205
92813
20467
62574
43416
23998
65415
57844
9168
60624
36424
25806
55502
97150
26488
45348
97144
51863
73874
75289
8977
95571
11124
66928
93291
75719
98504
9515
37897
59187
98253
74830
86934
18488
55463
75938
31260
41607
46431
15542
36354
44821
9912
10528
39173
15594
91888
43425
23313
59289
40878
37479
93884
2410
78895
46060
99231
97267
39239
57915
41650
43781
43190
78195
29059
8930
70344
3843
91955
80013
46185
25525
89869
36890
5284
80584
11427
22468
20342
18582
85607
16861
44819
29780
46819
49120
25620
39256
17430
63202
21404
40916
11148
18215
68518
13568
40216
24497
89389
96374
58033
35060
3319
33367
31398
67781
16703
20011
23998
32496
99005
27558
69264
92968
22549
4550
3740
12921
39385
83192
29125
79641
17275
28794
75532
829
81810
30299
85482
81225
95656
47455
22537
94463
34559
47391
37184
60281
7070
12141
18377
96977
11900
83092
44704
20093
97511
18430
64410
51640
14960
8304
89919
29403
82743
41968
39046
44715
57423
13255
30828
76716
97454
99169
16465
1492
98516
87600
54287
18554
94677
71792
4439
91756
94340
37830
63562
9376
98365
44834
49233
75778
46799
88388
31609
18893
10245
49019
93102
92053
50576
26951
55123
83552
27347
46912
85788
25589
64330
4112
25256
67820
20759
26331
79454
67717
85834
56831
78402
91029
99309
74518
41044
22331
83305
96024
50502
13329
68089
57438
25176
23518
84585
68257
38482
84744
33770
89089
95421
3783
10613
6914
48190
38836
52345
33328
89680
21984
57859
71459
95229
96641
72969
33501
59353
79111
80435
58480
69339
4045
93158
35166
70136
15659
45518
38680
39870
40233
5192
12231
32778
19853
12873
83369
3334
35221
93038
96147
63170
27873
25634
36342
51566
45319
97701
87196
6962
7050
83871
88625
87595
31429
17185
94046
91106
31712
35539
74288
20233
79077
5120
2423
89205
37933
95835
41515
51539
80180
172
77769
50569
18251
47354
85947
78282
61036
28407
29174
92436
2311
28771
45245
89034
54395
31934
53123
35465
257
99085
60621
170
57282
21415
61333
55475
26697
23293
75691
48314
95123
93541
38326
91831
64131
92962
94232
50500
24626
70801
39792
46963
1667
64305
2969
70349
59157
86064
80208
7811
43665
75023
25363
17842
24964
10097
12068
80696
83270
87461
76205
11501
24984
83085
12381
17985
37485
67659
32016
7792
87807
51911
62157
82468
27682
97663
88073
12583
83702
71852
15178
46978
63574
21644
28582
70487
24557
20754
44233
45272
18792
66662
57556
90083
95430
59226
46403
84475
3885
37674
96615
30755
9270
46862
15250
7641
64584
81088
52818
69868
12386
94533
67764
54620
56018
33050
16266
36045
63779
98205
34343
95399
90867
756
50822
84717
63938
16605
12459
35768
99366
27124
88257
50384
85500
49050
91683
90886
2873
83784
1206
21073
86238
29616
49907
27843
71018
13900
38723
49447
56105
2246
68962
93497
48618
4099
12710
54946
92079
24141
92793
36142
2525
17115
24162
68556
50835
96607
74371
59169
32856
88620
20571
85929
68909
46465
33547
10700
32641
60023
14037
73497
85059
99875
26848
60994
8274
57864
82424
43539
56945
95772
44403
49968
9078
83253
84942
56586
74145
62384
21494
45661
76106
8286
13635
89609
75507
5388
39199
17035
85277
82925
23684
24408
50486
77478
32994
40821
41359
25429
73440
51030
83788
5631
18138
51697
67061
789
47721
17726
8394
45506
72257
26126
76531
60852
85460
24484
58965
68164
21043
2996
55104
54628
85908
42871
7813
43748
86159
34024
26117
99968
76610
51294
19685
89450
55925
38183
49086
90063
49688
44093
20464
79273
808
16679
2326
81121
81808
76687
10229
83966
62668
96443
66703
63694
63145
68842
5652
48784
58280
19597
95192
20380
67362
35296
28415
74032
42502
1508
34292
94999
42141
19290
22937
40632
27438
76638
22009
54905
84285
49853
12217
37773
52974
25076
60398
93473
28967
45510
30856
63103
52916
19514
46539
88605
7876
44943
42718
23782
71761
56989
43708
1890
54845
68298
84232
74116
26999
62053
3902
92880
4061
2722
60421
6887
60156
85106
97440
42352
85426
43327
4739
40133
31797
28737
83299
6231
84172
6176
35878
82591
63835
62502
19898
91235
52764
49280
79074
37472
78248
44081
80906
9114
48726
87699
55515
49117
12890
8651
65930
33519
39919
31463
19467
20373
20527
6775
2436
75999
40062
33926
3516
1968
80423
11219
92722
13517
86750
80080
29897
90690
41221
14518
65761
39179
91498
97603
91553
46246
1614
71666
58224
52275
85280
149
72772
51748
64167
50576
43154
42727
62366
99829
11875
11693
27354
48376
38439
81686
51080
37455
4931
75899
95665
39816
17126
46584
26143
68103
68986
81044
83225
16954
81782
1774
35626
32314
81200
88102
12896
28960
51376
13605
30289
24642
60095
94954
35256
77801
26814
3921
20476
56400
94644
42562
56561
34971
56159
85140
75192
86450
70571
18620
91425
52312
76096
41046
67314
42476
20629
110
72031
283
38595
1548
81465
86240
56149
22362
47588
27066
43323
82163
26687
73288
57438
25161
97864
2243
82958
49651
71288
4952
9271
4977
1418
27264
77521
21310
15642
13982
12598
33521
18600
40693
54895
98864
42171
12068
4872
72209
15714
511
33954
69166
79958
81674
61959
37253
59003
6100
79992
49833
67941
46286
59170
86248
45528
5063
26671
90106
74791
21733
8984
28867
96734
35490
90936
72101
92443
9185
15324
11493
37815
25483
39575
40375
66531
82858
14994
67081
53933
82178
44320
21610
29058
78951
89200
45141
39789
13279
19932
59134
57278
84084
82238
55799
45030
3094
61409
7327
26174
60523
16469
14120
88487
37396
5725
7971
3628
18301
53283
20363
97539
62336
41388
45290
29651
17272
12581
92652
72144
18589
40028
39902
3809
20352
52332
25250
92035
63876
15568
89170
82598
58743
57592
54351
90293
5164
31033
66085
23283
76663
20927
1116
89313
35620
91390
52062
17084
26132
10150
9696
54435
69460
30709
77679
52662
51964
84678
14328
59801
37825
12871
32179
87224
39000
4456
86477
59653
64648
5519
29137
30014
33642
76105
5075
41417
41664
38843
51833
87265
50255
63734
91173
5194
8314
95753
18659
43103
41916
57457
89164
21102
92738
11243
80533
31449
259
73
36215
45629
41532
91299
15803
52751
84684
50693
34786
33218
9
56615
36814
99365
46334
83546
94673
55978
37122
66013
75440
96578
96117
83567
22259
68483
1113
34912
90892
27019
92811
72160
11041
93982
65853
56697
78936
88844
43185
73784
9054
61134
39156
67749
33491
92910
92532
45621
22422
61446
19775
36053
42057
13697
19386
18343
24128
16862
47579
54857
36428
68372
90564
7088
36702
367
8669
54644
30170
56791
13324
97157
63258
31313
94227
83515
19643
43391
82598
21387
89641
65699
68711
34229
94754
14402
82400
56474
51209
67011
46908
50731
90217
18870
69795
50397
47267
92561
10385
36249
74007
44822
95697
50064
93067
13040
2491
26539
4219
51068
95463
2816
48157
33989
53836
68032
67471
97704
61530
80110
48192
88118
61616
99850
66295
35735
97819
26635
68644
16299
33100
26892
25889
46187
36757
46909
3493
51311
54912
35578
70373
86537
87819
83224
72519
79055
12067
48156
87908
91766
71388
79814
82969
10297
44619
82250
40075
73593
84737
2111
55636
2975
84484
70192
68686
95964
41867
26129
5115
60273
76373
91852
34191
85835
7463
21080
90683
20134
28225
87819
84534
88978
21211
43046
77641
21715
52545
29167
8184
55650
75912
81436
71528
53521
36748
67211
60466
74444
97576
56430
30114
88411
27344
90532
99276
85956
80558
73923
24364
98221
83832
945
52280
9727
80298
99155
37796
88230
31270
3932
27665
25364
71044
16166
37556
6054
78775
1759
47967
61087
61278
23291
28174
82832
37988
1095
92432
42617
72501
80702
90319
93192
77277
22772
27550
12800
99998
66479
94206
79542
88461
60886
45548
341
58826
12642
75851
21569
67131
42705
98666
42488
39972
2937
51378
59893
43588
7417
62511
23022
18927
16107
31416
17309
79172
12950
18140
85435
13930
54081
4426
70696
5644
2113
24125
53896
68750
19219
73218
67879
42922
65093
3944
18077
72876
96462
66147
56685
36070
69438
27645
46279
83152
76976
19322
88557
89888
81085
42470
115
7331
81930
21533
44415
88213
77601
40246
84368
11458
45405
20141
37948
96601
1086
84492
8881
66666
36957
5109
88861
20604
13626
18350
15176
30925
89745
76298
65919
68775
96650
76560
79948
68411
8560
22762
90816
54973
70649
63980
28467
34364
60388
3327
33763
14972
91490
17769
49560
52818
89482
15195
89320
49947
95952
69015
46550
19034
66320
64827
48116
81900
52164
73838
67274
74249
40694
85158
38767
96441
22927
58452
11412
98512
41709
91725
86496
78024
16147
49461
34454
48505
56762
74602
38771
65752
28261
72555
43955
97449
13715
14595
1587
1346
61678
43637
48017
5854
1280
73957
33679
90907
79365
62817
73815
88945
66843
76075
73016
19727
75862
28868
8527
37715
28656
42454
40673
19493
57021
48861
99748
76272
44925
948
17342
10463
47115
71704
48453
19792
81394
61627
48837
58456
72704
45479
39136
9843
91410
34636
85039
4069
53198
10056
17991
23218
53712
26386
38999
14839
41948
43715
57710
24451
8978
24226
78809
75125
7104
11979
87722
79795
32305
39515
75860
68964
44227
54906
54098
51531
52054
68805
80168
3424
75745
93303
52994
66061
3550
82835
98616
13282
19718
10673
88723
47765
69399
46242
29641
55545
42833
5922
49924
24794
55872
14874
99649
20755
73332
42574
86035
87532
55948
48553
85576
19187
89073
17827
49988
95893
77567
18893
77545
28505
49310
1401
92408
84122
5615
72904
99665
82207
82753
56753
48439
86265
6180
64011
99631
46200
37621
34456
13318
29034
45911
78702
79794
75826
34051
76578
20753
57888
16822
92275
27246
84018
44329
75472
13698
8935
60894
12232
79862
74236
46070
63949
40647
89157
20319
87171
4674
47721
87499
38154
87183
93050
17564
73125
65515
71664
52091
98663
55565
46850
7303
31098
52074
41280
36011
71435
16179
94287
47817
43925
73724
38242
23314
29000
55000
32945
60407
39670
74304
46265
49401
35066
2994
42448
95741
84389
67670
86722
72732
53830
89500
47085
8727
51765
65953
27574
23207
24381
4977
41703
49330
68100
32230
75013
12058
72376
48366
61937
52047
77335
66283
45723
41637
73595
42899
59806
64832
75904
55224
16477
51180
26483
57346
90296
58249
62074
88088
14250
53059
15866
24638
3298
42751
61800
28728
84923
18770
3504
8429
11930
66732
12795
95911
40645
38993
63745
46166
23963
38248
29387
57428
91603
37229
60803
60707
2868
97825
29722
19539
80238
23233
53974
53728
11124
88532
31031
19320
46583
1341
87492
24729
44224
51633
55254
99929
23529
46178
72768
99967
85784
67354
47673
85551
92825
57668
22569
92900
89431
60131
3340
78965
9591
45670
81957
92665
93010
91027
74338
26791
28812
90336
30280
17335
61653
85090
24635
59428
86364
56508
22188
6899
1355
7769
41888
81772
69987
66548
19512
76039
3925
29076
29730
82755
86873
17430
20796
99215
47535
56738
89088
75467
57616
72928
25936
34153
91856
65027
32863
76429
72690
84835
87770
7540
9671
86761
97617
24496
36101
57987
20134
3089
75169
40631
78353
49728
34120
85748
54797
97093
38207
91844
72931
51496
34709
51774
24273
24116
83362
88473
25046
7576
36479
34778
64380
96103
36929
50030
9091
95423
67507
14131
31046
10342
34415
9200
90957
21297
5400
69254
36654
19646
65015
13566
17024
77569
60113
82945
27901
44412
41889
45767
36851
4328
71671
42087
19336
7472
61676
7693
6824
50204
79009
79177
38189
40395
1171
94308
56681
69721
57533
42574
82706
8416
69643
819
14570
82267
89942
59852
7722
45478
8384
26001
58955
93921
99470
1356
43345
15571
88317
6824
89749
85451
21474
6921
92109
64482
67235
60118
79610
89117
49483
89681
54957
44878
52654
25991
40982
2073
14617
19618
47851
4500
77268
35259
5106
97640
89816
52525
22635
15701
83367
25222
48925
27569
89004
81526
6171
82737
22640
24330
53555
90912
63190
40754
53427
38956
24340
58718
83960
23296
72270
52072
76276
71276
91024
40554
85371
57153
58856
65200
10571
56568
3710
20648
79381
99698
44786
93590
64236
14618
67248
81668
14825
16647
20369
77783
7833
52606
83889
50780
77891
42196
84457
92801
43194
78928
25929
32225
50299
49103
16948
2871
34915
3457
2071
68596
50833
8593
11239
9547
26803
67266
42230
20521
33040
4277
89938
21794
95953
76391
15866
42054
73709
17847
39646
88019
15887
83334
84946
39076
22022
26006
92654
17671
71881
34741
75429
75661
48292
64339
76960
27194
79332
14158
67319
12284
16411
20879
89515
21528
99697
24781
15011
67711
60231
23088
86433
94432
21289
67408
99999
49400
30863
7036
25515
72196
90416
36822
92541
61303
73444
99867
15121
26439
28083
46016
79718
75617
67647
34393
10258
43869
82188
39155
77407
99052
71912
20897
56293
12557
8858
75988
92357
84736
57131
17122
81984
61042
61387
30537
60626
80631
81314
56014
7982
71573
3541
52158
29719
82588
74448
821
21305
96532
88086
20221
38210
87472
66306
42638
94176
46238
55480
46388
22263
24800
58286
6767
74719
59412
55248
99763
42232
53935
12309
2863
60844
90537
49724
75979
10687
21490
99682
72234
95669
85219
17763
37327
41152
25711
51465
71612
73348
55351
78102
2262
458
9052
19531
18276
23293
20496
37299
14998
91140
17126
41295
24739
56700
76776
50014
46154
29394
52486
55208
5754
99386
23148
68103
52717
54606
93997
3187
30351
12423
36603
88393
97852
38001
51065
24375
54728
32718
32616
67782
42808
89386
44317
38404
41485
4117
47955
71565
34817
10722
19933
59030
77002
36700
69396
71062
51611
37664
76302
30290
89578
47707
17648
51363
36236
88800
80474
97669
40636
29734
10688
66879
50235
21564
62394
83370
26098
52842
43633
50015
75091
91782
39289
10690
74397
40271
92574
44133
7357
34537
8663
62458
62673
89493
24568
57081
41737
66924
97731
17674
36295
37049
96510
49936
80613
30128
66656
22387
44181
90063
32612
23592
20067
19567
58944
99038
18039
1062
59536
22215
17815
35325
48555
4353
7338
31785
31864
78112
40919
89320
23737
67898
45707
34266
75108
29487
22457
46330
81267
43923
4219
88055
90066
58458
81271
50611
80277
60958
75805
94199
98476
88816
93165
99697
43631
61337
61814
49739
2163
5451
24793
7785
64159
92553
25356
9599
34520
20207
31514
80141
86199
17184
29672
30584
18941
72522
4786
92549
67101
39768
2131
93557
41783
99348
49540
30584
3269
98774
22907
65007
73838
4782
92565
70114
30265
73546
23055
14618
59868
92420
33326
22301
39921
80332
78367
74340
73833
50477
45112
76602
33467
45502
24956
33267
37621
58471
84894
25254
22323
72942
71133
47849
7534
83933
9294
32136
27275
43794
48440
75201
1684
14083
75160
23583
83044
75019
96292
56432
12796
75542
78572
41157
84371
12996
39005
23366
28682
20350
80832
45584
38493
9971
8735
72685
62357
98892
6728
37293
68410
42196
57194
40102
62182
90366
93051
29574
23253
32562
36924
87856
35256
17848
61620
28027
18473
12800
98169
12355
65081
26603
17486
80169
58245
92889
12134
43118
29095
69136
3719
28872
36329
33861
19753
34782
74004
57131
81053
83878
52134
37237
49547
89240
96930
39529
12339
91695
52898
78116
77749
5788
775
36356
47053
27526
69201
96693
40630
17570
96874
31516
67919
9642
86620
8473
49018
71102
45987
8477
2625
99412
39517
41224
82164
67292
10846
40093
89677
70293
24513
64452
55925
80838
73176
22908
84159
87482
68228
95035
67089
77339
58592
72643
78820
56169
67864
25668
49025
9432
50455
58056
93547
14467
96189
93150
35163
31632
94544
51206
8454
51330
45994
78134
14139
71349
68176
98983
51113
20826
10594
82239
28414
38671
82510
12411
66666
95001
49151
89497
6273
13120
30356
3648
5087
35112
63179
81804
15109
50440
66907
90010
4930
51977
91201
19276
36590
68989
19314
75897
90928
39161
91184
21652
79743
76432
55320
53431
87301
64333
80535
2605
127
20780
60509
90905
85857
27766
85770
28038
39286
99320
74821
10891
54501
92223
49803
79162
17936
9362
37636
80230
37110
8299
97713
3663
4920
77331
9602
28780
87353
74041
95524
82195
23166
92687
65175
13063
25940
49058
81374
91839
5777
47091
22288
30255
72659
49879
60267
31957
33637
41511
63112
10083
14752
49157
94121
31940
94222
51916
57359
50252
89002
85778
93672
24896
38851
44189
57030
29951
17694
93151
41195
42060
14299
36687
25600
20825
784
24805
83173
945
32978
16978
14051
28706
32979
23258
94205
53926
98469
76111
36868
38573
17916
69419
52649
13288
79953
2281
61390
948
66242
23521
27638
46976
36215
33790
23803
26109
26144
68638
30878
49922
65787
42117
54296
97721
28817
26430
65423
17674
81216
93424
69381
52225
63347
34296
34859
91454
2541
98249
32914
41017
14756
91389
36322
54544
37194
72470
31555
44399
4968
23733
23033
59
62659
70102
43949
49595
96768
52646
4709
58467
80035
95747
61846
18366
15987
2190
87056
45719
64378
18063
90264
90692
52137
73190
4787
79024
12568
68553
94461
83876
32298
11263
34938
22865
81582
5239
26116
30524
55331
35238
29987
75302
2355
97531
17594
7639
74464
4161
74782
72647
89693
21552
6754
23593
70067
72688
87693
13780
9923
11756
90573
52655
67755
93935
82437
56728
77250
96029
77058
2704
84765
38128
58155
57287
61204
72206
45879
82144
58527
53731
6008
86817
45785
2977
39093
53434
35175
31440
42229
12079
98994
43795
32471
72771
42671
38809
3423
17795
51232
91485
26955
45932
48980
93627
33379
14362
45513
32910
93839
1774
92754
9323
69474
79386
2227
20372
44820
76685
96105
51066
16494
79606
94183
98898
99166
25334
86651
54738
75883
99847
8494
86185
96898
22370
90538
37400
60078
74290
64919
91825
60967
3699
15198
31274
2497
69254
87439
66302
3237
16596
50973
21984
27964
53212
89798
77469
1288
54203
2801
13549
97965
54039
96656
10358
53676
57000
56965
42845
15153
53156
61825
61929
86946
23877
52775
42582
18744
70424
44208
72787
41386
997
2567
69625
30468
89494
68052
18632
27031
20967
31574
62207
22826
53864
82409
77879
11598
10161
87592
85342
35983
6595
32556
6539
21990
42647
25362
37058
16427
51973
80698
75878
65416
59699
26763
1430
56777
72312
66933
22278
5040
12780
77743
84123
19012
76462
10686
28354
8713
71441
95223
4013
2124
70884
28347
47627
52309
54109
98401
38371
48350
14209
56882
81709
80643
72018
90318
89581
44047
32022
20844
17165
62518
37983
42334
36982
5762
36445
37459
57930
91716
43772
42933
78913
92780
86651
20147
52733
75380
43243
62330
92044
52246
41087
64572
73947
13214
48374
16466
23698
38651
16355
46653
98639
85806
25525
52296
88770
46533
15944
76106
82562
26178
79687
32040
54763
72563
77851
92311
49845
99527
5045
31583
57394
79446
3412
75579
71779
75199
16724
69084
79127
67503
73011
621
94178
59837
26625
11474
95734
31923
49059
33770
2592
33702
27908
1555
47425
18438
46073
63628
88167
5873
18575
33942
65128
32899
50868
1715
49435
11144
4702
82769
24403
54193
82012
97088
47608
24517
87543
49310
80419
39055
53476
44917
67062
52533
97513
40698
11383
58600
40233
8310
74023
71095
66798
84865
42178
85279
9554
55626
86101
39006
79434
11475
26039
68901
52592
83577
49382
60938
57291
23570
67999
14941
65533
13135
90298
59667
97833
92769
61023
36190
35935
33240
54537
67006
7557
23238
53141
8336
99171
39809
95622
74436
83051
55784
59801
21229
37156
92125
36480
12754
86578
4432
71742
50785
38819
31901
51870
98179
14168
57612
81872
84939
44942
58966
92800
6471
41288
61031
58004
16921
55707
3775
21187
80256
40341
77906
70253
39663
71403
14319
50938
68191
90622
96254
4051
96608
29865
64515
48823
86187
59242
87327
95611
62355
16074
89653
23522
64281
66347
47210
35540
69535
92013
62085
73310
50228
98588
26135
67590
42990
2586
87156
71784
95478
5093
75295
85714
3293
47364
84772
62105
43597
25875
76798
37078
45786
31625
83001
2049
27991
10946
61905
24872
87332
94702
80538
34700
1669
37653
30681
91000
63758
27589
33423
38302
22555
38617
44982
49904
52124
72136
27748
44440
51438
33640
47469
46677
18724
15325
63845
48338
25604
85409
39298
14468
96942
79057
74176
59361
51415
28594
43550
94839
98292
82655
82085
12112
84658
20304
9033
58848
62690
89672
86856
22408
98161
58491
31600
91115
36342
48410
86781
67945
79461
31165
22656
83901
71617
9196
22491
87632
35213
97129
15208
13913
41443
44829
8602
48818
52670
25598
14939
64311
20978
78969
33588
19965
23932
7330
9515
19692
15859
99126
89638
53499
42622
71817
99023
42087
32671
80016
96464
69935
26829
50093
829
86159
82495
35987
71600
22935
43812
46197
93296
17224
36784
93807
85419
26986
82705
26480
16514
47020
4256
43971
48804
59418
21202
42712
80530
85588
31022
29812
86434
10225
65977
94162
99551
56335
83917
85748
4078
47925
45800
23850
71275
68295
37665
85853
98290
58437
55125
2265
55609
87649
56351
86037
7162
44538
1223
24480
16303
86106
89009
80074
9110
99913
71510
13804
76148
2508
72208
33461
82710
82206
76174
77266
30994
86953
8551
5752
87116
9504
79212
64689
76148
764
55638
63202
5773
51505
26815
4117
50985
32621
56908
26087
97168
20556
26952
41487
48415
59899
78892
87178
53580
95687
69562
41951
7432
2081
2504
73076
56414
97585
13626
15917
41912
54099
10889
55291
86272
88658
13759
41929
13860
832
11492
32702
18931
4303
55058
90896
24260
83887
91717
70758
17781
91460
67407
37767
16785
95683
77000
13572
75307
36714
4258
78207
34279
30617
48346
81111
80664
99633
85450
45905
5540
60903
52924
35621
31587
30404
62841
94978
69926
77660
92480
31742
6133
35177
51986
49405
40721
85636
72425
47037
62648
66144
12329
66653
26630
3459
45103
25256
6424
33569
40422
4770
78765
81686
78296
13261
29893
63136
73729
57944
76971
77271
68576
66277
82959
41482
50183
99990
20940
59480
97873
40595
32872
56647
18771
81370
26522
73796
7115
91267
63461
3032
9589
44815
71491
71363
2557
78605
93821
56599
17614
13992
15094
81204
94825
41297
88040
68123
46961
6788
80710
82833
89955
30841
17376
9331
51748
59082
56389
5873
88402
17276
5571
79016
46940
43532
46665
12671
88782
45399
68174
70109
20612
65381
27115
6533
41855
82803
89379
65232
70486
9917
89411
40614
99044
60452
50403
97592
92351
74977
52972
43196
24073
65158
11861
69894
42655
36205
2534
87392
76783
77856
6557
34118
56486
76292
15470
89600
85575
92226
8740
17821
52344
1395
33927
20168
97591
36488
43030
32394
87082
22195
87028
74748
18995
92310
83615
21094
51426
44710
91515
62713
4708
65659
78125
57542
61306
64279
1667
27737
26852
50896
74353
76149
26716
29084
36822
43565
64928
48440
7197
90812
3911
8885
69055
94914
66644
29631
90182
37084
10504
64683
87597
79423
78034
49757
9763
3856
28001
63860
42670
1987
28635
81522
64619
62958
70054
99083
79476
25449
43203
95401
539
49668
47962
98298
9907
31685
90897
23895
9485
32892
23894
27729
35264
56709
64252
6170
54562
8602
64162
69453
56723
88050
81518
65084
26169
15738
63353
85716
55653
63694
40868
54735
4916
31477
82409
50101
14578
35862
68940
69968
30138
29946
36272
36459
77752
62304
87782
47877
63023
16598
95136
19640
53270
50107
52163
257
84796
9647
47771
23627
64621
71987
52584
41629
58445
22786
63703
55676
66
54891
93483
9310
1006
65098
89402
25517
46713
99234
97748
33779
31501
7738
83198
75240
57851
22865
11101
32726
14395
31807
82702
9349
49168
10601
61266
81224
55818
6720
14727
72738
95461
16759
97842
32790
9679
56544
33687
11787
4167
61698
19627
63032
35137
95320
71905
56945
39206
90953
41505
10670
29592
83423
97207
66740
40466
93702
58439
82307
67534
98724
8510
88540
66113
84047
87619
68012
6497
86703
5869
19641
91142
1874
48942
60103
72622
94725
81101
93128
49595
42070
61938
61086
56503
67875
64026
38254
49720
13086
28490
29251
60126
31104
60927
82396
20024
81574
53508
69076
73831
40109
31038
99147
30491
36934
8706
43317
62745
15573
12646
8959
49086
17484
48308
92282
58013
8511
79514
7366
48420
85604
287
22684
88125
73481
66672
51384
5616
79729
23384
43681
75526
60140
56207
13654
3688
32402
34441
36950
67238
73276
3023
78540
61299
50752
16971
15318
39053
50535
68060
14128
44443
684
48234
52866
34192
85683
56787
31586
40780
18691
9988
13479
53473
40641
71715
24108
12626
40171
39305
99517
83640
7726
23149
30914
45822
7557
57980
77157
69932
92591
61604
0
97698
77067
93391
94760
39226
90194
54189
18992
49648
19152
67083
11772
49629
56513
51616
75459
926
83941
72197
75487
80819
39615
74116
24757
34788
42704
96777
29115
93438
2442
30678
80395
33499
1396
52147
30147
62400
93401
83458
53237
48895
35821
57553
34578
95293
61886
30952
47086
9294
95538
92450
85200
4508
97411
93656
22233
37063
78356
56985
56078
15398
80590
96214
48387
26315
92379
70489
58726
67653
42750
9430
13574
90815
46477
95386
23390
91238
90797
83776
52481
92296
49608
82786
67139
58199
67501
98797
15170
39308
81189
15149
73712
42537
89741
58279
18718
97591
14101
5830
23686
52686
16340
97356
16053
72275
85701
34186
39667
73339
80162
39948
39441
65390
67419
98987
27597
55943
31347
66278
37829
58296
93496
42123
4694
9450
81277
20046
88495
36769
98549
59836
55191
89950
99374
71050
70104
2335
94024
62278
69126
32577
42417
783
72208
17157
49854
8769
42690
32273
76743
67400
26324
6445
99680
3702
57523
32749
74992
46927
5482
83567
82704
91521
46573
44730
23874
74354
69025
64679
15530
44337
50475
24315
27757
79023
12244
66258
65061
12646
14933
38488
43263
9815
19365
43216
8338
13298
64220
19736
30171
39182
53091
17091
73081
17817
48443
52390
48066
28713
74470
93423
74400
53264
17589
62766
17804
35758
50127
83576
14341
8736
53243
69024
27341
13623
36459
70534
8097
76580
4261
40716
41010
86862
73774
9987
57541
74278
79157
90949
97155
30546
69434
60091
85437
64934
49785
37438
12641
92625
83255
28282
69041
37650
36424
84879
5190
79947
81082
99601
2561
6382
25761
21264
72425
21877
78304
114
60902
48814
4145
96475
94713
42834
36049
35598
59894
59543
2827
2190
29151
40955
81151
61662
85694
69441
3855
85350
80766
77464
72262
78103
86311
29591
96293
47173
18324
21573
77100
63731
80531
91892
60513
6509
55448
10158
52831
36366
92446
71367
97086
13314
43675
91602
78331
94982
26751
25360
60485
29676
67913
68578
66532
21498
67302
46048
3781
91250
2151
7555
11909
91756
67613
46940
23482
46303
34004
18887
84025
8959
65481
57690
86439
80480
80554
74552
54784
80536
92264
54243
76317
52259
83099
6381
75590
21056
63027
14031
23508
67256
83542
12370
27777
96447
37467
46539
30671
59444
37025
78948
21106
64259
63468
36277
51610
28329
59454
75442
93056
69431
71630
61950
83853
15215
70440
71261
41634
23275
61313
53159
78599
7582
38068
25080
10771
74002
7294
6788
64565
64944
73011
36264
49085
53951
88283
74715
39658
70947
6828
41988
57553
30790
10053
60837
70023
36277
53668
76405
57451
36993
2052
26700
88626
774
12279
55639
35184
79336
99452
71115
45664
44249
16381
88534
34160
76407
21096
13713
13452
51698
9800
76369
85030
68523
76831
74173
17023
19416
5922
80250
60533
9989
41809
4834
77096
18196
35473
43572
7306
91365
70280
39684
81923
16336
9333
31699
66974
26767
65097
60505
45396
24857
99590
93759
44467
19625
95538
60585
84810
79069
26360
51472
90196
570
90299
58254
14238
53389
3000
3699
18679
57773
37143
60820
12531
13820
26957
44323
76284
25483
85714
63385
53845
69917
44666
7056
59084
80868
98034
73326
77084
1672
5656
59163
16828
85958
95159
50963
57032
30421
71006
14263
81449
61091
14684
93566
24324
96190
63803
68073
85660
58351
84502
27413
87556
14977
6135
23049
32325
98784
20242
61582
85417
97020
61847
79070
19682
49292
14936
10582
20761
61423
69880
9413
87670
15213
34828
97671
29833
29469
85585
60715
87764
78656
15817
42063
81749
27402
53811
13838
35987
44641
54470
2831
13092
39773
30474
26911
67608
17904
91315
67033
47814
22175
63738
48674
52593
1454
90458
78353
34327
53946
33156
10603
78006
35264
6336
80877
96795
78971
79105
54402
65832
94218
29026
77237
9793
51728
30723
7744
66580
49397
93211
34146
93539
56746
10360
5231
96367
35050
62842
42146
80834
83740
7976
56398
73080
50260
84654
2354
65003
92761
13876
48010
79482
81889
44380
58626
73430
19513
96567
8774
93801
18049
74564
43284
74755
73140
1766
403
60674
51077
56385
42109
35101
47269
97265
21112
23469
67809
30087
84482
98009
19239
833
52362
67196
24905
51077
29276
42677
75067
85786
91860
13067
30775
56835
70836
35323
64224
72536
87729
65663
89987
84418
97639
13949
57657
42291
49484
25289
5385
46016
95106
73336
24906
2589
77222
72226
85510
18803
94918
91251
9659
90464
11216
64142
14491
57899
81253
74366
68723
70530
85132
48987
88104
29618
72834
71797
5821
15522
41455
28001
10833
5261
97813
79677
40966
9434
66434
93121
25276
81785
39908
96547
48796
19708
83644
62311
43729
92816
67723
58850
75728
62647
89417
96073
80312
2628
78516
95995
36308
24562
92742
6855
50718
69056
24479
74043
46558
87661
16833
68299
26192
89804
17211
42714
62563
54916
98429
22888
94365
57479
73802
29624
71164
70285
71532
19805
58647
60844
16449
25729
94883
90358
29618
14865
24626
27119
17925
66824
40950
28490
65192
11766
22212
86495
11246
47148
20499
9963
63415
16039
19363
84131
10791
13847
23994
56182
5112
47787
28617
9055
98155
67163
75214
37732
97978
17746
94419
29550
24873
82229
3123
50117
81243
61908
48509
60551
66369
90604
63665
94756
58029
10071
32391
94233
92549
41553
48975
39080
75794
42663
86835
25648
85816
12030
86360
72750
52256
20958
37539
70640
8081
99481
38425
36849
74014
99675
15647
73270
59289
19791
90432
3844
38852
94092
33581
41436
13224
37787
45630
79893
5567
95430
45431
21620
62475
36094
72198
76202
43914
18089
31624
51945
92417
32902
61675
96772
24373
12542
70638
26307
35224
68041
22981
4608
3073
74682
73977
35553
27956
88073
24460
26514
27073
19098
45082
74206
71497
35663
98811
266
11674
27559
81413
60782
81051
80177
5710
40145
81827
44209
97390
54816
35172
33998
54819
21578
35301
2869
11183
54747
58254
8366
15036
97427
38364
33593
82112
76962
34388
60324
77467
95747
56852
36204
27901
77042
3717
89389
77061
43627
16461
57385
71332
79041
92577
29329
66431
16567
46871
54994
40179
40606
83993
57534
75795
91244
38422
81814
56909
31765
58002
65490
8396
44393
47486
47533
79670
15562
69666
77871
89909
98760
38903
82296
38962
30362
66385
15270
16285
32219
34969
29412
80745
81439
78329
36079
181
33169
48785
71525
20070
57258
67271
97644
89071
87184
80506
67677
79283
78569
19991
39019
81761
51930
8132
27348
31453
1184
94458
42787
52800
35146
95889
80734
19926
76561
60051
63859
44613
83862
28530
66650
39853
4630
10965
46567
98027
8652
38125
99792
57271
41795
17351
99029
3630
6582
89082
77392
54122
38471
36191
97914
1676
65880
92705
18966
51356
7049
23434
7583
1863
99694
8061
49674
16423
91724
11234
13911
88449
17169
31195
41562
88488
87149
33174
77952
95711
53392
16315
84960
95483
10177
31717
50719
90534
77721
48141
29824
47616
87482
20130
70950
28960
37167
69077
55463
19289
58945
625
66992
93784
97618
26088
38319
3337
18106
8744
84321
19321
44444
7500
51000
93941
48037
68559
11336
32562
13216
35259
76302
29446
7800
49376
36445
53204
96139
25120
90663
2341
10791
72070
41637
94065
60037
89367
26691
32190
52479
11873
48683
23391
95374
64721
31276
38525
28644
32161
69478
61939
18595
97101
72373
88115
86968
67526
51544
6
5336
31936
22621
94929
15669
47174
79307
39539
26044
14094
99275
73866
34383
34758
88819
52758
84346
76525
83216
49269
1972
47519
75632
99342
97716
15112
19690
19113
69581
58746
66570
17083
44776
14778
57661
84991
52956
59348
13269
6080
31373
33103
74297
30003
56286
87418
32109
89121
24276
58758
69241
53283
87112
68206
7608
81798
85736
37328
1952
74414
17932
4896
51561
85878
63312
92818
68763
45525
54835
20660
90936
89660
78762
30270
6435
96188
65665
14082
51340
33797
68367
12478
86074
91401
33685
43920
95123
24512
98772
55337
73099
62532
10536
16570
46534
60156
31204
36843
98123
71349
28075
3531
10664
67212
43432
87809
82492
2633
49035
25281
26853
8678
5249
18778
68775
40653
17774
66252
75029
47039
64906
42903
21407
65264
38005
67118
58072
46544
38744
89482
41826
39077
86938
42620
27416
60052
10683
15194
11064
78910
35185
83707
85644
46151
3772
68925
47796
96242
36232
60259
44817
29544
383
59709
94704
67639
72680
49439
7537
59415
80864
71539
9395
30216
16979
45899
40189
49239
15127
32366
46124
66335
6598
3892
34100
15468
63766
31405
88309
5819
84566
88859
43004
37182
19975
14880
15954
24667
2900
6833
21829
34068
67664
81674
14513
61121
80779
46044
15595
79033
15824
30785
53642
90896
15614
11312
22418
72666
32801
37932
78782
77742
18733
15607
42250
70790
21462
64804
78202
88482
20910
1097
46858
32492
91996
33139
75218
6902
58357
62900
42262
73919
1978
92535
63080
81941
74190
60596
95098
59509
47154
39071
16292
25262
33215
53243
9614
87587
22528
85196
13531
39567
60937
52778
50706
23778
70135
67505
45257
50410
60326
35190
21393
80205
36425
3636
12857
98578
99337
29507
60543
46112
20541
44234
30394
70238
2883
32268
55645
15482
39064
44766
6792
78373
9146
40696
82225
38875
72215
38154
54923
8832
41137
32486
55440
4838
96976
88923
27856
74796
97572
26754
48630
89888
91638
465
49011
31844
46794
6220
70730
84558
32244
38652
66999
39274
61875
18904
23101
34587
45870
3455
64810
1726
39786
69128
40233
27855
71909
26673
76452
84869
6930
88147
83603
18040
33841
71959
19237
87363
19306
11586
1226
37700
29702
19691
61724
79361
21163
11149
7912
82852
76818
26199
96348
29351
49542
32993
2382
12043
86011
70330
26854
76546
59752
2940
79529
11917
25698
5537
57572
74591
88535
15343
60017
60288
99140
74990
89033
89581
91379
39131
39558
51037
42645
11637
11731
59743
31480
97972
43923
35295
97125
11609
97451
60999
84792
30401
2029
33154
85469
33331
34946
46204
62244
13369
95091
50661
30624
34923
50803
82612
78561
11910
23629
23848
54476
37308
15909
9738
79060
84005
79406
5710
57848
54484
41064
52312
19417
48452
1619
96956
11637
10481
58484
47486
64613
52963
76195
97079
85775
90948
25199
52121
7209
83699
28942
18154
26443
90673
77157
65548
37199
37305
63857
48445
80424
63245
6831
29146
20860
54187
29678
41886
89440
71806
22639
66152
45967
22577
23158
44507
41189
13150
93360
76064
56126
87269
68928
88486
29254
25560
86056
19305
25213
21651
66032
24367
66793
86857
1430
82415
40408
32921
27923
28557
39824
27263
55174
87296
8789
63783
66751
49653
29559
47677
65258
54892
46324
19392
58229
23552
75345
32085
33056
23141
30609
97175
61472
55049
41839
59276
62512
83260
98526
79122
14966
16588
47003
38008
34413
20425
83051
70570
69459
11368
76918
40933
74225
64867
31616
36488
24738
37213
2592
74443
91746
93828
6751
12105
90965
28623
68142
55929
47826
51494
21028
34939
97322
88704
63027
51373
83096
29735
87014
56157
29734
54713
72185
12857
90777
77096
4789
35010
45915
48577
24199
72991
84227
71434
25019
80110
36931
11971
31226
48181
69262
99055
74301
66135
44804
20397
41901
83746
84443
91198
49913
10917
44267
57675
78099
60734
1334
58975
26600
25681
5939
87375
77145
88789
57846
73819
12602
86953
32509
45676
6311
26532
9881
53821
81694
17258
4823
78486
32477
42234
42122
81811
40249
60516
88343
13315
12824
4536
93661
8652
52107
41530
97279
59532
332
87025
5679
92571
30320
51934
6808
43404
77320
38154
2216
25714
88026
93529
33912
32543
70071
30714
60538
97544
88665
47872
3262
87396
71067
35755
3425
19059
30773
7071
55666
36123
16946
68311
49314
99246
34192
98514
42728
23112
90227
13291
24142
71412
70662
85478
49915
46157
6735
92774
52670
36162
14542
13436
85492
58611
97618
22235
51126
29688
85656
57638
59618
67937
26400
78858
1859
93048
78926
32552
40128
11875
40410
53162
3199
83109
82357
85719
68692
44580
42137
73634
53770
8741
49067
70365
1132
88883
53231
65547
94864
36863
968
38098
45120
25313
14955
55823
22183
26109
86910
46084
24277
31585
8819
90381
7663
8587
7963
52240
26902
33287
78633
35314
44370
85237
78372
57894
32922
78153
63751
16256
515
93644
5081
33480
50275
28992
30629
16938
53152
86561
8181
8586
59642
7335
70512
29109
62418
97224
71149
94643
72950
23738
5874
72537
60906
46742
32206
56891
36212
94520
63471
90782
31523
70115
78240
77099
44285
24482
25859
87199
98276
77449
16967
5791
43557
74905
97286
72201
49693
26370
67550
6918
47783
26403
44202
34716
3078
26509
10908
18208
80300
8997
87129
78856
72453
48584
6673
45311
51811
10954
77017
2545
16934
33303
60839
96806
68743
76346
1865
29964
54722
37308
84419
23148
77246
85571
4995
14079
74107
74012
39682
84026
62262
7508
39802
19876
2971
33888
43166
76936
45320
68380
42747
81414
92602
1744
48329
16899
34903
54671
92525
64961
8855
84281
95759
54346
58063
46849
20498
37990
70555
4008
12117
25772
73448
18184
33670
20788
9371
62125
99582
44715
98209
68125
64572
44352
99540
13689
58338
84123
29159
3931
18342
34797
97711
76767
62198
13635
40910
33726
94380
12948
55996
88758
10057
54906
40340
70629
66192
40989
77336
26388
76642
4266
75106
17
55378
65027
78953
49396
82341
35249
88268
2051
59464
5524
48542
18449
18925
40795
68750
58721
38115
7374
31409
18888
30960
84872
81614
70480
34350
36995
38598
921
60256
60492
97407
1115
32048
36597
97259
44070
61350
81897
62393
99050
40710
28442
80760
55794
39431
62326
65091
56171
75276
82296
73070
70947
7969
507
59692
85805
22995
23177
84378
78497
6059
60530
78699
99071
34089
20408
42768
89300
84602
77735
44292
18837
55606
38466
57681
90632
52728
20056
61155
35139
86363
79062
3655
80076
68269
42134
46592
52575
11026
92277
49062
46478
88600
89698
22842
73538
19123
8178
93771
24992
50292
24112
85598
36519
66570
81297
79422
438
83541
67974
22016
23147
50467
7788
45297
1125
20650
17245
82398
22795
39105
86569
5952
54085
56987
24799
88162
50408
64480
35684
37616
59856
59113
35815
74750
34693
13656
96747
78898
91808
67986
53955
62607
8007
29370
5405
53023
74900
30412
8629
19099
82644
24114
77866
57146
34699
4230
8653
63349
79508
76485
8053
44851
31430
94988
47152
54838
659
32146
47220
42624
27050
86562
69716
77155
41564
50355
45390
19460
33787
88869
75489
87851
64223
53402
63579
48074
57730
59407
32945
64200
63371
54902
43848
63528
78312
62514
76272
84859
88148
31533
2352
52862
49368
76409
2012
76721
6926
60385
86275
39798
26976
55756
87493
33378
41775
9422
89858
25219
29872
11754
22157
5582
67568
1543
30752
32100
70168
42414
78857
75488
18092
12285
85154
50784
1294
77228
53951
25709
29376
15482
2656
97064
88838
27026
15333
91923
56105
57792
92673
38618
78743
22985
45960
75996
49416
31212
32770
65306
99004
85460
63841
51898
11200
31415
7023
22872
21584
87278
14721
99050
19958
25104
54984
42254
74064
77453
56102
50803
25360
65765
43965
34721
36861
87907
65379
91142
51894
10457
43602
5821
93623
44537
11068
54621
26868
54892
49787
26587
69954
5875
68614
40253
60853
29849
27392
13021
85028
79569
64235
35158
45641
65872
54106
77678
55172
17833
21892
31839
99583
84194
24244
85379
80876
41392
3804
87580
66603
56979
67434
53726
97576
67728
15987
40122
90721
85095
51468
45319
2373
42672
84568
76303
99991
68215
77532
62867
2450
88657
78542
42716
59814
28250
52171
98815
929
73421
12263
53228
83786
57343
36767
51284
78118
31064
20939
99988
99133
77967
32656
56322
89590
66561
90962
74579
88031
66989
23750
40614
59657
77135
89509
785
36656
6135
74876
71238
5785
89733
90080
83905
41588
23332
76800
27185
17248
41248
52691
99264
2734
66597
48144
38529
49885
48021
76092
43797
13028
30246
57053
48506
18415
29110
50637
77489
84833
53611
71211
25546
59000
21707
92876
94894
26285
59093
66127
84585
57274
46299
49901
61970
48727
3645
92655
57848
91613
98274
97754
31946
93387
32949
48773
88483
72551
17850
31243
3345
85404
14668
17084
86465
85953
66484
38702
82760
10619
57960
81873
20912
43897
73437
35295
45821
51036
31179
15858
13819
13306
67900
76336
58086
74968
56911
38370
94294
64692
97840
35938
93349
26917
9068
30034
72349
94490
59539
76106
29027
70655
76271
34729
22778
18911
57531
65805
32182
99075
8866
74973
34622
11736
62582
32451
60093
42670
66729
94231
29253
42300
34219
31383
24032
64673
63872
81683
58100
91398
49245
94084
32786
20000
90591
90973
43868
27857
28681
82073
18449
37550
66360
58868
87062
95098
17284
90198
89410
59889
68949
83306
88838
86978
27679
4940
73175
69108
62076
19873
54777
7625
27813
5057
30410
48447
3404
76111
25865
35379
2649
13609
78593
641
3455
96538
86741
17350
30427
73421
33002
9126
32776
93277
68171
84042
62177
49895
92925
34049
24404
80705
31393
31911
45983
87972
64319
76099
52331
98212
73429
88234
97729
81408
46267
98977
81741
20725
72273
68607
85422
49357
37032
62353
10358
10740
34346
32664
86468
37292
45576
59629
35260
73782
65982
22340
85984
20785
2372
97454
20654
52863
1140
38840
70805
72578
94994
64753
80372
14023
32509
72233
68689
32568
3025
48757
31187
51925
12695
14511
63741
79741
23690
44123
89256
57350
58981
42660
1883
71180
89966
71780
60169
15110
34490
14594
28904
12436
42812
43990
92393
28372
61325
99624
7737
36277
2105
90615
99859
53186
12484
52021
89663
30912
81943
64911
139
21235
8587
58283
98085
62202
3697
72650
6546
76539
88507
29485
94542
43193
53994
1651
72609
3394
49078
11808
54777
82085
49139
30874
86186
92033
64678
41517
15007
27928
20612
90383
93819
41442
79235
42589
62641
63422
54080
65508
70524
89475
27468
10651
30204
32821
16179
90253
87630
23507
5386
69685
24998
77230
25781
48995
63947
69812
51954
75963
81968
18505
64421
58940
47435
28087
84897
6430
4115
69596
75376
28053
36091
7266
20479
16306
63781
39565
79977
43912
19365
43085
47518
34604
29427
31986
45168
19445
94828
12351
65242
26211
34246
65592
91150
23549
63470
92149
30905
59954
74080
59577
91508
49601
72866
60604
47338
3188
76926
90275
39393
41543
39865
81202
87399
55815
29749
59064
18363
21973
60991
42952
52532
44585
24470
53096
24786
83507
73561
42050
37887
91965
80587
40824
25698
4077
84391
31828
47424
65255
25177
99933
27567
91727
17600
35366
4344
82859
71359
65985
62440
45478
8250
75217
12435
28849
44435
67229
11142
94341
26401
95264
89640
99844
1737
55933
35243
38461
21564
85391
88053
9325
71949
52159
18726
3075
33453
99439
45349
62940
85541
45811
41131
96493
90703
31071
61772
22975
36338
15419
88829
64917
72632
90836
64998
24425
39277
11244
84358
276
33878
6993
39389
76
70636
88203
45467
29095
9908
47695
96642
63230
40956
77201
49018
97486
54899
42134
98865
29239
92229
18951
46476
3751
33843
96801
75407
78833
74187
30986
49701
78647
67561
86302
87053
40103
76938
91527
71297
80320
64424
75915
1028
45462
78711
37279
93671
24363
27354
76282
57207
57118
54595
92228
22471
81472
17606
85805
86486
36992
95000
19034
92893
20873
68809
91994
20471
6753
94843
29910
13101
43634
12478
41319
75421
16390
29450
11266
6886
84747
12664
16750
3891
16214
52318
48598
9186
9763
83909
58458
79887
48795
60808
62560
82082
44334
99338
86600
4209
5792
65396
93149
69811
19808
76555
73991
94307
79603
97674
62077
2925
848
20129
48183
13944
64228
19530
7266
99728
54709
75875
12877
48206
62116
87949
25057
84263
56620
75264
37453
45166
45351
92905
20991
64518
68239
28449
56334
40681
95906
79019
45748
45710
2302
73929
26041
38490
64364
88219
10411
20934
82970
65398
83978
81128
91616
71389
34079
68289
5572
51007
65549
40866
46841
12044
79488
94684
18946
70229
23073
2787
45045
77471
25195
52349
52538
33572
74968
79629
46835
92646
25045
59831
58709
48593
59765
99087
43444
95180
54593
49699
70269
26523
41452
41857
10748
59700
40164
14022
42718
83099
96580
7525
81553
71901
56839
1840
37928
61413
17688
30213
32635
49407
6021
10936
38763
39815
16433
31001
1186
61261
77160
77058
16505
99559
68173
44256
64659
4050
93135
53307
72167
47623
75451
99651
39099
84406
95691
47385
57771
40706
30972
215
24937
65657
58237
82429
36799
62669
32355
53977
4208
60180
24442
60114
89436
41241
62037
29105
69954
11100
81286
40141
46335
13613
7466
6705
30837
26912
56956
50252
93416
49517
84969
9877
99234
72040
10947
21273
53013
10648
4527
28035
68992
5430
36058
57702
58155
16675
69576
1066
8845
4934
80972
41297
73517
61505
17684
49732
14629
87951
94204
68191
25378
72604
58659
2165
24616
3904
60443
51937
19987
33690
74713
60107
51928
62534
42828
89235
64713
45242
17002
2846
48312
27043
91206
4026
1267
27862
86334
74319
52365
95797
3249
32675
66078
71041
5966
71050
85696
85206
70119
62985
66906
47208
76292
28453
7930
43640
17492
91469
35771
73203
77471
50977
17095
42215
83831
3581
4629
20482
83724
9190
54291
3561
22462
44239
7871
2385
47053
94632
19311
64478
9997
92804
99953
99734
25398
3654
70380
7553
96567
95080
88005
2336
54570
76263
57694
29030
11235
55118
30616
52343
83874
12413
48250
68860
27976
93109
48330
65888
59334
82211
49975
53483
33488
95911
29977
12088
63569
62721
63376
30932
31512
99351
61546
81846
69136
71108
27905
62197
62478
84640
11840
28683
24483
28808
50277
55460
92625
14282
71074
2018
62843
42544
9310
65105
79156
24742
72953
9762
46586
34377
49772
1286
41851
33966
94350
19817
93109
25165
59124
15976
22236
60552
36400
18320
90900
34971
62010
13141
54239
66018
14540
62315
21680
86177
1382
74053
26078
10260
93938
59528
66580
2868
78819
59114
15845
17027
44727
78060
86717
98676
13243
92146
63698
18842
3277
65531
97369
95499
85788
61281
98614
93712
32779
2735
70635
10604
88501
74906
6897
56166
72875
99261
22213
44821
20537
51157
47705
83816
85606
70165
939
4271
30906
50823
11571
85353
66682
82400
79702
88587
64686
85279
51832
35433
78788
98274
92462
55972
86446
79332
25425
31920
83078
71991
71183
88161
65105
79962
34939
11793
32513
71863
83301
73617
96597
53244
20804
53322
507
50899
94031
12014
7542
36672
70923
60000
74202
93655
22239
10909
82036
10648
11811
81253
6023
53160
12567
89610
25329
48205
81424
67284
25036
54725
79757
83470
24016
69028
60007
45425
68086
70856
50887
40266
91735
62458
43858
32267
41778
13668
33183
36075
27437
90377
6154
94906
78963
65766
4321
85190
89660
17571
46138
32035
41994
50421
25447
84826
45711
31891
43298
45553
93804
34003
69827
62035
14485
38113
87889
76347
53168
73083
67797
39714
54908
18380
55786
31555
7758
56003
92368
39175
60054
42255
42912
98643
53760
34521
66137
38634
4758
92542
83193
15103
76516
27560
16551
70747
21908
46152
71693
84295
6775
29873
15876
54583
51940
28628
26535
21203
98075
3956
9449
69827
89443
53509
5955
98679
42865
24518
48389
89200
99754
85432
10158
13582
51967
82138
80695
15351
72119
9347
6921
37185
6443
5307
37839
99580
91435
93270
80486
82175
70046
31277
65424
55341
22278
84218
6408
16036
59874
33873
75025
29698
68333
45526
27687
20084
97028
30943
19766
89660
90564
2183
43433
22590
33746
98283
55067
8167
54964
62084
31242
20571
3868
92962
94761
14682
34693
11810
47252
14733
80246
38380
82143
50643
69284
2443
1319
24483
19413
78697
39978
67485
77630
49671
1234
66353
22989
81014
12588
27019
94723
88597
49335
10618
23577
98823
44536
21468
10435
90256
82186
53832
51186
31276
10355
84247
90612
26508
19666
86799
69078
34702
28757
87022
41193
38999
89735
56975
97122
39888
30789
14172
86684
73338
12434
92081
40696
70000
83136
60040
65476
35000
41807
63975
66522
74309
50419
48098
5247
1228
16429
68173
2412
37376
93340
70339
14153
34892
14668
4428
37173
64973
94892
23758
91619
26474
56637
12083
72542
39632
71495
27155
28524
95086
102
82110
18993
4842
48481
66472
83531
65919
70075
60817
69978
42932
79970
55632
31490
89561
5029
6044
49065
68352
80611
71990
23675
82166
37982
34934
4046
92349
67599
45040
99135
96455
68371
27714
62331
38929
20322
90974
57114
82874
46272
73231
38821
56478
68365
80937
25016
9203
91191
81426
43843
65567
88655
42566
57642
97716
27737
32844
36813
11434
9884
21971
63618
23383
43930
20839
34397
46765
57914
84342
86801
91024
48801
98042
5617
9010
46783
739
94000
96845
43301
14434
51750
87773
11636
89684
47539
55383
19792
40873
18174
15754
54036
20432
6775
17
18944
43553
75643
40465
43085
68998
83701
36981
640
20647
93441
44132
60477
15665
93484
17148
4243
45954
66071
40653
62645
27635
80122
98036
20905
43714
59366
88018
3129
25627
63203
66665
94983
6723
86616
50579
40926
53217
99720
7038
13411
57641
90329
52552
26282
38855
65777
23091
19365
75620
66105
8516
18008
19895
8899
53022
85735
28587
29928
25495
74832
52393
13482
66867
57718
80322
2808
67749
12882
42171
36784
52895
88878
85110
87806
79825
20588
24473
40579
86374
77120
47037
61105
74327
38047
56692
6707
86090
2031
49848
24873
299
43709
39884
38160
82053
8270
78130
55712
2044
62413
75657
47408
52938
92451
67775
61204
117
64261
98299
58150
75242
79175
7360
91331
17624
20271
95583
13260
30955
87908
79836
60908
72963
73412
46298
32986
44272
69173
20422
85812
76620
98451
16093
13739
50902
89576
57883
894
30502
33786
19649
13951
99538
56031
86850
82769
42844
61387
41450
52211
12437
88330
20492
76246
1107
56681
84198
65578
43690
30638
36595
90839
89993
82376
46861
38087
44532
39648
94940
99777
76698
34767
76192
60912
88722
75626
49015
62754
38359
71865
56811
94124
96189
16389
48379
94059
99502
59695
90468
75109
17926
24253
78476
93262
27111
43727
22795
97447
2586
87408
44375
26272
53923
67048
10090
78462
37119
3118
95314
60056
82269
97435
11541
21659
17526
13914
91550
22222
64426
92475
33096
98959
48729
51462
73574
59388
6330
42957
61837
71150
84667
8091
575
71808
4598
88680
80821
53901
96589
64334
44232
16823
58786
74902
95612
89732
65781
67563
70633
355
96570
34577
89063
24141
44278
4878
39957
54054
26134
90342
72486
36290
85612
19237
14377
47332
74823
53269
37300
44994
40206
29583
24653
50405
77978
80430
38548
73420
2477
49919
20815
32207
73778
19540
8115
98401
43281
46264
71885
32463
31407
42750
58891
1670
82720
29906
1289
23505
71339
44272
46811
87615
53241
86675
81972
28899
82200
28486
57297
41653
98546
30519
98181
50870
87749
72746
31298
86225
55647
44649
56257
80188
42968
5624
57966
42238
94956
87366
23219
85322
28211
33632
33246
70154
62431
30528
47570
45655
43314
46916
96360
36900
38073
60953
14111
155
97864
26261
42535
13439
39411
36515
8870
26801
59495
49305
37796
73934
57571
81318
1882
46772
52118
8424
86610
67429
61750
9274
70074
5605
13882
778
27147
96990
28501
48136
86737
83395
48976
38042
64278
93201
34370
11532
41487
7664
73646
61381
64546
43481
75993
43701
54770
32755
60999
65227
83721
59606
23634
90723
60930
65264
32677
61501
25136
15621
40891
99752
56942
30289
4431
20828
80547
55049
97375
89544
65073
64768
58690
47968
94171
44133
80675
55096
30097
49962
19546
9006
12889
43327
57637
14273
50812
46205
20648
55616
22602
30559
38398
61662
68586
9162
14138
73505
38626
8173
8799
23097
91136
12067
83800
20078
50883
60821
92021
81298
82537
61501
33474
86997
77077
76902
70918
30455
43996
55023
94709
93401
2669
30382
56818
89100
31515
11985
43141
7691
65576
54911
17141
5701
36527
90813
54562
79858
95822
57613
4513
67431
60527
32241
7925
76164
15505
86893
43430
62410
83575
93131
75777
29930
56365
90808
18636
13625
65139
68459
37124
93151
90440
22117
69269
5615
89875
23987
47573
57329
17072
49297
97277
93051
21782
79786
46405
5662
91169
88634
55899
18525
83809
54804
78144
65784
97342
80511
99135
25606
90214
45435
50315
31137
17749
28290
64340
58203
1600
24233
66469
81583
26238
93253
80189
86674
42131
61579
32103
14633
9370
88272
63321
77940
51310
35183
60390
53127
3125
61929
80736
85177
3082
79174
6541
46549
75909
66681
89573
16526
35561
19138
46758
37072
25418
83693
99123
52241
34330
82104
17040
83367
69454
96850
72178
76275
77137
55455
92231
90490
32261
61560
37378
1557
14449
74703
91872
91678
78507
7824
34428
56715
75107
31907
47499
32343
49930
781
78646
67579
13022
74583
75346
94140
34995
74982
14141
702
85023
83529
15606
84567
69890
51602
59961
4350
85103
87067
14999
68769
13340
85322
17454
78070
90754
26543
55306
10473
44945
60234
5591
65877
18740
31689
64386
67310
15164
9679
90763
48762
81323
57425
21705
91904
47328
35673
60890
1464
79002
38861
77189
47810
95306
82827
5999
27123
66041
92075
13558
51819
85171
70630
66444
87265
53455
96308
948
12607
66429
34353
94546
63818
95691
377
20338
54650
22771
45875
86969
78056
13284
68714
99295
19493
26891
22518
54257
43463
48541
9530
60162
83870
13988
71078
27497
46117
42469
34012
45275
19220
74634
50160
4774
17907
39824
55016
45383
85385
3311
74755
60456
16689
54593
30518
40090
8814
93585
89361
28522
84245
8098
90657
8771
54505
74681
94830
50561
53989
58792
81924
81933
62961
69975
6863
57818
54871
24241
31264
17978
46000
97257
87789
46717
91224
85287
25492
18824
9376
95826
69439
54542
19522
56699
32099
54894
57614
75588
15138
18760
21795
90220
46609
61341
84922
75193
34100
24930
31836
25824
34950
92960
8372
3987
38068
31788
30975
44871
54185
47358
11040
52353
93252
50192
88016
57341
92261
41813
7666
16539
96935
63283
3173
34311
78342
52606
3571
52066
66754
84627
838
29746
77437
17773
76377
85059
57726
10184
11436
43224
95640
19344
30034
72787
44036
80260
92901
10876
49034
85997
68537
81905
32639
36693
84366
3338
76168
89734
16575
48424
69789
64192
25271
7706
51497
54486
22403
7436
22638
17221
95139
98092
10277
5202
50650
83386
3747
98431
88836
31851
47511
76778
60199
78586
16495
99778
46114
59052
5819
81959
66883
94398
24489
95901
3797
83117
2671
48876
87094
51618
91976
18744
50022
44376
20885
20504
3995
74859
62181
42196
94546
53279
63151
21056
72512
22378
88572
7791
73958
20927
62882
64630
84067
44472
95914
42367
8931
36383
68755
29926
55221
90009
2800
16436
70779
69584
29900
22165
70906
83227
81998
49560
27473
69452
53047
94979
7815
36566
64456
26576
24189
89752
46945
32455
71682
76330
14596
67417
2277
46180
12888
36247
51397
13830
57738
23117
73925
51879
34925
5087
42043
61917
10530
28670
33159
24037
73587
55110
61441
68080
25
62551
36331
77419
3005
80590
71782
46185
4859
12576
13504
68943
43011
45875
59082
15803
2298
37272
30440
91602
64189
95784
18498
3269
63845
16538
36696
21759
2566
76703
14674
63054
98513
77307
84917
17451
2778
58911
73553
19143
90899
66247
97847
23540
6679
94637
55656
52206
44324
74985
23081
63620
39167
13766
51347
67623
73947
88801
68774
67118
60404
67808
18462
8994
12406
26733
30621
18221
9627
68718
15464
74298
22449
7683
4526
95913
6841
97883
11043
60690
26604
97330
24907
77619
62808
13547
89009
27223
40936
44102
17591
73861
37698
72127
53096
23778
5866
21251
41513
60420
54468
41807
68015
15669
56183
58119
90986
83488
27564
13615
31326
10299
63638
60586
49650
61104
14795
59820
81793
35946
1136
70334
4398
74457
87284
55246
29589
7490
32115
79760
46365
55461
91514
90902
73513
77996
91306
57639
84525
41326
9653
58046
82270
70781
27782
16610
8834
83058
88765
48670
8711
32082
45464
21980
66672
29245
22637
73954
67017
42964
51219
82665
9019
97188
97697
27990
17403
67315
30062
67448
51389
18982
7288
27965
10663
15980
34144
15920
58976
31115
56690
82067
45127
12229
57538
10132
50463
84646
97138
14480
46152
75533
13776
38753
36713
92757
72060
55909
89321
81919
39591
61389
17022
31805
59960
59166
60029
79229
42152
44583
68111
51408
87789
53824
54564
74710
69331
70907
92129
2120
89670
30154
20821
6882
1357
67501
72970
68587
60592
56757
44887
20930
89658
44762
59186
92135
10841
42646
18755
24579
21282
32988
25235
38164
29202
35992
52163
52345
65488
97477
76538
99703
56622
48005
54614
4582
67437
93344
59043
55483
79136
73692
20745
67602
24425
46036
19551
3863
75040
44153
60702
57457
17106
11010
18129
51372
26726
96849
45128
94626
8955
48612
1004
80646
70093
25716
19085
38316
16854
91854
98167
34360
47281
73196
68578
80354
11993
68559
2601
37026
3345
95962
20114
96445
65149
87886
55980
87980
72717
2974
57399
57478
31641
90030
99357
92874
8040
41037
97183
84619
36683
95052
84586
57367
36678
96954
26024
60422
26095
80573
29490
98460
97743
92015
42659
71898
5061
94835
23912
46568
73930
98194
35092
91479
60847
26711
55376
75542
14274
18979
15471
7348
49296
83213
90112
84332
46692
14330
55613
21586
5549
1717
93696
47896
36894
91755
85237
81917
93551
85093
33258
76371
84897
23235
36162
74155
12607
68018
92713
85471
41216
73225
16163
57628
31304
52166
95326
72586
29070
48096
87909
56634
64121
58632
55254
77419
20675
25441
93803
27992
48448
14937
72916
23554
77591
6563
64358
36949
88111
3923
19597
76089
98981
83445
90653
14936
58457
34378
29254
53190
68873
64288
98086
75090
27189
4364
22328
87304
75618
55335
46314
8001
9754
61986
3628
92648
54608
65128
89284
19913
84193
75663
51903
43672
85334
72345
18274
13050
63590
60941
37343
9588
20089
4493
72226
82959
51527
55925
83947
41573
28478
60367
71798
85099
66434
93685
4278
88890
4303
78180
94400
92155
59739
26681
23715
89615
5622
51339
52086
94584
69587
95588
57898
73480
11968
14973
39774
84676
6481
81173
50194
18036
91644
40206
54675
70570
47357
91301
93812
77612
64857
48972
78430
27039
81567
66245
27198
15410
73578
16893
75292
48485
22820
58658
59533
59605
24517
50915
77470
30853
3673
20227
41681
23593
47487
8217
96964
42322
63501
87622
56140
88049
77457
45204
99169
30570
26227
60520
36179
4727
2102
13604
4698
72341
14173
21212
54379
32207
38474
12114
79430
66214
71745
36048
4716
53082
64684
58530
29262
81111
14328
60173
58881
36094
19484
7216
37998
40879
77625
3605
13766
1712
25853
47956
81138
6973
86082
78405
23240
28652
17972
70143
18841
43451
65167
3346
41160
80664
78886
49054
1621
77005
76224
41902
36727
42407
55741
85876
92329
79009
31511
50625
85435
92754
79236
88929
74249
42991
10807
52753
96392
47422
85926
8703
55677
4568
30662
26653
63976
43834
19826
96960
21309
66153
75243
32667
39731
51231
22521
66451
3221
56342
46736
47135
94263
35408
38894
64575
76099
65057
85536
45845
33744
9625
66692
90052
52372
40722
44169
11172
34768
10898
6547
90110
50346
90621
72731
64682
29848
60923
97011
18403
94584
15073
32295
69636
7165
92671
90783
81922
54435
53637
84257
56421
42403
84883
1331
85571
22946
6971
21790
95515
10661
73781
52590
88939
20991
4895
2550
1455
87690
73423
12112
67639
80244
25335
19522
62403
52337
10643
27164
91901
63982
57169
26462
92179
75366
58014
64727
81456
68077
80937
15720
8278
54921
73367
90247
49947
11009
21794
23071
5149
73198
37198
94964
61986
35438
17258
868
52720
58647
54367
66281
77606
37480
72664
2619
49845
4091
76462
59091
30303
31031
41775
4299
99082
24227
53931
23009
5057
65812
5050
16985
75816
43687
27373
14402
55353
32394
496
4785
64320
24340
36120
87497
3919
78165
9295
79997
23551
84776
87577
3660
63364
37670
44001
46923
28043
72500
11750
62496
42450
67804
50364
26026
69733
91225
17440
35774
88881
60459
53275
18957
70854
89579
50930
7361
90478
3065
98792
70918
63236
53233
9457
53605
32338
24603
97172
34955
29708
60322
41979
8041
65283
52604
15002
31605
93383
57512
90042
2925
72540
41143
17153
51515
2295
54656
73728
52
47893
87735
70585
43003
61368
93336
87882
33379
26303
84125
85690
91153
19073
31856
81599
98176
99046
52346
68586
54014
25602
64313
72048
42003
12783
60400
6581
73313
73126
83800
94551
76999
825
25332
71860
44672
7920
17731
88697
44553
36414
80943
30953
97792
4767
33826
46854
70184
74928
89624
57823
48488
31723
57871
74101
94323
42526
1499
13483
63586
79815
89238
49963
81950
59854
74548
70607
21690
53535
58581
61810
42812
28450
20276
44564
6012
95257
32828
1347
71429
14645
12987
43373
52537
7765
17934
39999
3762
62589
36635
55576
56802
36431
51806
25231
4955
12904
85403
54525
98027
79321
64914
34985
54848
14080
34929
87407
57513
44931
91043
20524
33468
42217
50374
1608
79188
45557
46171
98656
65907
87360
8438
86990
3589
46833
54516
36376
31941
98171
97549
94674
600
54707
82975
68561
95223
11725
76554
88974
22059
58610
40282
35858
63345
77088
71391
80260
96093
15326
2840
25900
99034
98138
2926
40067
89455
82305
99837
33913
15070
82139
69261
37699
11846
67328
4799
19839
75976
40731
91298
54309
80038
39705
83622
89900
28487
56078
32936
18965
50552
69221
8395
61688
60493
69889
10472
72842
47460
93876
43708
84584
42218
98971
26112
48322
84407
62997
36278
35687
48885
5151
15999
82152
2590
58445
26185
56556
78915
20326
17318
25584
29449
9469
91448
664
83021
91207
78216
18775
45032
66558
80565
76663
43598
47825
40330
45829
83665
84741
98857
73052
40482
76237
58755
21644
11383
83873
66217
55879
10216
63774
88317
99176
48756
79354
67073
38144
76609
2978
36017
58526
32032
53554
72141
34074
66670
67888
48078
74463
8726
9349
16122
43923
68788
82777
18291
87396
70550
19562
35433
50448
82075
30280
56080
74161
12541
51537
65260
58627
48394
99428
62921
75731
46606
7108
2119
90566
55501
36747
62834
33220
41260
50280
21455
42911
52783
16502
69459
47715
56381
33915
12238
67068
93919
4986
23492
31263
83304
90133
85916
10550
67983
15170
57970
53067
535
3785
52551
87151
76399
62839
77624
92392
56437
19714
12204
13749
5494
43450
87526
24032
42833
12424
4347
3839
99769
88902
12445
44102
5465
42842
22262
9100
91058
23696
55313
1368
51295
48148
73425
80553
37306
86761
63365
16671
10775
11688
94099
12873
68878
83224
22258
92396
32086
37222
18740
44300
80205
49505
53343
92570
7476
55893
45373
23386
57335
54563
92713
45392
57386
41945
59530
58567
67919
9363
70525
75005
10325
60717
90442
32047
81370
92323
78073
81724
17264
39528
1021
55064
51646
5503
3566
11856
38845
37274
4277
75316
63171
89324
38816
77222
4029
44269
18581
46302
8052
92234
14307
77143
21170
52326
5044
1722
3583
82673
43999
57765
22916
95746
31291
77943
85584
38548
45517
40954
22264
75483
72738
73774
26745
27106
24760
64430
24698
31811
97590
75937
44141
23330
75741
44096
27572
94598
886
15071
78560
95156
44170
69209
79540
45513
69297
18140
79592
2644
99170
10606
71466
6575
11593
44155
27902
61624
87382
62364
47750
84688
98610
25350
33853
18511
4525
3404
65118
39745
34419
22065
17474
88225
23645
97774
73989
20689
57987
12476
40170
96979
14191
92351
73237
53063
59532
91312
24214
25954
80286
61061
86054
3175
56492
71198
64393
88228
23320
89391
68819
1292
20047
91397
16104
19884
73019
68535
50268
47245
76341
60971
66425
87397
21848
56193
71646
94777
90386
74208
88868
1587
29204
70875
2652
19196
34952
61824
31604
23767
62721
33629
45273
39514
50254
24207
82295
73673
66345
82472
55387
72561
17900
1980
43705
1981
55811
73033
79945
95225
49788
68704
12205
27937
91707
44628
19438
71428
37482
55550
34531
83227
68750
7562
61651
6016
31445
90370
79730
14508
76203
41973
50088
83857
65739
54468
9135
64593
47186
23817
14811
41657
56464
36388
21300
41534
26616
34691
67262
89618
3863
93261
76314
97059
4545
8171
7813
56561
73542
10931
95262
86633
51140
65843
80965
37570
96918
34647
56031
67923
86570
22647
21782
44432
50193
50719
16029
99327
49519
23068
31890
46299
34098
52736
64188
36869
40927
61203
73363
10465
11656
17814
24446
74132
50137
62676
86648
23256
30546
57992
95756
98969
29519
28357
6688
28047
55331
96518
23182
15321
65284
86419
72204
64882
19967
24684
95693
72947
79532
52981
83361
90821
67036
6846
98871
74625
94159
10094
79843
95045
72610
64684
25755
73205
18085
70057
11099
52556
91019
41229
46920
99550
55866
97596
17906
95148
227
15813
47762
13314
91851
76007
16275
45872
19976
51713
78861
11619
5543
28820
47084
19392
6314
12182
69487
19292
94831
44790
57292
75707
95051
16007
73777
57571
92279
65900
90406
47004
39776
59134
84719
11366
27330
55965
11405
2167
25775
47696
89859
33008
31784
77082
7989
86586
9998
78652
91725
56130
69395
12801
88184
74383
12682
64809
8589
94172
1853
44661
19566
24342
70844
51308
32679
73267
37363
8873
60435
40757
10690
89597
13626
38901
87028
75876
76937
71507
80688
81976
89627
90099
13980
60417
32572
82729
7079
93888
43005
12496
44845
99980
15279
85179
13571
60286
84893
17411
77760
21161
26118
56766
9769
13536
40182
74737
27127
94236
88833
79196
18246
35285
14395
86356
16508
50669
46486
3086
99252
45772
2329
81174
1511
59462
84378
57439
96055
40313
3928
99605
35959
98995
25815
98543
89625
67440
54968
69153
53749
58208
35925
96813
68467
13735
4342
18009
19382
27679
32691
13660
77157
9720
78438
70449
7927
34367
39499
5134
72987
33948
20568
77935
84385
99701
29651
44043
6440
63632
96404
16713
54148
10038
42681
9355
39403
56275
59136
93575
19837
73978
22564
89527
80878
59910
598
40071
40914
8059
78615
43276
81283
41482
19856
4051
80850
84499
59567
25879
4552
6277
63774
67340
80503
56001
58113
38329
56290
20189
35788
95427
52901
7940
55999
67875
25922
73210
98399
86618
68298
54333
33266
42875
99077
90152
59798
79174
83486
96401
1438
37461
24813
2098
82570
46640
24418
90021
84226
97179
91371
85352
90832
22927
93954
84448
63319
19749
9686
46681
12243
78
31253
76683
73742
35105
34931
4729
2044
32972
58905
70675
86965
87563
70092
54716
41196
86071
84377
34982
55344
12341
75323
77560
20190
78991
17064
81425
95489
22880
78686
85959
17192
15657
74149
39944
9026
70241
7937
68098
42008
85961
33399
67486
49478
43229
49625
17126
93688
48198
53520
78151
15806
86348
19525
83570
11531
40009
52812
1469
28080
28377
63789
89991
51024
749
85776
26712
17631
69439
87557
79046
56956
78752
30893
39604
51464
88397
84296
93205
37570
29088
20508
40654
34080
77507
52638
3450
12556
32703
30817
37319
77048
42962
94456
41245
82688
39039
649
4383
38619
98592
6097
49098
6365
33878
35694
71354
67756
36289
72524
17484
4893
72139
54223
22814
11467
68798
2618
29235
91635
14486
56346
54323
90158
92497
13683
39438
5100
29635
31812
35201
9865
4199
121
16689
30127
88239
23757
1684
44233
90204
49786
47472
63006
8105
5343
99899
47346
55234
42093
77249
32629
28050
57165
40516
66566
66458
6545
24382
51976
66973
12790
60450
1086
36728
8147
12960
902
72591
53344
20359
57456
43618
76038
50596
61210
43039
87967
62921
29833
87729
95530
61194
56646
39319
78925
17088
2994
74511
43911
11536
20775
23184
18193
47782
43181
50455
28080
81370
74326
94361
40539
64629
69943
77752
49475
40173
54435
85009
96355
40652
50277
850
28005
69839
10682
2472
18095
3882
82536
69590
56104
47497
37919
89218
82795
92561
85035
59977
30951
48932
9715
51155
12400
3492
51793
14785
33734
36815
21870
38851
3615
17640
61401
97062
10228
21974
97668
57386
19781
47174
57340
34002
92810
61836
60931
22197
42647
18823
48523
73201
89098
80194
21329
65823
41204
91606
97939
33953
42242
29805
46255
37816
91720
33441
41050
82163
99753
22179
91642
3201
96741
29528
77697
30151
90911
89822
59334
33293
45737
16012
60033
95475
71342
72151
2019
68578
60092
78097
95408
96125
36013
29323
22714
75957
32656
77851
15931
57211
65753
93849
30799
73489
80577
63940
91115
47002
48699
75138
81534
14544
33749
73444
45602
63028
54503
95431
8255
31487
76155
46647
69853
63959
80472
36878
93667
95646
33613
69242
9201
10693
11735
82237
73654
2013
26831
53710
77103
63982
6131
41597
47613
59008
75119
88915
88097
29303
89320
92759
35767
68252
77509
50734
96557
94069
32090
57530
45982
26775
84242
23235
46159
85426
43704
83795
67684
6443
17666
63642
84640
76039
82395
46738
48248
16098
87436
87613
29779
96960
58822
58283
40225
71899
59822
9080
43540
28539
98501
75602
52447
28259
33363
77432
18377
11112
50736
10941
68494
31837
87631
48172
1587
83305
86823
53478
69539
58490
94782
47879
4203
86419
13108
6886
81231
13985
26698
12603
95495
23851
30318
94203
91833
64872
33156
4606
24180
44330
98290
66786
16742
75608
45128
3400
14203
96633
17930
49052
71122
69740
39835
91987
80798
84661
12936
24365
93110
50898
95054
44409
24281
11883
70088
3640
95042
22856
16570
45465
96483
43356
86771
8100
193
92383
84258
41458
13068
89498
88633
36729
92089
90651
14550
45414
2302
45033
13235
7587
99146
40721
72460
93048
42142
14654
81993
26221
39020
8040
73031
84590
59818
32195
51751
47175
59059
43864
43314
92559
56411
78353
72295
69153
44780
2701
96547
79364
40546
36499
91916
36461
50719
67204
39482
11515
34187
93033
5986
95616
97580
66379
90081
9471
92958
64834
82273
94768
39984
79525
84459
92897
47131
5952
73065
72695
83551
90340
34902
74610
90363
91064
49413
50350
24361
25229
22219
20453
40884
49199
90794
27058
25527
86999
95194
63665
595
64253
13526
25571
95212
80555
5601
2125
65345
49357
35283
33567
61414
85637
12708
81170
98207
2522
6355
25483
98428
60561
53491
40764
68876
8340
20531
36586
14143
29550
45288
50345
59804
27065
86650
48291
63099
65454
73448
55735
16512
30907
79064
71166
32724
95571
55263
17546
83618
57984
19145
22215
267
9459
55046
52163
51815
94364
87474
20298
49177
48533
34655
95369
40973
21144
17504
85684
61104
11697
37812
63364
35084
4815
69293
56824
72671
44372
15037
16732
91607
65995
95549
33287
69484
70553
92057
66686
74105
13772
3738
17238
21945
74640
99633
60759
36218
79712
83517
57307
9185
2586
99802
43894
1850
12139
102
70736
10105
96618
87793
44493
54258
23105
95488
50990
87921
13061
36062
26257
77367
33542
30176
28531
75635
96834
90771
3221
15096
72053
15717
37628
49312
92043
63148
53650
85981
13269
10871
38891
79063
13626
5487
29826
1480
73253
44425
20865
13168
84572
45483
15200
95221
87313
27832
54724
55674
97681
92666
97545
2267
58105
12619
84154
46338
45545
72128
36925
47946
72433
48531
22636
47150
23303
91147
85917
64620
89243
3018
14308
76891
450
5523
98702
89030
20846
6485
9518
62596
40351
13177
5045
47861
81330
41060
77402
66748
29815
14377
18649
36308
48641
97870
55544
17328
6935
8761
94244
94642
50823
65720
32986
17511
73050
87530
8929
11966
85923
30348
29685
8963
10769
51140
74175
56285
80035
75235
27103
40640
96891
95835
53996
94447
60683
56254
32914
19154
50380
26094
75386
7759
55534
79174
72423
67016
49610
84100
71548
23090
38931
6385
65148
25965
74954
98863
37129
5828
22513
8222
90254
48771
16951
78698
67288
61168
89362
45525
32223
57064
10315
19676
59458
76439
46291
58729
13616
33746
61012
27157
81795
46101
87874
27895
47015
94196
60688
94190
54969
26720
58750
30631
40938
45657
54576
27979
675
81226
70139
80903
20802
933
61240
96505
94210
17052
73627
41109
39225
6617
60989
85554
88250
63643
27732
33427
52123
56814
70725
70869
54962
71877
28656
52818
84696
24086
79306
82704
68463
75154
41256
80842
57984
64511
61303
88728
32605
24788
19944
35197
46981
24497
39720
78349
75205
70745
40590
22841
82012
4045
18446
7545
5751
91366
88747
59636
24667
46510
15849
39503
35682
88187
29439
31984
86364
42473
95115
97741
41718
64947
94912
90742
4024
65134
51771
65724
69097
31106
51411
70460
49101
27494
64239
29772
15566
56183
95345
74145
86744
87028
65072
11771
55134
63897
45795
78733
84827
88182
19033
96813
29491
68108
41926
50708
31160
64643
61816
22866
27176
59819
30344
79025
66611
60269
56075
4996
48122
47372
53416
70221
32979
40254
31940
62856
8553
80577
13625
18871
27040
48188
1669
15818
87127
79795
33951
37898
44390
11270
6596
26083
66599
74343
85263
14380
9201
35958
54472
77972
34527
29051
74739
14251
66703
38878
36809
20490
28262
59494
93860
70944
83472
84589
66867
82618
83942
95773
27598
23341
10024
96745
27491
38243
77642
6506
2734
99200
61004
35317
61640
29968
99104
5013
34422
35600
24016
89066
21091
94165
84568
25213
42408
51484
79823
94398
13671
83023
47043
53725
41175
14481
24354
12994
64601
4551
24501
82761
40841
83682
1671
84509
2320
45709
46627
90064
53110
9807
91579
16436
50741
10238
53669
48473
10409
5761
864
60164
73348
24575
40628
92328
25566
6889
39608
22787
74281
33185
48461
63576
25154
44454
96167
75652
57859
73277
50891
66815
77526
23389
94420
9745
32356
82679
73296
10319
16652
13761
14215
17713
76111
37149
64700
68593
24487
90378
14476
90209
75480
2631
58644
20265
11039
95039
89871
84188
51975
87990
68220
40855
3066
63950
10046
77045
41557
81430
40509
1618
24532
33360
74122
87866
38540
93725
37055
57068
27575
84040
10917
19664
84938
2924
57839
3666
32739
4418
5540
97883
7998
67467
70554
95851
94727
12022
1629
50485
82217
42062
80880
70870
25765
55203
47050
7027
44351
84340
43745
60142
12850
43926
15525
21988
30243
3588
74146
81063
53394
96323
14761
40755
88621
54320
17929
81615
51968
89032
28439
18050
8935
69267
45356
94832
46884
7342
97165
25519
78571
77492
23750
96426
49306
97769
74480
5457
53638
22787
91218
1435
81713
72981
9379
88505
59960
30041
87021
20344
70025
8889
91693
22195
11153
98009
78519
48371
42355
89829
79159
50084
55061
16499
87538
4021
21589
54229
2123
8363
42745
90461
88097
28962
44291
68653
14710
898
68931
92858
20842
42042
10566
2044
90373
1755
78765
35925
45332
27955
65208
93659
74603
6949
81089
39780
37129
52674
98438
53645
21337
94854
35678
10791
24821
35665
37164
11262
70021
90912
28593
14087
32612
9191
21628
8582
63395
84398
94781
41369
80231
25317
36855
80485
84718
5
98899
99611
89231
38117
72273
46150
57439
3029
20378
4179
55856
96891
69489
15709
32564
30984
2343
12917
1855
17781
15950
11083
41738
53183
13253
68251
63892
87453
29010
15862
99363
53082
80687
72108
77864
19891
79035
42099
67649
92782
71856
63031
71064
45940
916
65150
18056
28718
45129
62519
4543
36632
31296
87454
3295
34724
58603
82990
85855
77741
30351
94084
89743
65558
49624
16619
47481
39455
50790
24458
56770
15075
38374
88934
33679
17073
71099
25845
95525
86853
74331
63648
68169
10499
118
52596
86726
41327
13969
42598
53068
74347
21489
36672
79221
19374
56179
9997
41924
49086
36025
49852
75623
8010
79998
9044
60283
76582
92074
51861
34958
36483
66849
14982
64639
81354
82965
69089
42625
85685
30972
15959
639
16907
36573
78689
85018
66678
45892
79332
65646
72003
1749
60640
93107
85397
19613
73878
97790
95078
96291
19571
29447
85339
69502
20125
58918
57090
78528
50488
27351
67787
92016
80694
30268
41440
67798
63289
72610
16034
98799
25926
8059
38690
85056
89416
63594
35769
2919
87134
11614
75141
65772
53890
68246
73920
1047
54871
60898
32990
82972
44334
83210
14243
16017
63221
87368
16382
87360
93277
81008
1158
11255
47718
23792
21744
28381
1577
20786
95658
32511
11266
16126
83703
51496
18903
47836
13991
51152
56682
69496
76979
89419
13431
77662
59026
27362
23594
14917
30362
65151
87136
9800
48214
49409
38488
59727
14208
29616
35991
17836
66012
27306
43444
5601
10865
86492
31046
55935
82085
54636
90760
67146
83987
22259
11302
96184
27564
88424
79752
76824
46503
83768
77592
62607
25638
61425
16336
87005
69959
61469
81829
39231
86531
61709
65386
23693
29671
60235
71267
24323
13612
79025
21991
26653
59509
9719
86736
45084
60356
97191
45731
76261
81434
34797
80054
50409
92522
43115
12579
63455
76888
1897
680
46348
73267
38921
47223
31493
65963
3097
70689
52716
4817
20065
61594
30070
92395
58556
37225
89741
72656
59139
41999
61745
43270
47013
72785
51289
62229
98803
8163
19223
19175
19319
23187
27482
92127
33317
25231
3437
72980
26442
93365
5244
44264
28801
21525
87351
36713
36197
38660
86447
55555
62592
87040
60894
49023
75713
43163
80995
64573
37356
61318
85418
76137
3500
21787
30602
32125
48708
99015
50728
28595
31267
59826
92442
86757
62965
43596
50694
17443
83926
7574
33319
78544
10081
42826
65457
66394
76807
82153
52620
90516
28859
2847
669
91922
49322
39732
35171
98175
60137
4433
5308
53662
99526
2317
9480
42332
68032
1748
90277
28878
57651
88691
14809
51725
53195
25186
31439
67690
23802
10286
98040
19087
98340
86178
58802
32724
37175
65393
37511
18107
8057
55043
51468
7721
72250
9882
41674
38497
84488
29983
22298
56862
65120
27854
16232
3948
34370
4539
44954
93668
11422
68191
9290
59523
12843
56003
32559
98501
64343
28263
28058
87459
6840
59280
32476
51078
12224
3244
97317
81191
68399
39811
10983
42790
47074
52028
62713
22498
79338
457
54135
9371
32952
73232
61831
91970
38260
22614
58550
69369
58540
42122
31233
95788
42153
40748
72144
2508
638
3320
20348
23588
85370
30643
55602
89690
54844
16433
30031
90468
82054
33888
66763
55427
27850
71508
6802
39777
7746
36592
45421
10275
26108
98830
69888
21578
11601
65067
53164
81548
38423
43986
30356
33610
5228
20515
38877
91822
90131
76992
30831
20260
58523
27924
61112
74993
90523
76096
57744
93172
41658
87427
45143
92119
13162
47654
8730
61489
90709
4417
63220
26300
26831
27533
78897
83759
17259
8135
56622
90007
39338
97214
19900
84791
56621
9625
51844
52504
43692
31464
35620
60750
62720
35205
96567
52906
37882
23334
7859
93621
9463
59587
95980
32304
56490
93566
63958
41541
46169
16884
8776
68713
86437
96734
76699
26576
2112
47812
47089
9837
58467
15071
39123
6949
46359
82569
81171
11823
15633
90500
53392
7818
50427
52419
19864
99611
92045
12345
95336
49505
23195
21084
59086
93335
40520
16053
74255
66405
2552
26504
27877
32515
57251
81498
38688
19212
66277
28803
20238
54170
73458
40594
47253
53636
44839
75767
68988
15409
30683
7921
32618
87639
57941
74357
85126
91125
87159
41175
72477
38953
85496
81368
55235
53327
96048
76461
30384
59254
26124
84328
82348
52864
26593
70565
61477
73591
72029
11954
1884
48615
72601
73019
26912
41723
14410
67410
80595
86775
7287
77144
1609
95280
78245
28426
14094
49635
76782
11595
80807
76729
17233
63530
32304
62677
40579
46768
13317
35830
71298
12520
31453
76240
16297
81003
51536
72289
20480
86023
68089
83539
19883
32427
17270
30381
72835
70226
17580
12566
75490
41833
13608
92519
64344
88959
8608
98219
73626
50632
6744
33847
95482
93645
73633
90912
401
38644
32667
56829
34393
69544
27675
66298
57592
33957
29288
14101
48918
76034
99040
99065
84175
19899
21623
9845
48324
26681
73183
53849
20940
93185
14883
23980
54952
25558
85549
40172
17493
35979
74632
45187
75514
16745
70527
13698
84384
20313
20356
94269
98242
57743
31757
4898
48410
2452
20633
44056
96763
94638
58833
89072
39293
11342
23177
24298
56146
41397
84005
26791
25399
4260
48664
59270
95751
59487
93768
85054
44265
16508
36590
37783
21482
19790
18169
53221
22373
2537
10482
14818
88031
89585
70714
23174
24495
67652
66319
38693
65114
87232
91822
79238
32381
52754
58066
55004
98883
1980
98618
49027
53911
35970
4393
94872
65043
4786
8647
55029
34102
8141
79717
75240
39573
19734
85534
62639
69128
11670
44152
56818
10885
40586
13578
97628
77898
50122
3320
59415
51507
89494
73401
19780
24460
64127
97210
64820
77377
94927
87899
1542
35473
63414
33942
99613
58720
86802
90305
84957
3979
15866
76617
11939
86807
88359
2718
638
3618
15455
23598
73741
90939
99264
87017
18549
29134
85542
32356
4991
52439
94649
25529
95757
62392
36118
49451
93623
43142
77527
31399
42663
5277
36674
10630
18412
86035
91499
29135
18975
54602
19303
1753
47888
90143
40718
67406
26347
49056
78188
19627
6733
31035
1764
26917
97693
79729
43969
52453
30473
80297
827
90580
89150
85632
33730
27633
63299
87839
56234
1631
20627
38021
65428
14876
6453
56099
94260
21292
94778
30310
63844
17973
47282
71055
25253
48258
92459
36447
50860
72651
74887
61934
3601
85804
37304
34426
16144
70385
28539
78045
75705
74515
66319
75575
62426
81052
97040
16010
26663
57159
98932
39333
13059
47715
75841
73720
42478
30166
73897
89126
58443
6046
16676
28409
99469
31699
29225
40015
28701
23240
34568
20305
96395
94608
29446
82629
92430
18973
20949
36953
61369
14915
13807
25760
87997
43548
24720
29658
54005
42596
16462
17451
31122
52101
24886
15469
88739
12237
69571
12321
65120
42490
30845
43265
71315
14136
80812
91985
55204
20098
37112
51604
10944
49732
16447
52795
37957
44833
40177
39224
43245
50224
11724
60913
83700
9185
97039
10736
62375
56478
68125
89142
53931
58445
91472
96783
70695
9457
56086
35201
92976
64495
66637
33759
77007
6223
80791
443
52912
95865
69146
99831
82762
21854
11351
45596
53382
13561
27076
16420
29902
64874
66088
22705
58835
58370
90419
7713
61178
67550
15096
19481
70533
3946
85063
94398
16090
61254
27179
52610
67826
32486
83901
71292
98240
78515
16483
97584
34427
49231
17449
34318
27530
38645
86074
19127
62380
77663
81851
35545
46305
78338
7748
45755
5240
68596
31580
80372
38389
77230
17392
42615
74046
93132
46255
71688
60867
49105
42757
66578
78920
56039
79090
24337
88593
23236
82183
90826
33289
2696
94652
47739
89966
27491
78960
5997
35964
91827
26078
9990
3252
87531
37049
46075
67017
69072
73220
322
19144
17565
95249
83301
11137
4870
91891
23667
41366
40377
99297
78192
13599
51072
30154
42093
82903
27747
94672
36178
41926
75019
50339
7448
69580
43362
90843
68691
33767
95413
96912
62253
28289
10299
88249
94414
93562
56623
16576
15574
85549
83289
63295
51501
34721
94380
25017
57969
95950
85320
10647
19535
31274
88767
86109
79822
4592
10997
17833
95876
91179
63072
56743
50732
51780
89583
56724
49455
19078
70055
38157
29919
14378
86025
66002
14787
71556
25647
19197
98092
39849
53877
93177
58055
32412
28468
86497
40075
65747
28553
35927
37266
33226
22453
67613
29348
60484
74653
79891
12462
5754
95282
40653
9650
48098
68523
95536
39032
11068
3886
17994
24738
79099
58190
66219
77918
87759
89997
36964
54388
26571
80451
39130
2271
96280
91735
56870
92185
2037
65002
47436
94798
5225
97907
47990
74418
13063
75940
63277
50127
4189
8748
12020
17431
70617
3478
45024
55992
99319
52591
49624
88333
22796
47749
76805
99441
96904
40522
59029
38158
69708
93240
85011
61716
26248
85167
65339
17477
97615
77337
92572
27916
54202
74158
93134
68558
21845
89011
12557
43802
43978
27102
77970
91834
42408
10772
83820
54283
89615
25268
79264
7016
43387
96524
9786
9186
20907
31881
80975
65101
6413
71212
2193
41780
2920
28279
73582
9677
90021
58344
96869
32678
40602
82524
52325
35806
88852
58421
90820
50897
48065
3830
14649
98700
75352
17547
57880
16350
73413
39237
72359
56719
22357
37827
20705
99178
49562
48940
88518
41142
17243
66393
44092
61667
54172
19664
50183
18399
69893
18954
38209
21000
31601
34518
27830
48699
84629
56791
27358
33644
49675
93384
58263
65551
34267
47424
60991
98034
74981
41745
67147
94317
59533
39754
57799
54034
82531
70236
36331
55615
39502
64761
53910
60531
40660
17784
62089
76092
96136
88950
60418
30190
47569
91446
33108
92784
55795
29705
60287
6545
92925
66345
50770
27928
64270
48191
50329
29241
292
97828
74340
27075
38371
83877
32951
60950
26718
75231
6951
51090
70180
79658
6552
60522
77162
85586
16528
69559
77394
86625
27542
48714
6645
69048
52397
56985
45394
53020
78727
7035
34419
22413
53128
73454
50968
80209
13528
64341
91074
87632
41668
18912
78622
66392
57586
72323
25291
56129
3391
63305
91274
62667
74520
82721
47266
28995
8561
19638
70509
72325
23460
58076
27779
12123
57833
28934
59329
89571
7726
20629
85365
70254
27348
61419
20456
90629
98311
35390
97256
73799
59863
28359
84017
25741
23415
35962
95480
96206
56338
21872
80340
66462
53637
61152
52617
82225
82812
74509
17170
89822
26829
99417
86442
39902
75083
11287
49464
41332
28968
46205
77461
40070
21803
75416
2170
58377
10793
65626
54186
24956
71747
72974
89274
42283
18652
88684
64825
30547
58134
93608
67904
10469
44936
3941
5687
51972
33789
42311
43168
71720
70635
31718
36356
82053
53679
1598
67257
72133
69922
59588
88109
15378
13242
47891
12594
63184
73504
18947
69766
59975
38313
61147
50269
52734
89875
8830
7277
47458
1214
75777
67510
5351
5988
50748
19852
76422
62646
73951
82019
36068
76725
95548
63413
35923
13994
24002
64114
43281
85250
91050
65381
6574
31594
91498
17055
29196
90659
12550
26307
53631
20065
95655
13645
1011
72134
27300
19615
78829
3958
24509
37002
59242
55894
58726
5237
35811
42790
44800
93069
12818
18424
2979
47786
3854
95245
14232
70361
8243
68587
50148
93963
58173
84732
16350
83289
41522
74373
10433
91250
13183
76129
45948
55556
87291
52506
99559
69698
36456
13732
7025
58712
2295
87126
37940
6728
1707
4101
43370
79135
30934
15711
4313
17274
24416
96641
90089
27951
77575
30006
4407
87961
68288
74732
706
73763
54906
78260
66306
53936
32995
66422
76600
47941
97829
37007
80929
52724
90664
68776
94532
47846
34555
53428
7563
45795
78157
62917
15918
69409
50198
36844
90794
94919
38003
83115
47025
77021
85101
57817
30491
67794
58459
27665
9787
57674
31582
41111
65484
86882
95306
94409
38986
98240
79397
60189
60989
25564
66376
31101
92111
92325
82722
20827
18975
71569
66876
9171
45774
86021
42487
17052
99831
94493
52369
76362
3132
42265
10727
13027
27035
64037
89333
85307
29503
53187
98584
97583
76819
60118
25908
28795
84657
1742
82193
8344
72249
67595
24832
22550
82301
50319
51580
87761
76825
80229
32236
6259
66880
72840
95941
79174
70065
49522
98027
44852
92040
66306
18424
69053
72145
22312
87542
92212
53624
67184
81350
77654
6108
14120
1795
5224
3650
91312
20064
85101
88485
78173
82062
93793
25291
78026
38554
21236
39986
73020
56979
3046
5578
6512
38281
13467
68220
91428
73713
34236
99368
66239
71813
35018
74701
15613
16904
88031
89056
69146
25191
88899
76191
88698
94683
10952
7712
51315
30763
28674
94371
55929
70767
70150
51558
17284
91663
80382
91863
73791
15273
97607
66628
82031
59602
2631
11214
22686
96724
29486
15676
66339
56085
28520
7628
21296
14776
79707
17508
64984
67325
84900
11591
86746
29795
5384
96771
34607
37902
54618
82439
48684
10916
16808
46449
49236
62801
49506
20357
38302
66154
51657
10426
28030
35534
4303
83439
1778
35689
69584
73499
74539
51122
49068
98818
68086
12628
9825
49603
77766
458
33601
33646
48704
74851
48725
92595
21283
82502
32270
51798
84754
28463
16419
78814
35295
64982
16332
64077
84821
13297
18554
31145
76898
10224
71536
86489
66431
77286
99778
47852
47870
35815
50249
40882
79887
25261
61057
66606
67855
99541
97151
36643
7821
23430
91473
87180
36986
14417
7764
25960
11789
66388
68140
74354
8144
95289
21284
73070
29738
38044
71650
87200
2986
49001
50502
34358
45452
10051
38559
77222
46411
8034
24586
23122
23460
5428
7688
72871
29091
70052
35610
54182
57549
79607
69020
70681
64201
35635
45115
39943
73195
49434
83764
46659
53597
39700
81803
17791
25676
58924
32580
72350
2125
27537
418
91654
18027
36092
89850
54996
76271
10545
56083
97226
55274
7390
66236
31748
24609
92000
58953
49288
38485
57509
58604
56571
20205
78637
36236
23664
8547
21802
93829
68795
74537
52006
49852
36420
58326
80579
44156
9591
31856
88189
2802
25528
77527
96812
7745
53397
2988
69862
85379
12083
15549
9249
20253
63562
9358
12662
24734
45133
96676
82625
64788
87361
50865
26437
43275
6191
71544
98284
86402
78068
67324
26060
81451
2997
44393
64262
47039
42832
29534
45799
39612
71822
72438
61937
19549
85237
71954
36596
276
97082
14052
61398
57254
9363
26043
43954
52259
15435
18662
22684
45152
87246
14694
83650
2579
93188
22484
89135
54634
43739
31276
52521
47273
43868
51445
1626
78078
65600
27150
42827
15939
72060
87159
40652
85743
3927
40217
35985
59193
31036
54099
37527
18186
39147
69346
89412
87453
63977
50988
92171
89046
48376
91529
78831
74109
84994
34958
77919
85302
67375
1239
68480
15582
43606
11473
29224
73443
94927
43105
68422
49792
43751
78836
38368
42292
28717
7652
27316
24638
75945
56708
87424
91095
56716
7113
44605
40332
69507
63124
29605
98167
16005
1312
73173
39257
77036
25028
85038
28502
13184
1222
47222
26540
66222
63421
8699
63505
64024
77601
84663
65033
36551
14385
62255
76065
6203
93952
74358
95979
28259
55837
28495
77494
15143
36605
63408
15977
9634
83719
42497
43804
41134
30076
60803
37714
1272
80801
83309
2455
28850
75307
10514
40594
70727
63302
16511
78120
32201
70306
43936
46285
45190
33690
81410
94151
28281
72738
80243
16481
34525
10956
29702
99784
22620
38423
52018
12870
65670
41750
22458
7576
2461
25336
15239
30318
89965
34584
66194
94463
82713
90275
27678
56327
65809
12450
30241
70110
66463
51875
86435
29845
86656
30824
92160
88848
68944
30188
41384
28379
71614
25645
77061
17898
85311
46907
78812
37329
47006
16539
51596
14460
12849
56824
18708
89324
97798
45543
13937
74831
58493
13077
11205
83738
19887
77487
40915
15782
77196
51149
28935
12133
29091
95613
79155
79103
80026
58504
73171
15117
19837
69059
28178
83089
68147
14003
31462
55024
72620
5469
10326
89230
27222
43978
123
52036
82415
88084
19748
44927
44853
75056
18420
31128
36761
7128
39719
71052
51282
66483
53074
50168
81294
4995
80135
14771
45763
4234
62872
28232
80996
49722
72563
88494
82927
65368
37099
42566
17891
2700
567
45360
84079
56520
81748
49033
32101
4754
90022
72229
51661
12208
81147
30214
99862
36943
98480
90583
95463
57616
50253
59175
56820
21840
80012
32741
53580
16274
87832
86676
32175
67947
30575
82827
75677
84969
14953
33932
75338
94113
30323
17406
44621
48468
88724
68874
91479
78429
32753
75023
353
7929
22443
70370
31167
6164
32806
52613
66801
70060
99013
10818
34839
94788
89393
22277
93828
21735
50777
37940
10892
87
36563
75883
95351
94545
85344
81336
69847
23071
56301
65232
60950
26202
14933
78028
52969
17721
60837
62852
86945
16442
760
26309
97248
54572
81600
31858
5064
76567
46406
90517
48143
36745
92649
57536
24143
69629
22274
16421
13146
63690
5192
76110
60874
82853
92719
20089
47094
27572
27372
89044
83745
61937
19507
48273
67149
12950
57473
28326
66957
45259
44182
49188
66872
28906
98970
4849
93049
21227
37408
90628
12898
89393
97992
88701
68577
90928
6334
5022
37195
57881
30751
83978
43509
76099
39420
20185
34434
18360
1848
40277
19287
23193
89227
62068
91082
27183
19081
12754
73304
99215
5117
94922
75733
53417
96462
23792
87998
96142
86404
18190
40555
45147
47875
46490
8097
39846
90614
65713
20708
61092
65640
31026
27753
29044
40171
24281
58569
43852
57339
69046
13329
23006
98300
19849
68919
6374
45248
7709
77959
82611
40582
50878
11355
56815
61308
58840
58345
41453
24261
78862
18134
70574
36565
88371
67336
53456
16665
60648
6041
13012
87283
20723
85608
49066
91875
4344
87978
96475
38018
45079
85886
54323
54408
66753
72285
59689
79117
61176
59856
72748
27084
76003
70332
50539
81444
24938
74552
87073
76472
84020
82687
91708
12854
30075
1441
7657
43861
84617
19028
4349
93399
56753
54056
5250
27246
62060
59991
41724
3739
62766
33115
89335
71793
84324
51610
52399
45944
76237
41245
69755
25582
83666
46590
48855
82248
3875
55519
12877
83318
66736
4952
77536
42916
19040
3688
26836
30396
92178
60749
83741
75337
37486
6094
91138
77975
28646
55541
51918
95094
62126
59034
73875
78014
36469
40539
44187
79884
46911
54728
23692
10474
35777
57242
30391
77772
19033
91556
71422
31095
77447
92673
53695
84316
57963
21997
79554
5154
1820
81872
47739
40162
95042
56245
21371
97708
82770
17976
67962
58438
23203
91230
58137
54645
84881
4383
32983
91284
64078
79038
24114
42465
60896
10873
67224
21847
81275
64091
36809
7254
795
98191
32394
91839
701
69136
85833
4571
41371
60923
95848
81692
56035
36262
64168
42459
31828
2250
25140
12863
54516
57339
90342
86527
39568
42776
85210
34143
55056
2974
98285
53815
31798
85463
97745
34386
71092
87376
81168
17329
5543
19112
10234
54607
21203
94563
88974
91168
57404
64703
39617
21298
61503
15966
97517
83158
2475
13698
46809
49336
91519
26328
47041
78025
26465
72778
49378
91486
77112
68408
31524
3921
78183
73793
34820
68005
42599
59387
74109
79560
62112
58082
19603
67825
35395
87501
10492
3048
58502
18940
88554
89861
63773
7470
52249
75152
98161
74223
20850
27527
31744
9710
62394
25311
6226
53580
68346
12226
1139
99216
30859
25719
30193
46712
56029
91071
84628
50090
59237
46618
50804
51529
31617
73802
51804
7331
44297
93200
9242
98599
96884
28019
80159
4404
23908
83071
68665
93196
17135
3497
95082
75879
26955
95217
26469
18660
39349
80160
52453
22586
84093
86929
48586
11085
6098
34444
29009
66173
35686
77741
7438
41144
3709
64483
89417
74895
35320
27669
80178
11557
6648
15775
28162
94372
51633
30618
69680
48042
16653
25913
80524
86593
89465
38543
39835
86573
59824
50799
29200
75902
62242
54251
44259
2821
57409
34718
97809
4322
76136
54181
35792
81820
95625
74343
18285
85962
24753
76822
85796
70287
92185
73038
88571
97379
67916
72154
17788
83691
87824
5142
56045
78603
947
1102
11565
6066
79411
24005
82029
95091
34922
91411
32776
71700
16405
3942
66753
86527
37087
47849
23384
26646
51438
56642
6344
58179
14474
57044
37536
9805
77125
89893
23932
60135
77260
92762
58271
87171
88233
94527
33039
27108
35569
47619
35469
41169
52433
87711
64400
997
32784
54871
81629
87075
79584
27161
68805
16070
78631
16611
62587
39991
94245
41505
72080
69944
65409
15412
59821
3357
74708
6414
49772
43098
88529
78585
2868
26775
41936
791
90959
46689
55702
73796
49481
46138
3491
25016
20199
86640
90199
26185
50754
71435
33281
3566
61023
21472
59942
38302
86028
49187
17003
68886
25177
66329
54111
32409
6320
19819
2439
85554
2290
62615
5223
8693
93936
93504
93482
90851
75715
67525
70031
91212
64584
91663
90352
37039
9627
16900
42127
73885
52495
4025
15584
10460
33736
94469
96141
49351
9973
43728
79562
85139
61773
99562
90518
13004
21061
92056
55978
96573
26603
15337
3905
2319
17346
53350
2404
92425
98138
85192
48433
91797
54059
7076
2567
57219
25806
60449
64049
71111
26872
27179
34892
18622
74036
12639
43351
37422
39004
32486
69526
91851
72084
25919
11971
36149
61795
46613
41298
94463
9870
46352
21279
72555
34643
10631
16310
15696
27199
36755
99902
21502
35916
61950
60035
14488
13787
28922
62046
53792
79273
8079
44420
7888
58225
63532
83240
49444
67327
75999
74157
5110
57164
88991
74444
84289
17115
46438
37791
98407
76398
72125
6568
31150
74470
34511
58656
53029
56981
37695
13984
5668
99874
20694
9349
72881
94552
7828
42116
55359
3435
53192
62634
35537
96936
21274
91694
28125
58872
37574
57654
33867
16081
53443
40835
66300
77369
97057
40250
50696
58040
39442
3855
49375
63064
86815
88944
37585
12220
84347
74315
87370
9658
94420
12093
48981
10358
71653
60184
59425
63645
86953
54097
90337
26043
54763
355
67052
22393
44985
83779
51493
11158
48246
16801
41846
98753
9390
41047
12565
32624
47396
55889
137
61153
31688
41466
65445
41322
95684
98719
77682
86334
31477
36001
31212
39359
7735
2845
91587
22139
64633
43856
43969
8613
5776
92713
17067
55088
82440
82991
30017
92042
26324
23403
74303
33331
97894
37620
6310
33624
14395
39029
90389
45008
3630
13277
49552
69139
75532
93699
20771
7890
22055
26804
5376
99511
46788
42715
74724
87514
63344
99627
19159
64124
60655
47212
21778
94820
58485
63103
73499
74100
93325
22032
82028
74983
76950
16087
88979
85801
33710
60331
30386
25299
40295
43844
357
45537
76214
31403
93923
67730
92362
51040
6206
34652
98617
96840
47781
68681
47798
64753
54089
69074
69471
76035
53277
57366
68019
23044
72630
3062
38209
58568
29394
54769
50395
50516
25045
60791
99657
66669
89934
78284
79834
63906
9656
76028
31702
91219
62428
87349
39375
88508
22996
75813
53493
77217
18154
22385
56904
72888
85791
98095
47464
80366
47592
10944
27145
63223
5683
81325
96291
71638
96007
81789
77093
9956
62057
92273
27209
57377
49083
15837
68131
40372
89343
3779
77939
28545
20441
94476
78586
52422
35762
74982
66249
84529
69177
83253
87860
43778
11844
37015
79750
15128
73748
73881
60334
95131
43446
9039
49655
26822
49542
1364
2838
57359
26446
83454
86140
820
73453
28508
18379
643
47155
11408
78214
14022
54055
90147
39425
13897
53099
83945
19671
89641
46680
57970
85626
5019
39363
37898
60036
5782
55041
44078
74252
39039
90759
23211
89141
77711
90153
71413
11041
38179
83492
64992
16515
47359
35896
39807
53778
19455
24877
90071
63801
33404
29654
91167
4043
30168
79731
69302
87604
13958
63152
90432
15178
7320
60907
35646
8578
77383
80019
64010
74688
47513
87884
97452
88550
87538
56975
53596
28141
90105
74253
50581
24530
81701
63220
50097
66183
27557
49483
86982
97738
66313
44279
82237
58067
26832
16640
15468
3943
79982
90958
2831
37706
27578
51885
56519
4177
46674
81647
48814
4501
52427
94800
52758
98692
11320
96661
84254
54097
63830
67470
80208
81388
57971
70266
30266
13740
697
85034
56039
56872
99034
67038
91193
11173
17369
36139
44869
96426
37363
79326
82314
24783
16424
75962
88783
49908
16170
8701
23833
66126
9153
16993
10183
91548
72024
87198
74346
22103
81639
77548
15587
52392
89502
67622
1211
72500
24747
82731
28569
74610
12585
69726
18820
79870
53925
30542
52629
58790
92365
40399
24151
32929
16600
77319
88766
15775
25036
17605
20833
82106
3760
45291
40310
51788
17998
2316
6825
80124
77092
66736
47000
20880
8552
86677
63886
74182
64790
62256
83002
2973
70839
53137
97259
68174
15695
28837
98763
97624
88291
72276
95508
90169
82470
41482
86195
78776
18719
43667
96952
97535
91608
88543
84311
86471
87045
20550
1438
4235
16782
76805
57683
70430
41179
96902
98378
64889
75132
35294
90048
12365
59314
42415
93975
57846
69693
18478
97742
15536
80707
39327
39515
32003
34778
52540
22216
96794
47986
32085
79592
52754
77026
63825
50260
53550
75821
52722
99527
81191
81521
21687
914
85952
60076
1403
65724
68791
71563
64698
85402
93815
68016
34676
62087
31691
19711
73994
19744
92718
74213
41062
21183
42046
80646
60727
56497
9198
27233
70937
65142
84250
18146
27347
8085
57590
54661
54202
73689
65887
77985
43411
61805
12243
38489
47734
16111
50300
72506
3118
59859
60551
46481
22844
95159
59539
25581
67291
81214
66853
92748
16319
85964
69177
96229
54679
63581
18
91729
43537
23938
79570
34582
6012
56569
34246
46385
83465
4903
17273
56640
60971
24917
14569
8906
61533
12677
38806
37292
25795
62095
68118
34144
7144
11132
34245
98763
9446
47678
32442
31844
72901
40042
68085
59196
37978
91795
75701
25391
85905
33604
42822
31781
76198
634
22967
70052
76396
38780
78153
26934
86480
54008
56196
83123
12056
56795
16580
80651
87653
8716
58480
52434
20920
1925
64331
37256
97553
70735
42371
91940
15218
51834
63111
19676
17250
61718
47990
68916
41389
90416
85778
3072
36681
17548
62164
52472
77363
63868
537
95863
53976
98874
64057
84784
85136
16808
87480
57934
38052
41601
6134
74213
7856
52891
2017
71770
58147
71548
15018
80332
59716
68278
7765
25918
84463
84449
57546
12995
24701
46771
66408
31844
97602
574
23961
48784
69967
3686
75649
81985
86423
41853
98288
32519
81775
253
23991
62131
39727
25154
28535
34338
96885
9570
86420
82404
36745
25321
38281
96264
11834
42261
50198
3654
67047
46955
15508
32296
22330
26260
17928
83094
41903
84919
39766
87100
8403
26964
52557
12923
15368
10010
68000
73065
70692
40006
99573
52837
17464
98042
40406
61243
85838
51125
58181
6288
13196
82036
11949
21099
5782
23045
72883
2656
29040
27395
41260
68154
9536
93139
65447
79781
8562
10138
30603
56181
48757
63097
95611
32982
45635
94694
21718
37681
44702
76200
41596
92151
27669
35086
95561
89805
27974
51341
4646
96308
89053
44085
54709
44340
57467
52846
53482
37029
69426
24244
84730
22106
86636
83244
80555
15018
35212
38338
40554
33372
58604
57025
9756
57646
56709
30894
52364
25122
21101
97569
21827
28486
7323
1760
78358
37023
16390
79098
21497
37265
12235
49181
6802
77644
24429
82485
95208
20151
25911
11042
67865
16306
85149
98932
21547
38571
95937
99782
21114
79263
92017
99572
97552
87658
46509
6170
31411
98541
68806
27146
73145
39963
53794
57321
94230
28928
3836
96455
31766
28462
81129
97146
12742
46214
75093
96886
64396
29087
22252
39883
22039
19222
59924
51642
97968
20659
99448
98709
13072
7027
68735
45203
17612
79863
43515
88300
61740
91721
98430
94935
56857
23942
36933
43326
99476
81004
73913
8474
93379
62337
61323
9969
5254
26333
10908
56104
71752
20406
80383
26342
84017
59846
59798
86984
63992
4379
81752
5754
97462
6554
44245
28920
70262
69457
16272
64706
21608
98008
79275
85173
77940
63683
6689
80204
99052
71559
60172
41266
29851
96230
86919
26594
79417
50873
91181
20733
33792
85369
64448
64647
505
37001
1830
31327
75728
676
77902
87897
83974
73759
78000
1818
72260
98298
41747
75087
59629
77544
96520
40395
6349
50424
82067
36731
62638
30048
61993
58311
62985
63461
95893
27239
98425
3594
18613
84223
50987
46162
97826
1721
3505
62227
6221
97182
60534
40441
13348
7024
53389
54516
83603
38951
58626
21056
99848
85318
45074
44879
30799
15353
5846
86869
46044
24237
60633
66287
88135
90636
44331
1008
50864
50516
47087
15242
5380
78163
27791
89910
90041
58690
40687
6592
27059
99194
14047
29105
99913
57015
42889
96922
88129
22312
26443
64507
59608
99183
57119
80941
60542
78299
25109
42994
26622
47712
64642
66775
83195
16848
20081
91938
75701
48472
75800
11934
299
36697
23238
59168
16795
56098
87321
85878
8645
82919
28396
13611
75085
26943
84173
65977
84543
75263
75244
20523
60045
99279
6447
61294
90580
64006
64802
4276
36733
81192
77516
56964
67007
55992
10846
62721
72641
45114
2692
44757
19101
87306
19453
72602
48417
35571
13416
61286
64143
17453
67380
15792
65571
83926
52026
27747
34357
37227
13094
49470
86548
67428
61231
28069
78643
40010
47336
42120
928
29429
21647
82797
9487
68774
65283
39260
66453
69565
44307
31912
32368
79032
84050
10549
16676
4809
59750
64906
4032
41843
42367
34453
18207
57057
59909
39125
56075
80419
87466
59048
19196
67846
53630
54033
45501
98862
10785
77925
99632
87314
79956
29395
74376
81876
58057
79918
14547
18108
58840
72344
72731
1073
80915
86156
10690
77875
93969
2056
42443
29047
46151
90997
8984
32896
35861
48085
24205
62551
43452
99176
30003
67238
22765
65179
47417
64342
37533
37870
49333
419
45716
58175
26664
729
10885
54424
46848
4782
24376
31314
40151
59388
20867
10309
64920
24248
59575
22957
12770
35284
20471
41242
31045
82701
58787
23444
52073
94546
3026
29001
86989
89234
55454
28917
81325
77728
56857
83789
41470
48518
7486
42344
37331
43523
73474
62186
51009
35555
9578
29230
64991
56473
88822
11311
92007
18331
29210
22483
51290
75642
27501
35477
81408
15069
23130
70573
50125
23161
89268
97822
81023
60495
33095
34908
34787
93858
87497
48920
22295
25363
60816
58026
20906
92251
5597
41146
28640
87812
76085
95370
38802
46564
22961
81220
92018
24919
85675
9947
28684
43641
27897
88832
55271
24477
62358
17572
46059
52972
54011
62149
8445
3101
41101
94839
16870
89037
29296
53552
1970
60380
55066
37423
6291
7460
11746
71402
48678
58998
39030
70963
96973
91923
78444
87431
51515
78819
36337
18931
79727
95446
82045
55907
42584
59381
32615
35496
78743
54724
33364
45028
25345
21494
56971
91189
78179
91533
66212
58109
85568
89868
21343
76618
91830
1083
18226
51910
57055
25559
62394
74589
45779
65235
37585
65830
86635
56655
57792
55153
76480
94195
86924
10091
95890
76808
98253
45393
90437
43347
44156
92238
55077
80271
33226
44050
42602
38918
64013
88434
75222
71947
58645
48054
62460
55831
90749
89284
3803
80543
51166
70246
10887
56110
92349
25
14217
23012
34756
22357
75388
61771
72493
19828
12568
68753
2299
61729
97293
51431
58179
74687
96805
58837
58024
96563
67052
7735
40613
24207
72843
71640
84770
24539
45423
86858
40969
72354
95849
11039
28019
63030
88654
82088
26684
31905
30207
59527
99253
23274
9955
24658
86040
30688
88815
68679
86741
68934
63624
19782
33739
3483
71488
65168
28563
33541
37468
24698
40086
9337
85366
27086
34879
2377
58430
39102
43947
54986
32603
54597
49149
28929
85872
37468
25966
93066
20409
56854
4258
15653
40116
8601
91189
24509
97885
62042
80756
67478
45458
21203
78248
59891
47797
82339
16908
54945
76912
85762
63040
80643
59634
8351
96119
76378
69751
45273
83531
52849
71559
11670
97521
98275
38741
63683
47462
52265
79431
7785
18696
45476
39253
1000
39809
83235
30026
38771
91390
43634
46760
94663
50655
88543
85672
40777
10471
35562
11838
9435
42066
31304
46171
52155
73190
27412
30317
3417
79682
72307
35969
86514
81300
17346
51785
34350
63431
48670
62968
23506
47417
38640
38889
96834
85194
70195
84224
38551
144
12835
24200
72057
58888
50116
69852
74649
20487
32748
72737
75790
1550
31726
46736
20874
44988
54692
13810
44247
47965
73560
35652
83028
23648
54063
19769
85158
43527
31699
61567
285
66455
66427
98585
9156
1839
76089
90220
69892
2838
61631
26198
9110
61997
28143
57208
90819
60099
66110
1012
79194
65799
31908
79249
73132
2136
42115
73691
9800
32537
15442
55912
18702
44064
27589
49045
31122
44077
25594
61871
68784
23928
78882
85262
9286
90371
8682
51324
38226
31759
3461
96915
38728
11018
82904
33700
23312
10981
6625
10899
34491
85284
31621
5568
5088
54415
5749
14241
59671
97286
90716
17546
46064
35121
56807
33103
54289
17397
45906
52928
73995
79458
57643
66259
93560
20425
6533
62656
4179
61291
50620
72581
50227
3853
59647
29802
19845
92456
33951
53695
86661
74204
30802
7585
18074
70117
4804
61627
55307
57125
40092
72457
40162
39201
81926
44184
60347
62088
57282
67370
83784
92974
61448
52533
20901
19639
93973
64235
45331
77774
80055
50900
42131
71349
63698
76535
96544
71927
87276
52152
45897
95481
18587
64603
38026
28016
68297
5062
40263
13100
26785
94181
7108
3889
40665
50279
51748
78310
90619
8934
95612
88070
32818
46852
95122
46452
75213
71568
89303
92364
95603
99944
37823
27221
25028
20537
64121
69266
53256
45250
8431
6744
37142
81206
44316
55129
44419
59103
2308
29630
60005
14688
4981
57044
53730
76659
10904
16094
62874
40882
6068
38568
63150
66609
6783
97595
42123
81799
93954
78444
25687
78190
52680
50640
97911
27552
29474
94250
83066
14465
76922
91012
44134
80092
18802
54620
69149
89414
95705
885
92235
63902
43849
41103
79599
31062
10240
8785
65924
6987
22648
93411
31466
12623
95877
63352
91862
99848
37227
1800
78451
15698
76090
81339
70899
86815
77575
15233
30070
54783
94056
87071
27733
53242
42859
83557
33868
62682
35123
98330
35682
12934
6193
50648
47446
55721
32987
69397
22535
17906
31691
24982
2432
71604
5239
46760
61919
49453
72520
83049
10305
67331
57305
4864
72332
55754
9454
4653
74583
11299
26702
82331
29658
48575
6751
51250
99342
21345
22781
7049
77984
22977
84118
67321
18359
2988
97189
5805
17503
83433
96264
52406
23250
88502
33921
6842
98051
25329
22150
63756
79014
72180
16517
86999
14623
10583
89527
94931
85477
75801
88607
81979
85235
6905
17504
47221
72971
70974
8376
53776
36903
20215
26685
43436
27998
37277
10835
59315
70831
78452
39271
11590
57804
31376
13226
61330
32390
60885
25581
67297
77137
56022
59350
33676
1076
45887
50781
98062
7600
9422
96069
35508
48394
93372
58682
40209
17559
16602
96707
39406
80739
72438
26148
87870
2750
37021
41588
12720
18019
65818
9717
62430
22885
43485
88629
43938
24377
74999
51712
86248
85211
35969
32864
95646
62078
53724
3698
96743
83859
90387
3398
90384
84756
29948
60051
60634
52142
50974
29876
72758
93417
39053
53507
42382
98678
75952
94065
96512
62964
49092
25855
38086
5918
81625
38651
11760
77780
39002
17051
87316
79301
96266
87599
51899
87606
39018
45862
76124
82801
10071
43552
51366
23437
57104
91499
81047
60054
98613
9373
75018
40281
82826
12332
31789
34575
49947
66221
6864
84867
37979
64071
95705
4161
56101
7027
81173
84220
99363
54771
32137
70620
84076
34668
8551
45475
42119
46209
63163
40123
69390
23821
62981
50942
73295
33916
53025
20608
78412
86087
28418
17149
61954
59339
43069
76091
9670
2181
30849
42139
58667
8300
45573
92258
26881
23050
92474
99934
21047
59128
16767
18808
38241
99926
84020
94421
85428
17444
28166
11687
62062
43199
70248
81462
57875
97563
74883
23559
42323
12794
21572
12839
31623
52646
25204
13591
40762
87569
82565
79475
82884
76742
17127
68704
95088
29451
7675
41298
3648
88662
90271
8695
46663
61929
64744
26884
79764
8491
37454
79642
88654
32420
51105
44628
21531
76469
44313
21199
82939
78482
64363
81014
61361
53501
91415
21257
93633
84001
64574
41162
13588
70119
71825
16421
65881
22936
83365
34777
3655
99695
26083
99750
79197
32314
49116
62837
44778
88173
78297
85886
70728
37987
23856
78395
3138
44403
11218
96967
43799
87563
27234
97649
68311
33355
28320
50019
49866
55616
38244
20554
80720
78107
26566
10529
28547
59917
68505
18878
57880
51106
94968
56665
45349
56312
11928
43093
41308
14522
85790
52140
94517
50941
47370
85147
62570
92502
94256
57319
45148
35125
63175
1546
52148
4707
61051
51870
52035
84628
56989
84581
50922
47432
46298
35826
14198
5188
73576
56664
21699
19911
77725
7918
54337
24364
44378
50875
97236
32060
62437
42179
85813
45933
93812
27534
4086
48090
58053
82801
54659
38304
63339
19164
30980
79795
72610
15295
39199
88635
65475
52986
85434
5454
82900
95839
69662
33995
68567
5798
82583
28912
1346
40173
61528
31705
90766
81162
98811
3894
46953
64142
52326
86695
58471
83384
17225
70838
48469
81491
3620
56658
54670
17645
86054
10563
69318
67445
86095
51087
79076
2799
48087
37448
77580
29912
6024
29967
282
37233
11366
11209
7467
88682
94288
93724
23893
20652
80734
16871
37239
28642
2953
34364
74795
69957
32074
88058
45624
40547
54842
75851
47493
70988
42041
89046
14471
25624
60427
25794
88635
8248
46204
53097
94543
84343
3428
340
71354
72749
94086
23032
20044
7905
38162
46701
59648
16599
27626
65479
88527
89405
40450
25043
43454
782
70369
56560
59543
92802
9860
39335
14101
68946
73761
88680
85528
86891
52328
98114
15385
80751
56486
74367
37176
52226
12867
60506
19825
87863
24076
37822
83533
6168
51595
14140
80532
5260
76210
60200
84383
75912
96790
17905
56300
30613
79736
155
17228
18329
20703
48219
40566
31237
67041
4750
83774
18778
96417
54870
29408
29177
4306
33522
57302
73510
26041
45113
40330
81336
91408
76787
27941
83776
71175
60020
99461
61683
85253
87734
16301
29173
57805
29746
56278
75140
18844
89146
1603
76318
14798
57878
72083
93488
72320
79161
41552
24893
40528
88799
93348
61671
26880
23109
90475
54300
51930
44005
91299
25408
63373
66925
79296
19379
42550
699
80764
10111
61338
13591
10635
40929
50831
29901
99181
70673
32123
90245
24797
97775
5652
87329
98054
86540
38662
40755
19990
24050
74259
23128
19338
14769
42836
91732
86280
4904
81310
53739
94444
99052
81600
50265
51194
91287
25033
62320
27026
66864
2726
73292
90370
59986
2025
20340
27541
80892
14597
56942
63785
13654
17494
25311
99327
18906
57213
34911
11275
93734
85193
68245
73483
1213
2961
14068
16852
50548
87646
39153
17287
89984
53254
55872
91331
61753
52371
74890
10868
427
67522
28589
32618
83450
33254
17488
79204
54095
83181
74018
80747
44035
72411
24430
74363
10534
55378
40636
97884
9389
52979
97767
92847
83318
61598
78902
56932
77241
36790
59034
32808
70285
52864
80611
28091
21331
3177
25471
6111
11779
38663
52752
67277
78930
80952
46473
51554
86429
12199
25733
15479
21332
32333
36132
53038
65285
23987
15010
25288
71748
72886
55573
66515
5333
90852
60164
99009
822
84386
3999
8948
75
88336
31743
41973
19879
37156
7706
73348
42739
80435
38914
99209
53695
9230
53756
46409
19139
39049
88
89364
23824
26487
3122
13659
74007
80433
83235
62848
54997
46165
9476
25733
57051
43595
80033
16774
74806
56611
15766
5379
45503
41082
98569
22549
25281
76764
35395
37186
70625
75491
74572
65388
93167
52637
80866
77475
94697
99564
950
70651
55238
81798
88291
83000
88294
31517
90603
78214
10227
31769
41552
75973
36179
95777
70284
65313
87117
70073
4910
31167
80982
81574
70610
12948
90615
65292
57115
61520
75677
82744
89039
71639
52988
9721
73487
16208
59905
63945
69298
41879
30963
66346
62749
41869
98276
59724
93889
99535
20762
60939
21904
78948
48020
10901
92605
91983
42971
90120
6960
83109
3944
33978
89731
70296
11884
98899
25949
27730
48479
90036
64136
49278
25608
32923
83856
19424
94726
30142
15578
71460
95993
45621
30270
54931
2416
57300
60003
4163
47344
44118
26422
77862
59357
49685
29639
85058
35592
85398
98400
53153
81109
47042
35330
54590
19592
26382
54429
65248
70668
50044
85196
52260
13375
62106
459
99218
48573
6024
94391
22098
67496
49272
66656
6359
97809
27982
69933
97593
2373
96839
51468
97857
99671
65622
32980
17341
93990
40552
63833
75155
25099
80233
38475
90514
24449
51552
56364
45956
31505
43093
66956
2945
34168
73043
31939
48125
72280
4265
85354
54624
46296
82506
3254
29078
78649
35028
62642
35901
30166
6094
50551
45116
46038
52170
13611
96948
34898
32778
46868
71182
97341
99198
59447
73491
9429
68300
28530
81371
10341
56809
24562
42109
94228
2275
96369
92965
36430
8353
62351
21507
44
37122
71660
3360
67394
8930
1856
63628
34406
51771
2007
41587
85528
49864
83596
30446
2162
41957
13793
37493
9421
20434
81080
81138
82189
55798
55090
68881
34730
4128
81985
27571
51389
71785
70507
4482
71107
14454
97854
84607
78673
80729
15562
13591
25332
84758
63104
83284
62051
88483
27013
68367
6756
72073
65714
12547
96663
84968
88908
61278
84067
25975
90427
55985
7899
52392
86313
60102
78285
98057
36824
58192
98119
39271
30496
69822
47686
49613
12453
92170
79420
68459
87761
75822
85341
75346
69427
66774
9734
69467
51603
85424
73835
64135
3312
47648
91356
19617
80217
64240
67379
83584
13252
59845
5916
50729
83534
54957
90657
8241
21680
32084
59793
86591
28794
4853
32557
42320
29582
75245
39183
59124
32252
86924
8439
33302
36694
70117
78707
11674
37839
91717
34186
6654
68180
62112
83653
53315
36231
14374
63642
58917
41748
70261
38903
14789
74483
11592
25991
92648
19353
34317
53348
33944
36346
22389
15194
6792
50463
5828
99444
93909
17215
22088
60645
96424
27198
8838
2804
28120
97887
17712
56133
70861
92231
2546
7008
29151
90256
64204
98977
27997
56838
25210
955
2825
13314
72015
13001
37952
32160
19201
33331
26072
27967
85661
7225
98274
90676
18171
54655
34830
53195
17932
27221
26030
2300
35760
4482
44851
79462
69476
67917
3859
22890
21080
52999
44429
6855
33439
30776
10627
86893
9855
62884
78245
3008
87881
17882
26415
70923
59970
14137
46024
96190
9760
66719
31947
8614
28976
12240
46691
31112
97748
41215
98416
78522
82795
65820
52134
53565
31144
57722
62388
36826
40932
28092
49858
68792
88494
61179
90131
36311
92833
64950
87306
52589
9167
38903
54313
33691
15417
27902
33909
15051
31648
22700
31605
92904
41846
94606
24921
55321
17838
74180
344
57595
8242
54125
55601
42682
89906
69521
68179
65836
24570
74955
63448
44907
15869
50704
87948
57645
65006
56928
46188
31778
589
45704
81257
21897
73854
26194
44107
12526
64341
97962
40658
9828
15342
61165
45240
76027
65849
16432
22227
10654
68786
16490
4822
74893
29582
15103
82103
68530
62130
69355
16491
5921
86238
17991
94702
11632
71783
76762
94111
51249
23202
29503
26183
5705
71195
47
24922
11790
82885
69931
25750
86177
55725
51433
65256
17925
63751
8152
2223
73340
56778
38801
27128
1661
97399
82876
70408
54515
15412
45308
20024
27573
78936
26968
47674
86973
97535
86375
97914
456
94940
5975
48320
32777
22862
28474
42066
34730
459
37550
64311
54912
47226
32616
54262
67337
83165
5660
31324
19333
18507
97419
65692
91246
90235
98409
79600
58134
89628
7625
19422
32380
79714
61512
38999
94474
78010
65267
47513
27757
57279
2966
38451
3954
70693
98755
52136
16474
31827
43546
35533
66490
74126
21179
77517
93841
67856
40229
52237
76358
54039
81546
23657
79358
99065
65841
14172
64343
74869
71719
35135
63940
60709
88036
75881
66150
40017
71094
58452
21635
75357
75468
29568
71941
30466
97024
39729
72561
13657
25409
50932
65763
32499
38492
14047
18051
52231
44295
62741
13318
91907
76395
42921
11299
739
91275
52378
64399
73824
38773
4861
44696
77759
46211
37145
87195
42826
39726
62795
45859
75196
54385
24617
57599
53718
2229
9348
60734
83823
81982
72102
24073
76520
77713
44187
56381
41053
39616
20749
16003
89079
32084
50503
65486
14526
39638
76091
87889
27180
70682
63039
84698
12413
24872
1361
98191
71298
94664
69243
6275
70197
30921
2291
68053
43463
81903
64345
86502
92117
57207
65155
12405
36185
57928
2422
94008
19613
31607
10698
43961
55274
96918
1072
28331
81758
11515
29520
55751
45948
8233
26794
94663
60606
38877
51998
25950
67493
98455
68904
69171
76401
483
42531
59288
12812
19107
26318
30091
19744
21051
28491
96648
33097
34872
9540
8425
65125
15422
11465
58459
95560
51276
47540
47166
11181
41710
18030
16729
68646
5983
88426
79959
3636
15801
29615
26402
71218
28475
44179
28634
56364
60885
7138
4242
6413
26419
28734
3240
47030
7172
42784
31423
42410
42822
82877
32059
59238
8239
50405
51864
71598
8282
63780
60262
72802
28749
24363
47045
71600
45283
56841
6618
45860
79642
54834
61963
98714
48731
33410
98269
22131
72418
64187
85031
60933
82249
48201
93970
6765
17813
33607
34607
57665
77148
91867
90805
512
23314
14620
21622
94346
22735
33300
8541
23660
37534
37056
57895
25299
65444
98292
11515
1954
52843
51579
29222
20735
17419
42492
94327
76935
39444
27001
64340
61954
70938
95409
13272
59761
85437
25061
89098
65604
39379
45080
46330
28488
75125
47855
53978
8957
6243
91256
6998
82758
69589
66022
93874
97466
87679
14682
99071
12503
41759
51518
4186
6550
72582
74988
62017
79673
38305
9387
20755
23521
14660
57
97666
21437
61842
16580
68471
2588
71402
3314
23843
98147
62161
45632
42398
48122
16281
18631
77470
81825
6411
84571
21013
66273
99574
1486
84166
893
23795
88082
98214
50630
88180
19451
46092
77902
18857
73602
65236
80724
81103
88038
77238
30942
24278
39116
87677
34085
75789
13000
97255
94058
74188
1236
88696
5062
71773
90781
84251
81279
41063
67901
95510
28663
99481
32514
77641
28799
10992
20654
97315
56232
64165
57912
74977
28026
22486
12079
86756
26813
72079
53503
47214
36437
7157
40012
61880
73867
16591
20731
86163
37126
84113
35856
78137
75864
84358
30738
39375
13012
78393
92875
57338
29438
11680
55532
38586
23515
46310
621
88808
12231
15796
79121
8935
22630
50811
47560
14890
48338
28224
10286
25314
18323
52868
22352
60866
6732
35215
7055
16081
89810
37241
56286
29387
66200
51828
63494
40021
64901
71993
15688
9019
92231
96046
3266
35879
77633
66961
98955
192
29920
37220
61016
90813
37291
59445
69633
60516
41561
12552
87262
7236
49916
3875
35338
84171
6523
54998
23722
10245
98461
76005
63911
41298
70401
10739
39158
99842
70219
60972
80569
39311
66617
28432
42527
77719
46323
62647
2086
9397
56641
87781
28193
36603
86550
87948
4820
6478
16586
29272
46428
12446
90342
45787
19180
31489
32985
11734
8146
44747
47335
65280
64824
33291
20800
22134
22054
7557
19631
79423
38340
65575
13193
37179
60957
43851
94053
58056
46432
33224
42379
11632
59328
5365
39621
40274
92475
18332
15954
26763
49528
91478
79577
84545
80265
71016
93179
21772
41712
44442
18401
6305
70622
30992
79796
81628
33623
12583
99436
61930
20657
60269
21216
47633
99322
53021
10684
62108
5273
38710
65425
10630
68045
82744
46982
29794
73523
58970
24620
2853
3459
26634
75023
36049
82137
17346
19080
30334
80721
76611
17743
17223
36011
37809
76622
54223
26191
24555
75825
99758
92010
66053
35130
40476
91670
78980
34001
14200
33879
30613
54136
6837
52642
11946
62204
610
21016
87122
96839
19380
75856
80884
56691
5907
49939
87368
56633
69150
11457
9650
75271
61211
6129
96668
44528
9503
7317
77934
95614
54198
60668
28141
22018
25232
36561
71277
30316
92969
8512
9684
73654
36018
96665
55245
96058
43041
83437
76549
6404
47026
51157
36646
87427
30392
73426
69230
55737
26405
86736
17995
69105
15889
24099
63861
61840
52202
43379
45064
78692
80697
54708
23324
4473
23341
20046
24611
18250
61734
69212
42430
47765
96703
68240
42716
51143
47865
32627
46672
29335
49729
90313
90734
73327
34077
70803
3011
39492
65752
17934
686
47974
67559
59417
14270
67859
70679
31637
64681
93479
58006
28037
45669
27662
47066
8052
63079
30905
77777
86773
69591
31695
78887
81190
49772
19035
92942
39150
93481
11907
6349
74245
67251
42649
26727
67763
85294
86858
15206
98256
79603
67059
86436
96875
85840
8148
86838
21574
3100
66749
88405
45630
17333
53892
78219
44329
16280
55769
61111
84696
84284
16465
2364
15740
4044
62046
67564
14725
23039
81408
47500
3653
55990
5108
77349
99666
33009
74314
65511
9035
33198
68981
80569
42418
7903
65788
24993
5208
62567
33581
22956
68246
39985
83857
11195
72311
64588
8699
24971
55187
89543
61434
97503
83702
75365
69389
10444
90016
53245
83766
2881
16677
13809
28455
80593
94388
42025
16281
88574
629
74060
32124
82531
17548
27514
8681
54366
94138
78024
21523
13112
50242
28824
16891
2418
86537
50133
37987
24431
83702
48488
83098
77944
46746
61402
22582
66672
35849
65895
17792
88244
32806
25851
2697
78190
37149
15308
81851
70199
60457
7859
22826
19942
71702
14024
83081
42426
70497
50681
38776
64863
46747
94118
51451
88032
86028
75356
38791
74250
95028
47277
75029
94777
75565
84809
81433
69858
89997
79419
46156
27771
79688
95329
35429
82474
48402
60553
70214
91049
90529
10725
43186
20819
58833
5355
60125
92974
94785
76972
40892
2101
45274
17455
1756
43360
63824
77193
97198
71570
29089
36410
60799
54655
55451
63783
68326
51896
61530
94256
82711
98741
6063
85422
23701
14237
95804
50411
6436
25717
18011
21917
71131
64707
29023
12064
79960
44989
69778
83727
16046
89363
33565
68767
11098
64310
92998
91320
54227
92259
49044
22065
39232
58416
46510
73255
88003
45394
73057
43418
2003
22569
57088
59396
11495
61704
80006
28726
5134
54500
76823
47344
33212
53497
27556
42493
56095
11732
71533
93513
2800
48896
93697
55776
95012
4208
94465
90693
95106
58342
57059
69643
33391
54494
43635
50291
80709
91738
77971
47075
26786
38954
91138
24735
65181
92503
87131
871
72275
12269
89652
90733
9568
84995
85575
36433
52361
10408
63022
43323
46229
29772
21415
19412
89756
57896
26583
93665
90488
3499
87179
189
75064
20897
85593
38001
91188
14146
13637
17715
69786
61653
11264
87449
45926
22495
84586
33848
38865
36204
5240
33405
92257
41369
54705
41735
52158
53883
77810
85183
70180
21999
63889
61238
13428
50911
63071
33625
11141
46446
11495
57587
37464
15424
84627
85184
53865
83849
75693
92009
86337
41681
35971
98496
46760
28416
29220
70169
15288
30539
10983
12836
85261
46619
92906
26819
95673
58807
84824
90604
36628
22094
32388
66588
9424
67683
43634
56502
40042
36213
56821
33271
35965
64073
34899
951
3024
28246
54180
21215
99792
66509
33433
84577
24216
89795
11354
84696
50892
68701
87432
37789
63750
33623
58497
99043
11399
60305
84097
52656
39983
38390
1254
44920
69352
65290
45580
81207
71100
4943
40790
95755
51720
64756
15022
46092
61032
38427
14340
80105
85361
54373
30195
54976
13629
3037
99297
11226
63233
5949
20389
25089
65275
8449
70946
55326
2247
74278
6642
307
625
88350
84478
71282
65284
27636
20841
28600
86081
39574
60429
77162
97900
11332
29245
95786
38400
54899
12937
5462
91938
6942
2624
76829
20882
23017
55280
25183
6046
82419
26153
24192
60146
25817
26271
97160
23562
29569
42670
19482
65448
74281
44536
93679
46752
36460
42218
14414
9328
52942
24829
75851
33613
75365
12311
29625
40057
90084
42482
81165
39153
33764
24629
31825
33027
97297
31358
78785
64380
43599
50881
48485
83103
90280
54282
7179
44402
75315
54110
65121
39603
72833
36223
71660
84296
27015
18543
39208
3827
88068
98252
62781
24356
37486
86618
50618
88104
74013
44894
1264
31456
16499
86598
94862
93292
71878
57286
54452
5798
5932
13693
16278
71020
24002
62710
25871
52245
13049
49130
71583
61732
9213
48131
9763
34170
55043
46512
99622
27887
1476
5515
16120
14111
12673
93735
59539
19672
77585
69596
71680
43115
54763
93761
29919
73027
15524
56103
40921
92781
83918
49457
57265
1956
30587
1011
7736
95097
5759
26886
25568
99004
93619
56709
33352
33481
4918
30695
85622
32849
64622
62777
21796
32068
18892
69719
45137
14200
76301
59623
88119
93241
15869
6867
16188
21389
19255
13953
26626
83138
2535
78000
84346
79255
59312
12305
24886
85220
265
84672
80347
86854
2306
57597
28629
40491
79364
62443
4388
63670
16535
17221
66613
24336
19869
79352
8748
25868
37915
17217
83836
4276
45528
2691
73497
23189
63166
67972
27428
6180
3422
77286
68998
93515
47120
98109
66424
41909
64727
50802
87135
44145
94115
72915
90005
84550
34576
6100
42050
65364
71660
71142
50058
55330
49238
74354
55935
7754
14882
52147
663
46141
64921
35885
69401
9364
51581
3758
97201
99348
34474
48831
3171
64253
41751
55238
81980
20367
37532
82108
75395
15962
58222
92422
14895
84544
2566
89298
17170
17353
61183
98480
73203
15619
54142
79402
14682
10068
4172
88290
91940
40254
90815
43942
58646
88461
52599
76242
83470
8928
84260
4067
65780
38801
40900
61171
90768
44387
18794
71862
26518
63335
51546
17872
13724
42283
18193
36145
56972
76576
69090
44846
30644
77030
87867
29884
9563
46934
39526
4779
39566
29003
73323
86398
52697
5294
34355
73891
44593
62781
97927
8723
18349
79736
75511
46503
1813
39432
68470
82516
85107
67499
58819
98789
53926
57184
95170
3317
11894
43499
58889
33861
57057
71558
91735
18176
91348
59365
37534
55208
37429
60132
53889
86908
60989
15087
73785
95337
74947
79309
56850
64618
25172
1322
75698
4701
9822
75456
11449
87843
88107
97890
22403
36756
43596
54980
68075
24797
39627
96906
39338
86583
13922
3019
86781
11941
78345
38849
90116
41034
60714
98608
41191
40772
67602
24849
49843
45705
19424
11771
94338
21660
28671
2444
26361
39180
82896
12601
9738
37834
60801
16848
24250
71780
97818
52742
38237
95107
59190
60258
25885
69277
48686
43396
93306
25176
29969
42420
64299
48028
70448
18595
95075
38068
40789
67808
17998
9153
7924
37721
95066
67738
65498
89451
3411
21187
33506
85129
89959
20841
37415
58021
22888
8568
98483
7870
30831
32346
29973
80422
43838
75884
80561
48590
5374
64318
30226
46608
28263
46598
61051
29849
33246
19330
219
77969
45656
40200
6590
86952
79933
66892
74400
58911
14248
83726
73020
65360
55083
40924
41283
47163
80047
25227
86760
98959
29400
91310
52376
44241
43623
92497
84904
34923
62746
61077
42438
77524
32110
20103
6705
74552
78181
55551
46949
27204
17986
59858
53230
78704
47408
76533
96062
93449
20067
19855
90041
45146
98742
79865
7117
11414
91443
70484
83840
70405
68466
84327
7650
60201
63577
65716
18433
38123
80193
72118
53690
52071
51545
6041
16333
99089
22467
95734
19402
33922
7965
33418
7880
76771
28826
7026
90325
40148
879
97060
48807
75162
2826
85517
66768
68163
24188
40003
92816
10103
10839
16326
94340
11229
72626
65816
10045
46150
56361
56341
75852
56539
40705
82961
65657
88318
54826
45165
54578
21407
75454
75190
3776
78814
58278
71034
6294
12983
95963
67463
90371
24623
76777
88290
81894
69017
4496
47393
72097
9254
53444
86950
98791
7271
44053
33912
14127
70176
72521
50303
8298
59018
24804
56508
48273
97765
12938
85059
29655
6649
47867
81526
8477
82823
31229
3647
31461
48849
73144
37033
82175
97314
40826
11995
31903
10107
93882
5523
33007
58203
25946
64987
44192
12522
8102
85035
5116
14211
25754
9115
23319
668
43072
69090
14852
29363
38197
81584
29188
72791
28909
34020
89977
93455
14125
92395
39032
33355
75671
7894
46141
63525
34595
99574
86008
10771
53000
29623
64262
16429
37498
68246
60315
36725
35181
40832
12570
65607
12567
41929
26887
10111
79956
39622
93939
89026
81987
87111
53175
89354
89390
44852
55484
62737
83751
58883
50135
10809
55437
96020
31858
72981
90478
61737
19461
74616
68198
78533
62116
90360
79782
91487
20530
9310
75632
2243
45139
42573
43615
30309
34111
64141
43523
64771
3026
2931
68841
63607
58208
31279
16602
25781
57158
17265
52186
45735
60251
48088
98160
48419
84038
97401
9510
23205
85257
4520
3558
16558
69147
83590
95876
47673
45044
13224
8955
28182
2465
96063
23055
53573
13623
10985
82770
78576
17476
98676
39426
9605
26017
30666
32975
85871
55108
96798
85242
84464
43313
41873
18361
78845
29424
22976
93560
70070
5179
20014
12921
88736
13294
15562
46140
65633
30945
25629
34873
32152
30065
78706
84746
55126
73818
80322
64998
97085
32257
42075
98824
74547
90381
27404
84142
96290
74070
10159
71901
37328
61302
56852
27426
9206
37469
14982
51060
11648
43680
47933
50133
82048
3793
77311
15926
51182
81673
57651
85338
84928
19074
54116
97267
80418
22146
11278
50473
17907
60593
45992
69433
32060
17067
39502
95834
72589
91185
63369
46427
98389
50490
96765
97063
79101
52328
45968
26827
7650
29685
44914
56302
71630
31147
61613
54495
41682
33714
95434
40237
88610
78501
42301
16879
3597
35998
65999
72164
62839
95472
88198
16660
63893
88819
17075
31478
11972
79833
90999
16011
93958
94975
18451
36647
31194
65600
56490
79024
50070
86563
77557
71006
72068
98965
55460
91779
56567
63825
69100
96676
6121
14844
35025
23461
86546
96013
45041
98819
62055
97353
92778
45659
5772
69581
87369
61192
84055
73252
16816
62922
65539
15641
67523
6497
493
91494
64720
53624
94991
8202
36728
2399
16279
27354
49182
23249
98051
65166
4043
17365
58139
7932
38716
70143
31082
57570
56681
58774
36059
16732
93746
15761
65004
3990
38280
6970
54833
65788
40917
48500
63720
8813
24009
41593
821
42701
27010
36732
16282
6681
5975
16814
63188
24310
70369
35836
46164
64290
1990
39029
96024
29324
16900
58089
91334
48480
87575
42412
92036
31546
61831
6810
79991
28380
55312
8565
69239
69979
3599
67146
65675
51731
63238
43282
64646
55354
78925
14100
74461
62962
37814
35751
68451
30840
96474
16246
2276
89274
63044
73852
53658
67110
50618
97934
45967
97597
66948
49720
71024
82534
77371
74399
70346
46975
7983
68742
80517
8718
11028
41997
46425
2453
82986
37331
12240
91396
60136
93052
68698
50536
49093
44621
50471
36866
26306
41492
84101
55795
54327
19013
34134
83411
89401
10463
29068
58465
54724
17806
50724
78580
94059
61577
87677
45231
46745
19035
72659
84915
70307
88895
5469
12175
51724
74340
99487
21267
28308
77424
2540
54338
78014
38881
443
66022
86749
12558
84997
79389
2906
13421
27897
47728
18916
50541
57180
62853
50261
84387
28384
92426
59869
579
37184
23634
10574
62852
2389
10077
87587
58086
17944
43183
74253
22927
96245
77282
26075
24880
26312
67127
33797
41799
37078
62152
58613
542
79147
74201
52499
4624
95435
76845
64620
3276
29239
65077
78078
31474
7199
57283
19011
82810
91998
36509
58967
53140
63254
75981
77607
59882
10537
35092
47320
36257
69457
83487
64497
37791
12381
28690
75047
18182
31720
58496
8739
8350
919
70749
20177
37713
47823
19371
29544
56368
90737
8688
81521
35219
95731
91721
51157
73630
92732
88343
60520
45695
75836
46680
27212
91315
60518
50449
65860
79208
29291
96711
83222
73469
91251
63245
57115
96486
50490
51479
96678
2476
57574
24044
77614
77617
50689
30043
24378
60593
57239
95749
42184
23876
96012
31992
827
19872
1467
70875
12927
49755
74503
68389
81113
88590
88640
17257
89295
42100
81589
54220
28113
4978
11024
93174
86403
95858
15154
63654
93065
98983
85995
93344
14766
83221
69654
23970
77232
53800
12463
76885
29547
22754
46834
72767
76640
28691
27729
52469
63234
92960
13330
65805
11806
53126
54243
64945
81220
75160
99355
66064
54518
80933
15950
89646
72331
24117
84972
50172
34401
26353
26902
49411
38589
54082
67358
98553
55488
49681
86523
3094
57160
60814
83654
82816
76191
47245
92916
75874
51941
58346
34127
16859
49429
60525
14803
49331
82166
59560
41603
57800
40576
91038
54085
95591
97545
96478
20481
17271
94635
36588
50737
53038
4820
95425
4773
44519
60906
57545
15894
6251
48121
92042
26948
33036
85882
35716
29487
48049
20641
97076
16686
4683
97731
8306
67216
7687
53378
73371
25325
6268
24151
76681
58279
94884
91771
39197
65954
82311
79442
12511
82301
89874
90132
98172
75021
53735
52697
64463
71221
56558
25441
1498
96099
20873
20829
1907
15946
82982
70877
3612
96727
46989
38551
50282
47442
23673
69745
17223
52243
94340
75947
38547
24222
81466
10252
69158
18749
85616
85959
83920
20473
10445
33001
82337
27125
48102
78370
2820
10951
50280
45518
49766
21299
69262
41055
48405
17925
36275
45385
71875
6475
56321
57610
80138
70317
45000
76211
8521
84970
68938
55703
11020
3088
92819
63119
43755
32503
55525
81319
95561
16699
79410
84169
2844
92277
21795
2820
40780
95573
81909
21656
65524
76413
21059
19297
36678
1373
99710
11998
40491
37862
84154
36605
64360
88205
37186
57956
8188
66047
45900
35198
17478
45179
75302
39489
5059
41201
90576
73304
70709
75349
36483
79026
60511
68703
72399
31206
81708
28674
19714
3008
68784
86919
33924
88141
81926
37221
59648
49983
39065
78687
21693
5981
78654
12539
75211
14058
92670
93786
88760
71025
83954
86265
9858
40138
1831
89827
35175
80395
64225
53360
7672
76430
18843
53535
96460
14971
14860
11019
9392
18898
67973
7853
10813
51031
34807
45742
79554
30778
95090
26406
30944
58145
49865
50902
11509
61685
26129
93886
21359
46406
41447
64956
7586
38940
47505
72643
19701
69499
45980
59060
17687
44786
71877
13755
64847
29248
46196
99304
84017
93123
1251
10280
29868
48286
18428
15935
81824
7878
6112
99141
48557
45226
13796
20890
55174
4093
52469
9575
39652
85602
700
52275
97880
79186
3837
51582
71640
58028
56825
58525
32699
93434
51412
72627
57376
45339
34961
11849
30855
2067
41401
64202
80227
72748
52954
48829
69255
56902
12716
93727
37662
72770
37423
79580
58359
1703
92016
27082
3901
53199
43306
1858
1444
27410
28937
82012
64287
99149
58026
16359
28239
74414
62783
45570
87318
36702
54159
64601
97066
13771
1689
96383
40100
39537
91960
4548
53944
90757
24898
38995
65791
30238
363
15179
22353
23936
59271
14168
13582
61382
16749
63373
49627
22315
86679
2240
46090
35253
94149
76451
18833
99487
93057
96410
71453
60962
70621
54878
13760
96223
70201
82861
26501
37515
63296
1675
36580
15704
45362
92953
37905
54492
40541
22960
56047
3359
99364
63418
28418
91366
47938
74062
35202
52279
22887
57414
84395
42697
48257
19198
72946
97290
81878
47339
850
69068
16142
88918
88323
39629
73805
62740
95916
28289
44574
43203
15312
17118
89515
92355
40868
52068
45832
87566
1344
66055
29936
72630
10580
78170
11208
94905
86514
56538
73535
86371
51465
42100
69495
2625
14386
94420
8381
52285
67427
25835
243
79419
21761
43388
30639
80591
90834
74307
71037
62136
43920
24226
85056
88573
21114
69642
58037
43331
41380
28418
12632
32904
87055
21303
93216
52063
42228
80769
39845
51784
49273
20589
67042
52555
58054
32780
22517
38321
19697
93943
48452
71743
71893
38013
64122
16560
89505
26027
63406
26766
52429
82199
30148
6701
31304
56969
16909
98500
81708
47751
19338
99657
88083
84891
40238
62247
57187
51875
22785
67998
61157
64980
72160
81208
88435
94572
44674
86500
68079
24595
79606
7536
91344
26477
22120
80071
40695
37215
52578
55429
59905
69019
33583
66163
99317
56746
74427
27172
53725
19092
1046
93803
17521
80047
95191
45526
80334
56770
78781
53963
63078
63893
1233
76093
81233
50039
28263
86731
23778
70347
83171
15221
33268
94384
98297
28508
4963
21580
44909
63701
69847
89460
46648
98250
93882
30299
35948
26670
8491
76564
5967
4250
41483
677
71299
88328
91317
64298
20710
72235
93003
48643
93429
96873
75563
82140
40555
61015
57504
97975
46568
10095
41557
17527
88301
94544
33892
77387
65155
47666
24973
56246
44251
5957
87458
43479
14000
4869
30111
9242
39016
89436
36247
91322
64730
1940
43145
72177
66666
82199
786
65405
81520
72645
10523
18225
14518
38769
97075
17685
64192
27673
93048
92475
19365
77888
54031
60992
8924
3113
7859
32026
64210
31730
51722
68932
28599
56971
16018
5251
71833
67857
97019
99732
4393
97228
27150
87637
87673
63361
3147
89388
7334
25396
97297
17240
21139
41951
86421
67218
93803
71111
91798
43551
59240
15105
71751
8821
33265
98721
83531
33991
64253
53754
61759
32463
85303
15639
97265
56312
93466
48532
70703
71877
49979
76090
42234
70656
50886
87509
34938
54147
74113
30804
54570
29437
81165
30685
66291
45537
89002
60330
87607
98289
51130
4324
95844
17763
15998
84634
9225
69773
53180
84158
70084
80786
30082
89724
75609
90825
45028
87128
8704
32006
10274
55683
60757
75463
41509
58649
98835
88797
57352
20411
63450
74197
88179
38276
92588
25122
17346
97866
24760
50633
67588
65842
70606
35209
735
91792
31026
97156
71473
9306
20843
53519
29938
34152
62907
78226
89301
58315
49480
50844
877
2151
1305
19910
89164
87502
40061
68706
22695
6874
59044
36960
74581
66982
3857
89788
63382
57993
78887
78184
4112
98961
36129
27506
85173
96504
23102
21201
60513
66758
55801
42321
47871
31554
40278
13497
2698
92758
18745
35317
95281
16862
81105
55077
7636
95948
54065
71649
34059
9788
47614
70951
35494
36655
83044
32835
16495
69350
5668
54266
64652
6301
35336
43890
64768
84065
34168
71361
45297
20079
92388
43377
5156
75179
52513
99437
80580
78330
97233
13035
71906
18300
53179
28534
34903
83817
13593
39958
94500
26375
82832
18494
86810
86085
95067
80947
25270
88440
98400
38324
19940
63023
76004
69705
91108
30804
99002
30572
76970
6050
50998
27150
79071
38270
31616
97384
44613
55763
11172
79968
86584
1134
42343
59956
65232
43315
22516
53958
74595
84409
12627
45859
92776
29161
84475
41905
82101
73966
42367
31061
96586
80729
5956
8639
75462
97525
30803
11731
21559
15297
33609
25012
52208
63471
58987
23374
11378
64121
29239
42976
37613
39483
53494
7365
35200
34416
70894
78430
69116
12172
28820
79581
8422
89331
53247
11856
30428
69333
3319
52520
815
92231
65899
63398
59470
37855
51714
81953
92931
93164
59594
98582
22103
17647
33997
63340
91376
59642
80097
30722
69211
75427
33982
15672
75269
74052
73482
72023
36579
65683
27760
39774
2609
58073
26352
2410
17655
23698
53711
47073
59304
88256
68239
7003
35076
92747
23962
32781
47614
35161
61112
54803
76471
41510
33504
55289
35721
34496
42058
34983
5952
46146
45603
51111
30338
93931
35258
36884
29200
53818
51735
68865
42660
16553
13867
92610
74106
79171
40643
78011
41643
3906
74678
68580
3285
8681
13854
31669
94262
7739
77571
31732
73719
31319
77459
13944
61158
78993
33198
5240
73979
38541
56637
10998
7100
77530
88962
43649
49948
39913
24203
63147
55518
94281
59680
22249
90263
70209
68860
54272
12177
47977
21081
94258
93420
99141
5828
85476
76640
21278
80111
16939
96669
33471
73957
67283
20531
65641
96600
26284
51470
46547
81430
38577
50297
38914
82074
70774
92035
1729
99935
23853
12190
14877
80496
16149
23396
53088
19002
57312
87892
61800
38595
81856
26427
23715
73011
7213
89166
47177
97872
3637
92819
213
79753
71904
35296
70433
38952
59455
15323
54206
20298
67505
49344
81645
83787
87218
961
20413
21466
51648
82504
53697
17836
43787
34231
84621
25228
90360
85777
40333
57296
63282
15473
51682
62310
70318
93592
46778
77806
11577
47364
74187
46529
46176
42780
98955
17455
58427
27912
58735
40039
1815
49597
11006
54607
36000
20663
22482
69907
29831
55038
9482
42490
94997
25355
18927
95092
49420
76676
68001
41999
45494
38499
44124
75881
82157
44821
96845
88288
93414
76478
25387
29221
81019
26713
38068
5839
67955
75933
42693
20300
42831
61692
82773
1714
46164
54021
3758
84180
44433
39017
91785
60368
95692
75099
37414
52805
91757
67184
26117
72258
21382
6597
34980
72281
95293
75744
57493
41778
56088
52111
83418
60636
28260
17677
29216
15806
62018
49251
69494
10604
49615
88939
40456
97621
43150
21135
58908
86649
72532
46384
84872
84824
58351
1763
85390
65190
41012
46101
4310
1658
2116
25840
23878
1701
18842
1141
60992
77024
1651
93481
70520
33407
34650
1421
2929
18050
86160
35621
63667
58569
77461
33562
4682
56615
76949
1722
51838
10768
46738
34237
85963
35500
62569
40547
43676
43726
27588
70777
15369
42301
71580
51643
26538
61265
89256
59795
15575
55322
85862
25983
66846
97850
94629
54321
87295
46867
33869
70096
98439
83099
41259
30395
88360
39244
16797
37262
87569
14168
15958
39325
5231
13401
36943
77661
28576
26919
77451
41122
88975
66658
1284
24483
93457
78255
48439
78522
987
44000
72905
7911
77982
16620
77045
94420
51552
10590
28083
48563
50456
96456
90950
9700
36646
56888
33922
54131
60749
59075
3703
36126
7917
91198
35583
18804
37505
85676
18912
60088
9202
24082
89439
52997
12694
79942
43394
37036
73225
96293
17695
64792
33222
49987
91174
1107
96930
20190
56007
86881
17317
46443
88738
76330
81061
41810
17066
56629
62881
22166
4532
68528
44376
25356
70498
25293
65123
78125
4198
60998
81813
63942
66645
81632
18798
4717
83627
41549
71382
1934
12564
67307
86428
44515
22622
26571
33035
2978
78841
69804
44454
63024
99399
57766
81344
33491
59782
56130
55418
88742
58103
60550
70138
28709
14026
34415
19076
30664
51336
62903
99704
18381
93948
91478
47400
25422
31295
55780
40531
43889
38656
23420
52803
54046
97580
44924
52160
82891
36639
16266
86959
73555
19495
11569
33258
4582
46576
30153
92989
31066
40754
15220
79322
60607
88788
28772
30906
57967
98363
22202
63665
39492
42771
48009
9964
90756
80952
40889
47914
17784
30689
25992
49204
27770
29450
21898
50491
96109
6845
86417
84492
77734
16381
83593
39218
60359
44302
79994
47432
90477
22340
33104
39577
4863
11910
35031
25302
72391
81406
58111
9139
3965
56065
14943
98079
53951
14549
88726
86111
29085
37860
13229
64422
37360
75132
38713
11602
81259
11488
1372
91205
2185
74446
57291
85758
21190
49357
29930
501
74346
61139
4787
21456
63840
28465
80341
97220
20676
59292
46969
52459
56347
31929
21920
77790
70845
18884
59177
57743
4205
67932
70862
97926
6505
61039
26574
98326
26012
53021
35654
47387
91601
50955
54392
83443
65891
16295
60333
32982
49647
81107
63062
75379
35211
48656
93358
58472
43696
3112
34652
24349
52594
54424
85749
77982
4592
72120
6398
61907
11431
22345
68462
27710
35201
39354
52530
10577
2859
63926
91307
26793
52932
31533
97746
22059
47312
88030
3963
69465
7565
41822
44567
21392
44446
43911
66067
85218
76322
94240
88126
38123
2921
34597
71368
85618
32413
68691
33734
31518
6107
27026
29363
88562
13125
49055
50736
62022
39152
65429
63915
24996
9208
92344
48477
79548
2580
56957
93102
63076
3332
17017
52371
12848
78823
34245
12567
3978
65481
34955
39096
67630
34233
14607
39400
65540
66488
60125
90741
27002
6925
39819
11266
38205
21526
59946
17363
14613
75353
5775
37352
26299
29465
83928
53985
9495
21380
24413
45280
4346
28521
60021
13035
23092
30567
12322
62832
64947
96288
26170
83716
87610
81932
31283
87428
68921
67434
98666
96733
67759
64497
23119
17798
50808
20581
2129
25259
6356
43046
55074
81509
34295
23010
63750
68196
90950
87626
75997
89390
24884
25345
7979
71873
74169
64049
4321
48437
44172
84056
68425
41470
72893
79872
32339
70765
33746
45421
65719
4565
40091
24207
62374
29099
85812
56951
48818
92998
53399
45861
57366
56614
57115
87968
10659
69170
20013
21184
76969
92185
15273
47045
86494
33434
32565
84970
71470
15487
98170
37587
87103
79428
29632
95364
22943
77302
13637
62508
47020
29206
98010
3134
18272
18844
70842
68384
25848
42137
79752
316
77439
57909
4004
96852
635
70806
19081
20274
58484
45634
13190
98718
41788
75164
51639
98024
24736
92810
37503
37445
29257
10391
60900
56599
75183
78484
86600
16677
7323
36122
51775
61130
91991
19627
81586
49033
58485
89238
86062
99134
25049
35768
27945
44399
53987
56064
36372
37217
52861
17131
77014
54087
95229
17582
69482
2485
64887
35827
80182
49460
43875
74298
95846
48270
96806
88320
24166
51784
14976
72989
70617
99728
9681
20935
53720
27755
13896
55796
33354
49201
59242
39837
19484
55605
41275
81343
46750
55708
76973
35739
34938
93455
47330
51132
85745
88076
62847
26296
33812
27510
85039
63280
75132
94956
3056
76722
76262
56727
82943
53054
95567
7965
47259
22213
38663
7251
93464
48205
96917
60080
38307
65617
3975
48412
37837
64037
40660
44071
26486
99223
17777
98102
52599
7570
52268
45720
52715
72444
18120
36183
34491
11007
51669
16105
23877
64069
77227
34918
584
46364
17987
32820
47951
15609
17202
25631
13495
57721
58915
91268
85951
9538
16912
74124
6603
87816
55101
48470
85333
90219
78353
89261
80625
45662
45809
48953
81210
6498
83931
14865
59678
83025
34044
66958
31364
59287
81934
54874
29813
4827
14098
36647
77998
2107
77894
62301
640
91541
59651
13451
39330
19042
56853
52607
81556
21532
98168
84976
98416
24961
27115
19960
50543
53584
32468
69920
94102
61999
40912
17843
50939
17519
86229
56564
98647
33031
38118
38796
6890
94590
14194
46267
64102
78277
74281
99888
97721
47296
2268
38483
54778
91012
99344
84384
71951
86236
55454
92718
62105
7782
13195
68269
76125
46298
88031
47631
53199
76107
5348
71613
59069
52102
97437
43786
15125
3575
7424
92036
51540
62283
6546
78598
46764
79088
47453
90251
66705
96537
65648
26142
39713
90430
86803
25741
85134
56928
77190
45467
99369
94313
19221
25140
73356
70354
70778
27963
81091
42078
54767
2944
1048
6596
69166
66893
50875
52618
24551
56351
17610
11980
64189
24018
85090
55836
14365
90741
62658
61892
63708
87741
56185
32615
54668
66646
76556
33989
86587
8467
21381
60989
50185
39174
25082
51245
60611
81292
53977
15316
5793
16096
32270
88281
15576
91599
52433
90245
76860
33419
23439
50091
3254
30617
36819
24839
7198
69382
77648
99652
92470
1462
55693
50968
41442
4317
65614
59082
90471
60518
98620
43700
22335
95696
13264
81219
92246
2905
22657
43419
81189
3571
39
99992
18313
25843
79883
21871
71038
33992
44685
94066
75197
26248
29425
22771
82223
2630
52712
54816
34829
16576
46774
44524
75414
50741
86341
41007
60556
14004
64390
65027
29611
81647
80383
41967
72615
302
22901
82977
17377
8416
45207
94868
33317
76301
63908
67890
72611
58407
19355
31474
67720
49534
5725
68290
88729
1106
28449
80448
940
56195
67092
10530
53827
16389
26186
40566
6085
47152
57894
41283
45338
58803
57409
50478
54850
49928
49690
94201
47699
72739
62395
60293
27790
15876
39684
42009
37181
75212
6615
65627
38667
27020
88127
58394
37279
70776
90205
54894
57655
68475
45488
63192
18589
69732
77536
97187
60136
4382
57384
76556
94514
45054
62558
20701
54417
50101
45440
76276
83093
3557
47484
13091
72285
91985
4667
45873
3990
3661
96140
39070
46704
80468
92905
81955
74687
99224
47080
68120
96939
40659
42496
49679
88148
50301
85174
88445
11879
54359
62787
28089
37845
34179
83107
93213
98198
18711
97789
36234
11961
79846
4778
2536
76966
37438
57764
78026
52755
12113
12684
97520
17055
22443
67832
97766
3374
31842
87127
21802
32034
74028
81698
97707
12754
52106
16706
72748
83882
70849
41400
35368
76638
61129
89964
59504
66348
81855
1301
29776
10253
99029
36673
16911
76248
80457
17987
86389
80052
13523
55479
26055
57623
10520
33330
37869
82783
20732
75370
65461
84396
85364
35935
56209
20953
11322
66214
7451
97333
33337
65520
12888
76322
59271
56635
97530
42729
32723
16949
9344
45784
62036
3240
14168
60698
36385
14246
11525
3025
37887
33682
52764
25778
60533
68904
50759
84349
475
95339
25548
95191
52753
48810
86472
75974
69292
32109
66389
16392
4683
5090
10507
10608
21288
29534
96675
41535
94793
8946
60022
87067
37718
44396
14308
15374
74470
85607
22640
25694
86610
28368
4040
24868
27019
23733
29731
39915
31431
85612
37795
91175
87254
64542
53338
86224
42354
85967
84105
17146
5109
61962
21700
58257
3494
68973
61297
68118
32619
50222
90895
72593
82178
40937
77203
33937
98186
36935
28877
23592
8252
18188
16617
22524
89079
93277
81746
73483
21913
41964
67697
44990
32713
82850
95539
10024
58929
18952
12456
94332
96714
69906
48775
75273
63439
71273
99824
81523
44051
83923
14602
87950
69839
1056
17002
43641
12244
74740
14133
63733
52606
7276
32764
67105
68681
33455
35079
57332
57853
27987
40013
1589
75397
41960
61214
92410
50110
86245
65635
93148
4939
64077
4510
27795
26693
58141
52843
50355
24079
77942
43272
2755
14599
16961
79281
5781
86297
48068
40227
46247
46733
18367
25635
92693
94433
82243
53495
18009
91442
99056
1969
21697
78355
14313
74093
61866
44768
8343
45584
53022
99597
5942
2063
54088
95415
42720
9714
79664
76604
84916
44749
21943
96614
99
2734
79600
81410
89239
56854
71033
40815
31360
51646
50646
74290
37436
34555
83080
42343
31393
18235
97038
27313
7498
55247
26840
67314
66717
9603
73284
11735
30677
68936
3864
6027
11633
23187
55098
95436
93144
47167
73263
4058
77959
20397
50574
42155
90904
22828
92512
3611
46288
23091
97559
87585
86150
71466
66408
62141
96203
44457
8774
99854
65242
664
37565
40608
78686
46902
35143
20386
89658
18550
77326
8981
97689
24099
65375
40129
90419
65732
22471
77890
42232
92122
46605
8799
72476
52102
11564
1819
93471
96551
52779
38948
65048
41633
86426
60041
63773
4858
40715
88681
24210
72063
50251
64998
76075
87075
47964
23321
39328
5383
28848
38943
7692
17300
99780
47024
44737
46117
63510
8080
12013
38178
80261
27647
66657
232
47204
14411
1123
50404
48442
83077
62770
4734
68825
11249
12273
40210
94872
61751
54611
47801
39855
17334
13857
55494
51727
76216
61738
66957
72252
20673
13416
77502
35145
5697
85259
96751
78414
46121
87716
85911
51815
70874
11216
95447
92492
20216
26847
50003
79401
42558
69632
25598
21209
92908
27019
81524
5668
52827
78666
97344
83986
27504
59653
55326
682
4303
44360
68059
63244
26631
10643
41208
36456
30603
23167
91150
78873
8097
30312
69451
16353
83795
35355
63738
34177
60292
24413
78369
53685
7324
40565
79780
40395
1380
67863
34598
99358
9773
7566
15440
87187
66058
81541
49386
35151
80318
54483
91815
42227
67952
10625
67037
27221
17979
78200
28561
91836
1698
91820
44721
96376
93760
9727
9403
20731
85150
22291
4348
35224
51486
41680
4722
52087
22996
38158
52370
80593
96469
24480
84774
74670
22183
79549
59310
18713
52632
41900
28935
57245
52874
8267
41578
56895
80715
1532
67275
19447
63331
87085
94593
84012
3175
47298
56741
3018
40043
22177
89396
68707
18037
56506
10511
57503
36172
41745
41698
61729
33294
36938
51617
92665
58113
57775
52397
89087
20417
8929
66710
84850
34968
54233
89339
7437
45004
18841
24686
40642
43059
22292
66195
7095
59489
90646
96070
2586
31106
71793
53723
33
85411
4806
46849
97858
2058
66572
16896
7052
57350
98880
60162
58721
22017
94250
32302
15280
86129
92199
12719
31923
17070
11768
88851
70306
39807
95910
67087
34770
27149
77457
93408
12205
75033
89844
66412
1327
46921
49110
80295
77978
96797
11919
93746
26007
93440
27540
48957
69898
97114
52642
63245
6320
96866
324
29305
91160
89521
18080
63918
37083
83922
7364
33363
66809
95573
29672
68263
89681
46499
44960
14309
5597
83947
90273
51241
67368
95899
94733
61325
20269
90250
46685
52749
81165
1522
45898
53641
77132
37340
59735
85448
2377
20372
61279
16888
30841
93499
49430
39028
71710
186
82751
86303
40425
71860
36138
16813
54505
47317
16871
33537
78478
56903
7052
39921
8991
47139
68158
69446
44564
11268
32415
18751
16913
70327
44789
59540
73280
52782
58259
86872
2602
30964
84038
85720
47921
85532
33118
8961
97389
37042
87287
62974
11265
1811
61475
87774
1209
72696
34485
32180
45219
2956
73677
31032
83111
93535
24699
94219
54628
65460
51474
79256
69896
23509
45162
47733
87083
23878
68882
47657
68873
21591
69680
67592
21178
69010
7414
23577
8336
11413
14979
54264
43372
24538
16147
98360
37758
44401
79781
72672
78839
48367
96743
24022
76076
17087
57151
32282
63305
76055
31672
96489
64848
96166
95175
35169
10093
66602
36026
70884
94807
55102
11836
58710
87141
36240
25255
94785
80458
63504
37766
12408
94766
27748
60550
42552
66539
93176
72793
87754
93569
73811
11814
85157
5302
10822
81936
36048
17870
81245
3809
70341
17506
51448
6803
66289
93856
77171
88955
52856
95647
70208
73107
28950
80125
855
419
84352
35960
66916
44459
98985
93061
25470
75183
92512
42000
60504
86462
63191
6896
5968
57281
37982
774
92389
83005
63726
47922
36070
88709
17218
66610
1958
87200
84575
24025
34603
32018
37492
81927
24229
72617
89084
25066
20540
76263
40768
21521
5282
44742
72218
40009
61479
52493
14197
64182
84492
62958
18000
65552
92527
44472
53249
86839
18181
55040
71446
75668
26757
78376
62230
35085
95489
12521
72871
23236
63120
94114
84840
20334
62567
79676
94046
73483
63494
43929
66541
30439
28654
8377
8156
49964
12624
37161
48795
59617
50881
85160
42048
89731
98505
10327
53196
20190
25787
75229
27661
9831
96063
53204
98396
88058
15051
78227
51271
86796
65328
37433
46729
86060
81809
16051
86869
33595
84238
39722
3634
62244
3486
78700
26848
72505
4283
52725
41113
95564
79863
48442
86738
53639
52045
56465
83968
60873
6995
54976
63512
33118
79211
10625
7151
89465
75128
59151
88448
43472
88525
92977
97580
2261
29089
19999
81019
93900
71103
81877
24960
5229
94586
99091
11803
21976
93502
83086
32601
15824
19745
1751
70966
61174
25689
79110
49538
48195
36231
61091
72256
37249
27408
55472
58891
83591
58829
48086
2036
94543
71480
88747
25447
58485
51623
12093
42828
23310
50549
49470
7561
48098
55739
87179
81508
66632
94462
84891
2341
41661
96834
92801
76090
27809
54557
49053
15093
15630
40486
10629
78224
64405
27756
82443
19857
40407
77538
94508
74056
96797
62232
67637
42997
20020
85381
27857
19654
22408
80480
94099
13918
65852
20750
8221
21330
45828
13302
11147
60461
52383
29105
47839
4403
29108
29885
45002
63618
49799
82320
63027
91060
37720
46569
66791
84897
33017
31330
62269
50018
20266
84289
98692
90768
72627
88398
66732
80875
9149
76160
77358
53078
3469
20528
78969
14016
76926
72047
40922
44189
35354
41683
98759
84883
55381
45004
97864
96049
73190
21333
7010
98841
71202
20359
47586
639
96374
30599
8258
11433
9985
60479
17947
97750
9773
53321
45799
63899
93480
840
45297
72616
39139
85105
54524
43594
17830
26471
48396
85065
61613
74693
3189
4753
4548
38707
47167
69743
9850
20764
55571
1425
96357
9206
41092
40240
11090
37248
97084
13513
84295
96746
44930
54566
42071
27630
7429
37276
78112
82204
7688
3182
78245
57267
28778
98414
91267
56396
89360
83203
18323
16368
45362
50535
18523
15082
50047
83847
56400
1079
29997
27886
57869
70970
21569
51867
98473
89164
51383
45838
3703
33009
76879
28642
8799
90245
13716
27732
80437
84085
69194
73953
13715
24234
73939
28398
2360
81023
95999
13537
8028
30484
68750
58669
29327
28252
77314
88939
72621
26737
34886
67683
3808
39848
94709
69802
79698
40030
42984
62917
45452
11505
44384
16748
34352
67915
37100
1418
75152
34617
90487
26049
92202
12667
87634
26890
35520
8564
25786
33370
82616
52352
67685
32832
78093
28773
59150
6763
66927
63778
58650
12520
28958
91781
17126
61576
37534
26073
68271
53184
63607
64348
77054
4043
54188
69198
67470
40426
66934
63973
72635
70444
26109
29214
45673
33384
12338
4718
30126
82535
27564
19702
51773
6719
8189
29941
59792
72185
57584
56599
87185
91252
97121
79115
78789
27043
63608
61011
67541
9393
31172
98036
98299
70053
49841
91918
73573
7488
28229
10437
62697
52867
86972
82077
51398
34990
30110
90404
28242
69411
11322
26314
30469
96585
15970
2060
90657
10061
73378
99821
59869
28962
51486
7653
11853
80265
50087
90292
56815
40652
14649
72431
4980
65476
81364
71963
72584
22106
17909
57720
53632
63274
89009
10068
76416
43012
50157
5921
62183
79021
45181
99008
15447
31170
91223
16380
39812
95036
49619
57204
25785
55151
62178
46736
57345
18060
25223
74389
43289
76743
59862
32627
52655
40819
60008
93531
66134
59336
39672
51886
10442
57511
12221
29041
34586
82132
740
64925
4279
52354
40170
3794
43735
63949
11795
49804
16486
92897
48554
24078
22986
21816
71445
30426
69106
24480
12979
29026
89946
10522
5269
49849
70589
41279
92151
46947
12856
84733
73882
25803
52375
68159
66815
34899
99902
65547
26913
20070
60630
86565
9936
24810
34738
21329
74406
49265
82941
55382
94439
47886
99106
58014
27962
89444
78582
14873
53630
46682
2086
59425
25035
38699
24089
55416
61511
77434
33442
34157
24897
1091
88805
87326
79405
37325
56291
85175
65436
26267
16068
10681
65496
5730
17343
51702
48217
94388
58729
57913
49415
32603
54136
63202
43052
73761
87762
26127
85845
61676
11767
87286
1093
20775
84903
41966
46198
88283
6386
3150
83565
57918
40219
47725
89656
84258
30568
35625
55623
78413
8840
28099
86725
50312
14433
21287
98449
30065
83157
62153
39293
80908
70512
63115
63298
43126
82961
90427
98206
74809
22802
77049
99851
63004
48854
16855
22461
29746
21679
38137
12728
10035
39273
62779
96844
2247
76278
62386
80302
12958
79350
87210
9396
56797
42498
7983
22252
14196
42773
6248
40762
12107
72089
94557
93228
91577
96554
13593
99483
95223
36360
88394
89472
78921
78750
44677
60241
59004
23274
17607
31703
28334
9385
89431
54733
30310
33856
75559
12695
31492
10377
86552
89020
7475
98200
54045
28514
60123
67849
70552
75205
50163
95881
70145
80851
67316
83133
2534
79975
86217
61458
88363
85984
41315
99618
45106
64413
9288
50784
85174
52215
9483
86976
49745
48731
10103
2822
96574
36930
49093
969
3193
76623
34125
35204
67234
49637
61432
92729
6720
43331
81652
25090
96162
99612
68225
12309
76640
62935
76169
44531
75489
12416
99373
84622
31798
3305
23738
17429
39747
35265
75706
4541
60702
76910
72230
42829
95472
39754
66009
78086
1656
99032
84448
57677
17743
67617
47438
66551
29926
78991
34124
56080
50027
64358
70382
55751
72011
23866
91360
3258
67825
43761
65599
61913
18156
63669
50948
42298
13647
43637
56955
32440
33202
6330
70674
44648
32918
23106
45388
68667
33094
10586
80630
42569
85337
50780
83665
93120
84788
69250
11918
95848
56395
79142
95960
81266
2728
45497
10442
22589
15236
9436
73633
54532
94611
48734
24812
57735
12477
48242
8769
75668
43878
97484
52169
25427
47374
83544
23963
54539
84404
56150
10822
93844
89782
44470
88456
47802
30356
36781
77084
46666
19379
36785
29104
27132
3933
37847
64852
36542
15013
38502
49999
13465
25512
13879
30955
16481
37807
556
56592
23422
28497
90282
77103
55890
25590
94132
77428
89031
76470
31749
45247
23382
93503
74058
80140
51350
63509
79962
6830
94400
40180
29330
46170
99195
15026
64625
71839
33064
13952
15213
78644
77772
67374
63921
21610
80149
4814
97556
22209
9419
55280
71222
35734
57525
71437
60793
64249
45829
18208
51002
19452
12353
94638
88651
38568
79
50886
85326
7594
74748
73220
74383
26347
27689
26511
65407
81757
71794
90850
8873
63888
70844
67720
82259
83365
67003
23296
33235
27290
67133
30336
66923
99940
26615
28886
59203
62011
92617
91146
31521
92623
89072
43903
27143
27576
30505
45816
73257
34731
76765
72311
53545
11752
75117
59841
28753
54032
88859
18973
93292
87284
60434
69659
60578
7241
84020
50321
15790
9368
65854
96608
51614
6802
49849
40470
83815
26880
88896
68429
44002
55352
54441
27441
4582
70380
59603
29726
323
56316
72554
94343
42488
72459
569
52787
8754
14576
27436
12834
86818
38467
52033
17070
34426
46807
55275
25197
69412
22951
59331
2642
68286
47817
16587
99507
57493
14655
29504
95813
79453
64332
96668
60131
24619
9955
28804
46734
94608
23131
63637
13454
27218
1600
19558
7991
56840
64995
58746
17959
69265
44017
78084
35243
4338
58560
5207
39457
62123
72742
1353
66553
30580
22564
3684
31732
6361
41600
78089
91022
22159
7664
44769
79993
53778
50130
95233
37663
89724
59289
50297
79656
65284
21217
15833
14204
79697
93827
34784
88480
20506
56965
66819
16765
81883
7209
90903
83455
28214
70213
48731
49369
31587
59731
50532
20453
15509
43454
79622
39273
3947
92381
36156
74614
51824
63420
29685
2921
35728
2006
58971
95124
25271
51711
18657
36407
98215
73278
88616
91016
44341
53111
17838
45330
52129
60934
82068
8729
75473
34952
44522
18875
65481
49363
23641
8498
89352
99207
45676
87447
42274
95260
68956
74208
29462
65594
29687
490
46731
7271
45356
98450
69228
24250
1078
96700
21180
21103
56547
17591
80472
9460
87071
77432
50728
88192
16738
30754
88674
87587
38706
552
22395
68633
63446
14761
40554
91576
26617
60474
828
61832
62039
5985
42157
28978
99143
64701
39113
30129
15365
6211
56671
85157
571
21476
34591
81415
35275
90538
16592
8471
10236
20801
92528
23857
84926
15282
29545
82302
35131
9643
24204
36230
86013
570
84045
74851
94646
3800
61371
23792
65744
2146
42138
79553
52881
36899
76735
97900
77482
28238
64839
76581
28828
86566
18389
41576
45768
98848
64230
64207
36178
768
22162
33156
90481
89121
90337
74928
35605
42673
87911
97841
50389
37848
30846
41770
65173
84057
53566
8532
89777
2256
75036
65938
17512
50460
764
43811
18727
6486
73908
68721
40688
55999
76799
63238
42760
25369
63419
90782
83834
80267
60992
17815
19755
18120
37244
18117
61787
25193
2864
21218
79956
84087
57729
90498
7763
66949
7867
33765
944
39577
72873
85894
62923
27147
98505
60465
74261
55782
81104
18929
19096
84076
58426
62662
65060
40215
35819
27349
56919
87641
10343
48666
4905
74181
3947
31833
69233
2150
43238
29650
93271
60397
13431
82291
77654
84680
92164
8839
10381
24494
73812
93324
22627
48791
76938
62211
86613
75688
6750
9472
28766
61228
16442
27489
18049
33278
21646
86491
26230
29636
3600
90319
51215
25333
48659
45084
39493
20634
92483
51022
81988
33778
19579
82229
34672
26352
12867
52080
90194
8671
58441
31400
77667
62278
8410
35481
89459
36423
31965
27691
48054
79233
10637
69503
36749
78133
41041
21221
8077
31173
46746
20778
45869
27064
47768
15598
73137
50971
281
89747
35086
35906
85087
13330
26425
50060
34525
23752
71217
42435
92270
37646
9734
20898
98130
61862
90788
43122
48133
66449
64320
31309
66686
8349
57853
78436
27905
25084
11804
64476
79137
20752
93822
86706
37590
84930
33558
28064
56439
3634
19088
67831
42516
37864
42969
89004
71122
41161
22889
7376
37763
7653
34420
63735
93186
2477
51112
22905
48969
81859
1411
58647
51663
89705
63573
39286
62208
40219
17902
26663
52570
91833
92164
27143
80290
71837
92066
21569
22338
63211
5264
73938
11071
45861
72219
74405
31994
28862
50786
23996
2051
61510
15708
30448
56213
68740
38313
26192
17971
73219
45203
92613
96125
14147
39616
30518
42830
69360
9143
23559
53332
55280
65773
36700
91565
41749
47435
14940
84027
65266
79326
83985
53476
92298
11450
5195
60169
96165
83563
99620
47361
81468
26074
21566
65905
32819
69209
91113
34058
81478
54315
47009
71135
39452
39955
89843
54721
90872
26839
62720
97625
54959
28976
40506
53985
28596
7697
9100
53951
83502
55570
36791
74815
48427
43224
1206
82700
32462
68322
79075
56715
78819
35155
76978
2197
7859
83671
62715
70766
28564
77651
49557
99046
96792
10510
22174
54732
93221
82838
87735
15018
65445
72112
88844
72961
93747
6400
46450
27522
96918
39441
50728
58693
4203
51137
50688
69258
66458
12076
87383
24490
30219
14836
93600
43033
48081
67210
76095
10298
43076
41851
77648
22046
50893
11386
37096
27739
86074
52966
8788
52709
77393
20855
87870
812
39585
28299
84365
85522
81621
35687
58924
31879
21122
85068
70627
94435
38719
32408
85217
4863
87316
79286
72956
39088
53386
29827
58223
51137
89122
76190
34305
9484
18818
91019
83334
20564
9035
24291
31391
24322
7846
37244
61085
97307
79772
80145
90467
60730
32677
3214
6633
81743
96120
69082
12381
49907
86145
57056
13156
9159
23120
82812
71933
48232
91950
72575
32903
68241
96043
7295
48153
42574
89363
62015
84687
69432
89119
52470
12805
22897
15207
23198
5371
12446
78357
28091
75736
13244
69205
77061
46795
1184
24936
61972
17805
88079
38424
20040
9954
6327
49702
38034
60383
97960
40959
32547
45989
55891
10221
43631
82571
35421
94729
15868
36186
69087
783
59277
19089
51902
37642
35558
76841
83490
38030
32475
28083
42837
66820
9049
44574
13978
52383
62129
84372
16135
35406
27804
63204
32928
22059
82352
90266
6417
48656
8862
39082
89160
23305
19556
4909
58989
27300
51830
60738
64287
70277
36004
94933
79757
28982
40072
85404
87469
59932
67182
15966
2588
4709
35808
49327
17587
69309
44589
19159
79586
32959
25270
70256
39884
12264
12597
16174
76350
10664
73097
49849
41037
81618
90434
47573
5739
18419
12870
49603
80326
70655
53982
25376
73725
31590
37953
97707
49312
21542
83002
64580
98179
33786
53112
90160
91262
2481
95570
18297
4612
42937
15125
58226
74686
4985
23691
63641
66212
59646
13546
6485
4823
66829
56086
85182
47070
69272
32244
16635
17754
44172
53164
58343
87144
1062
27225
92653
43443
51781
39793
88659
67188
11099
29004
98483
93607
80702
67699
87395
71467
56091
39622
47382
40469
68650
86089
73340
50674
69724
90092
23972
67287
13521
90902
67138
48102
26022
40237
5740
75360
29835
74501
26654
58721
25875
7011
52381
14332
42404
30988
29305
23092
63535
37711
58379
5749
26105
17707
21950
91661
40216
33790
56202
29482
41754
70028
24987
59920
98846
18792
47856
80375
15814
66274
80416
29247
29252
78157
6647
75633
12657
35179
34109
78548
18332
62872
26424
98473
74240
92656
61160
78563
42927
14846
53872
36070
15114
13090
59796
71995
41042
41437
43166
94285
30361
97948
72283
52803
83282
26463
21602
74938
88455
26341
66741
86911
44009
83254
50208
5062
93633
48876
57886
35497
70021
96639
47002
5153
23783
29676
21267
21370
88999
25537
90521
73846
25449
3304
73653
15392
23489
68109
87045
65259
32651
84813
66724
79111
28983
57373
17127
58304
99681
2484
98724
2835
45439
3350
16878
93421
5043
93278
99131
42561
68640
86664
24134
49414
43130
62872
60336
38347
57078
63882
21634
39992
38912
77207
34893
9218
66316
22080
68658
14987
69796
54843
2270
46068
54975
91447
37677
5279
96307
76525
28272
50277
82881
50661
44264
15537
30287
42946
21074
84567
45876
77931
79645
27285
22732
90519
90486
21284
11754
4116
99109
82010
19533
69716
24688
36704
84843
87445
80029
35275
15915
45100
53365
33081
95855
23725
92452
42826
91470
93817
10077
54873
66783
37220
68539
37685
47601
90177
11490
14400
56632
75053
22659
62371
29217
57301
61982
23116
21223
46341
79938
14597
21086
75438
25680
69010
95341
11379
76638
95079
79481
40273
52727
96163
20476
17160
21055
41486
62772
43850
92533
84266
70007
80766
12145
568
5028
95633
94572
87883
40054
94555
98559
43713
62834
60041
93988
17539
31839
99244
26361
85914
91349
84158
46243
52524
72333
17260
45422
46514
12665
54724
86034
12023
68237
47004
36946
95055
23290
58877
97758
17105
96188
93546
34777
61779
63305
95057
15061
86337
90569
29868
97849
36889
34757
13652
31748
93541
39736
91876
66572
38326
3139
7717
82911
82426
24861
24891
5323
30234
92871
1227
90713
52435
99005
53351
8499
51247
93864
98872
3558
72478
3632
75943
40003
29846
48911
75560
24832
1925
42401
89219
8988
73678
39415
59744
68991
96456
71435
16302
89503
73615
51726
27569
4191
87780
20093
68678
98642
79240
75602
80275
85149
11153
46039
60528
79451
89670
66933
3372
52090
56573
2859
45470
19618
85454
59225
10217
75702
62324
89628
17162
57107
8864
77780
39873
35829
17913
40225
53978
53721
25076
44109
74103
58205
84363
22850
4476
1092
14109
27036
59286
48054
40355
8089
52552
3491
88042
50189
46420
90120
84690
12499
95331
65194
84962
39613
84817
24160
29861
42860
50136
35117
79141
73147
73623
7786
18882
38294
22750
60290
68591
94408
81049
37975
43338
88594
17495
28323
97942
62423
72885
39161
46743
64212
51820
48073
52201
6765
79028
93858
31741
81539
81075
4017
40496
44353
83239
60904
11498
74230
15243
92443
6096
50109
44649
33827
90727
40375
24381
94661
87526
89018
30113
69613
90486
94467
12826
31252
77801
1736
50014
36064
71540
42856
16577
41034
22314
75843
64155
77723
57974
83302
37303
23376
39444
54206
97242
81565
84493
49902
8014
89486
17550
10940
46347
84072
6244
67717
78049
90093
1206
78897
38372
92639
95230
66977
48532
40316
39685
98725
51303
33095
31322
40490
50293
38760
56879
28752
87681
5257
529
94682
79231
23585
90241
40607
96934
40014
71316
12509
63348
1915
50755
26861
52152
77377
27536
81969
77184
70922
87030
23338
50655
35920
74475
45831
17275
60004
51701
64055
69168
18827
34086
95871
45572
19683
79253
78951
80392
88419
46906
92911
30504
8192
18278
16000
78736
82924
75677
59197
90682
96344
30577
37047
20376
38842
95100
65408
46010
40811
82617
91959
34109
34663
84384
13794
30769
82455
12892
91290
67461
24587
26091
74656
82384
88448
27761
83885
99807
57346
55769
68072
89206
44939
43274
77296
65061
49290
9409
39865
11689
39390
46257
37140
68251
74433
3860
11846
93369
2946
34220
43834
50511
62154
54522
95123
10626
26017
76410
86010
98425
19241
40313
84566
71592
3911
20181
50681
50298
34626
84335
53206
23194
62276
64047
817
4318
7581
37525
97903
44177
44871
50903
59021
539
86597
34876
78988
55887
87364
6259
31593
1906
55075
83057
66379
11811
64207
67109
94582
28427
43111
16122
28860
89217
47327
48552
2355
31418
12159
90487
15874
75404
1803
7218
84308
55326
13694
91460
23119
75342
7759
80881
17375
82206
9782
10227
65516
1724
41800
38928
68458
51916
2621
38100
57102
44276
22099
33233
73406
98275
59563
22063
98401
76063
97873
65937
26966
17067
80314
98438
78081
35313
41446
74409
82976
94001
39460
56438
71035
65446
95157
36648
36762
14289
37064
32180
49744
56325
30341
83548
26293
26958
23494
51697
53362
57182
95838
94120
2326
32118
70973
17271
82533
45741
1804
49293
62351
86624
57331
19787
9343
56342
22875
15811
34346
27727
24077
85867
55111
28872
55864
414
23998
69486
31058
87695
46105
30557
65014
42443
49911
60083
76716
1546
61535
5334
16966
15570
89522
2750
27334
76104
74649
27520
41149
39187
36061
13752
72302
71247
56886
66451
59825
10667
91675
5750
17972
6144
62648
97327
54684
12078
12094
12438
8009
25492
41268
84767
89879
42379
2283
83647
16385
28736
31439
15767
19392
26317
43449
46946
56304
307
94881
20120
49972
64342
95185
88092
46032
48853
70517
71849
80212
47812
29679
27667
56313
12584
80487
40701
57476
69230
14655
46711
94279
3016
14404
17233
19591
27237
95744
7968
54712
4108
20621
29035
83428
15189
79396
90708
20906
55140
27827
19166
63683
20611
1901
32287
7777
6074
85692
15011
23472
85870
5553
69562
92254
23443
18620
92895
22743
11279
26903
11622
62344
4653
27676
23810
12133
97307
89847
91248
75975
98177
37175
40355
85357
48989
28766
58509
74787
37727
22903
83078
53792
77310
92551
59004
58249
70134
85308
49432
42675
47359
81538
7752
5574
92363
29396
27823
49245
99483
86896
39013
38249
4222
18851
6060
7893
48200
66852
44016
12357
91307
33277
21882
47511
8532
21859
48562
23660
19876
45127
31630
61536
32041
11460
57179
48020
16377
80569
51142
61837
99179
26865
71688
42101
58194
90493
56140
45984
47158
87588
22974
83177
95088
27089
39730
70426
68674
59754
95342
81259
13617
91649
43030
1729
90849
63843
66002
15832
93035
62829
4413
31739
16221
19327
71500
28848
10350
86185
45624
23217
20604
45218
33739
94933
92772
81559
29571
62253
56798
16576
19942
56362
24914
43182
92579
54107
80187
99041
42112
98836
63670
46710
65094
44555
38726
16797
84389
55772
36616
49289
42308
74349
68878
14529
83209
17099
78011
33395
83937
75635
79962
39464
49453
27533
74939
20307
2218
73426
78858
83683
11963
85742
85037
52023
51093
46816
3323
49745
60359
45727
30836
93667
34179
36695
96576
74758
60589
19057
72744
60714
13344
37840
7339
72264
1623
2167
79262
44467
93311
82889
76420
15308
24950
75208
54597
99349
81343
80383
49486
41181
60614
27931
19844
26042
23082
19636
42598
26773
26028
91465
87391
23199
79155
9673
51109
31330
37529
76206
41201
17682
64821
78660
5851
20386
3589
71912
99249
45394
38104
19563
40756
1158
342
66518
59535
36755
97389
77703
38004
72786
65017
17881
72021
26231
48142
18018
39868
15803
91877
85206
60584
92501
52225
6984
3876
49287
44829
42129
805
58516
23764
18185
63840
19088
74636
34994
86438
64240
3487
98261
82558
98529
99432
66116
69501
61492
39495
54782
2468
70262
18993
52113
89077
70238
92631
46937
82899
64768
36336
36070
52214
27167
79110
24797
76360
15839
54650
41973
84895
49911
53
58177
1911
99717
98925
95245
90444
2364
64592
27458
75184
94425
18320
60996
2831
58644
37930
27418
81533
9169
56628
87981
79447
77685
67171
60649
16127
30134
81366
70114
75150
13932
74659
27792
88885
94627
67196
31418
73780
77682
59230
79857
21206
58054
57365
29363
66951
39608
94287
68016
39316
46877
71932
99337
34397
6780
67582
96628
75417
79194
659
17276
51622
19505
61404
27526
5258
13663
59434
63086
38316
82043
39428
15407
22505
93730
25111
37250
39315
79952
3994
90590
90284
87402
37020
14270
47771
21463
67341
43904
69481
71919
41254
99945
7515
45484
88181
15430
73324
9629
23689
15725
32486
66362
84279
19554
16732
14961
50151
89493
46087
35903
73790
98121
91419
16410
21704
32816
3942
97451
449
43537
71940
96313
68577
75212
93250
29248
72130
27380
40525
10401
77199
51643
44278
46739
58731
55787
59332
41079
63770
51120
14806
33353
29200
13588
88180
41970
61428
61666
79568
59482
61937
69804
9823
73915
83385
92328
46766
83313
83094
48213
52098
26894
72047
12795
9360
77226
65299
91601
28790
34903
80581
99576
11892
43698
29796
84228
84107
12278
66229
20986
82160
12810
7247
16117
41836
41307
61699
97411
2931
65860
550
19149
47743
68841
42941
88691
63017
24548
66532
32661
4260
12598
87610
99119
86774
98975
96013
94876
43731
85065
84605
90619
88887
16735
42352
43727
63584
80379
72210
63936
29542
77820
38534
57919
62520
99510
13517
80134
88405
6723
3697
35966
92003
46168
54735
93946
56911
4467
44064
13985
3330
1200
80482
43177
87227
70939
64647
47615
63311
42975
18650
31107
56891
59165
35113
33423
90145
49177
19347
33336
75910
942
37168
14862
87719
78401
84375
5246
95667
57907
70768
65078
60266
8079
43063
83816
42896
96708
96457
83272
19053
89709
61519
98832
82980
48236
57028
20386
30382
16597
69348
8237
80723
29798
32083
6697
36740
41140
64295
28733
30263
82497
73522
65472
92192
72746
29904
11484
7977
49181
138
79854
31854
25032
28293
45034
76087
91211
83338
72060
17075
12879
9427
64361
89613
85969
33006
99636
82958
4247
63441
41788
40687
48291
91258
55843
51064
10213
26530
68617
90938
4362
54974
95991
16742
95539
37584
5239
14600
78145
91665
60352
79331
9707
75475
62640
20522
17010
32919
52915
11832
78828
79946
54464
5165
91036
29596
13410
37958
52451
19135
95955
61176
46352
48376
61956
78824
17235
97317
36122
77034
31023
21547
97523
48756
97261
44826
55846
62174
99533
49439
29097
36856
18456
62983
73867
42824
88561
88747
74209
87294
65289
22204
26750
70166
27442
43340
64508
63498
16971
96727
43223
20273
51098
73100
43544
5496
95545
64476
42160
99323
89863
44445
68826
92673
56414
88667
45123
37489
49093
28444
71685
29972
22331
97198
18799
88904
63028
80336
85376
60958
2849
57914
76274
89746
85543
84681
27732
46437
42706
26827
23696
10744
96771
16323
59339
73542
89988
44410
22058
44222
57116
82786
82482
16860
26781
46280
58568
78307
1275
86262
98775
48346
48791
13922
5039
66880
37018
76662
56043
12333
55005
69372
62763
18246
81637
4806
65600
45756
53612
98136
14470
7810
98458
30355
25035
4842
24883
97118
37742
43195
5577
68787
22563
88080
89842
95427
79122
50384
74325
76103
50879
55333
76350
42020
26725
10331
29745
33850
51420
52568
20827
43241
97818
47634
75620
46944
79829
35921
50912
77188
34565
84642
15556
34106
28424
63829
33526
45841
84640
42101
53278
74831
5495
61665
35961
12822
94114
64043
99948
83442
65091
13196
78741
79362
85033
38145
36924
97216
29747
46183
76361
15631
305
39695
90032
73728
22059
70781
81927
61377
54043
62915
56888
31939
43861
51189
46545
26886
20423
28873
45465
32163
98651
45165
80349
19829
24281
90308
44969
76261
89385
33214
61746
47185
68759
46483
88271
41977
82383
63676
18888
73989
18088
60655
60231
46166
7709
13877
74123
1800
14198
21449
78460
65152
11653
33551
71257
31160
95309
43118
58892
71844
36221
71627
45311
63808
85337
35076
38887
16984
38041
55366
91582
77523
82027
13452
81936
21757
14452
74101
15660
25296
34452
511
23994
16350
26696
68838
8715
19358
29864
90675
5003
78448
32624
3395
32467
17423
44732
43733
45115
5234
70221
25967
6253
82270
9352
74158
78582
53260
29694
6312
68469
9554
22278
38209
83157
8849
7685
2757
40600
80955
79760
86632
97705
30110
31497
74392
73075
35762
97221
73467
94096
27707
67246
47947
87513
58010
27876
42922
56541
38390
92382
65956
20013
62211
49998
67904
85587
33293
44451
5442
74819
98979
61832
65952
95946
52354
7337
82239
6755
42173
79894
88137
37129
14982
89120
70861
82630
9244
96193
948
44969
58896
69016
84347
96758
79414
53586
81138
20344
71557
50916
4080
75954
40138
15956
44048
75379
67504
87287
84812
96039
84740
32885
69204
37450
22312
20329
23915
80311
20662
23300
19583
69887
24078
13329
97027
86261
8414
19092
31914
68743
42126
36908
26658
54215
60453
38071
18763
74407
859
5717
36403
58370
22203
93348
32367
27351
98932
12458
45463
92721
34814
17778
28703
71170
96772
20429
37966
14542
30321
15866
59325
52035
41691
28128
25325
94215
13991
79095
31493
84874
74839
27975
86439
6074
68247
19721
96974
29045
77344
66025
93863
80920
34598
88237
17032
71574
67525
53711
12529
453
63331
85670
1150
30099
73857
25155
21190
79830
86403
84247
63859
34880
2106
81330
22206
17873
92587
46566
53798
1222
36958
4010
68909
98256
88772
89690
18800
55968
94885
15292
41952
61566
18822
78590
71073
80376
74068
61562
46975
40631
31567
81915
77160
48942
68534
2234
37643
49196
64075
71585
83690
2193
67586
13520
20286
58940
38763
23070
99624
18947
90106
38263
15503
66236
10639
93892
16187
97016
58119
99177
43821
94416
65727
78343
72921
83927
47872
76322
865
92270
99659
2140
7311
44119
76481
33888
59054
73634
46608
46075
16166
88067
55382
60837
99698
20836
53715
34974
68928
68374
12175
58931
70404
94947
81093
87391
59737
27871
89899
27438
11285
9597
40895
3133
54920
78302
27919
61949
59921
10212
33253
20823
22173
99108
99213
33001
55197
66682
61157
85614
10114
42006
91904
3324
2680
75797
53430
96935
75804
36203
89324
32099
22748
66267
16187
88039
14409
42633
57152
16332
33851
39782
63520
5524
13698
32491
19765
39656
8868
32257
67161
314
64792
68029
48653
3529
45949
48457
81671
23171
35991
69213
28183
68517
90856
17421
67060
27645
52231
69020
53383
8241
38624
24238
21427
33912
57192
83483
83584
43686
86362
27839
64739
83237
21747
79022
10027
94590
50119
98437
88811
16023
98110
30460
17215
38231
17134
12791
41917
67365
76085
22172
761
67471
14452
3518
79348
38694
3939
8024
55970
90789
30677
9878
69271
97587
87721
66541
23982
78782
8361
17387
42262
52456
90211
24649
10745
24190
70210
74621
4777
45890
56040
49291
84617
7626
938
26300
43062
28161
5608
73415
59409
36140
99463
40619
62282
12647
81645
10527
8265
86254
58969
16864
29820
50072
20604
106
16761
54141
18296
21602
60558
75256
3763
22767
43149
17639
68408
47689
25229
92367
83434
99082
83647
32797
13734
31938
44686
32199
96276
54374
94193
81937
15881
45416
26161
64844
1725
74242
84274
82233
56932
53611
28032
18475
26539
1324
15158
86825
61392
19404
41934
9619
29342
16679
72896
58300
3556
68062
39449
60598
34449
32904
92122
80684
40783
69063
62121
61960
56729
14677
4121
14293
97081
15164
65809
14110
6690
27557
67835
94613
21895
12360
88587
17136
29879
24034
17514
21262
54198
14405
99934
1176
61785
64233
4087
8674
41981
24288
35449
87152
36164
1479
81377
45654
13901
99545
58582
63831
35663
13118
53294
97327
77650
84576
6202
34860
54794
91134
20911
2359
81968
37977
36849
39473
83071
76299
23549
89400
47560
99832
26228
92905
88435
59517
41344
93599
94226
70021
9220
34201
97411
13115
77860
12346
91907
28665
77965
47754
66538
23486
52707
79098
45094
77439
83590
60677
55223
80948
31360
8625
56260
72755
66350
99733
38457
75706
74440
29781
4478
68901
7470
56040
82549
47904
36592
86747
94575
99223
79706
12334
63595
13993
46299
17692
33356
61210
12881
86488
52854
49959
11539
22162
78981
75189
84731
63289
52810
84483
31021
19835
44707
92734
2632
17896
88278
38002
22183
43189
58538
5341
46196
21692
28386
68544
82667
63168
94646
93456
42759
77006
55951
87689
67051
26271
25311
99009
19151
40058
98619
3578
85924
97558
24951
24529
71078
95453
16380
66260
86525
77580
91912
44657
42288
23672
5218
85545
359
82122
36504
33411
93851
86635
92055
7549
67964
67099
78790
96605
7614
95354
85151
74501
22113
29929
87468
97541
5980
53035
38746
34923
58406
66694
6300
89941
97056
86854
70239
25511
91714
52768
84709
11768
1408
1363
96769
68615
1497
16522
35438
35915
60797
58975
86571
67783
408
82105
42487
16060
30814
1174
79205
37369
81173
96740
70172
82638
11962
48618
45902
87422
94449
91267
49555
42291
29580
13706
14305
85259
54455
87025
14666
4400
14014
72203
96466
25637
97372
42442
95116
24124
55201
42626
26416
88260
71934
13
36347
46240
48368
61960
91074
38675
16647
58074
30932
66711
75027
62676
98124
13261
46602
27444
17104
63503
11223
17060
43401
54914
31170
61951
85759
82183
5464
88916
85072
70255
727
45186
56492
88366
36248
93572
21200
86377
73466
35142
65693
13098
52647
44117
55381
58002
65605
41398
51026
37582
33947
2316
9315
22882
19101
53789
9123
24385
10103
1806
36151
53599
78642
53930
84196
89982
33317
33250
49387
69540
28315
32206
13827
40334
74429
35121
4049
26429
30909
55771
60421
86031
80478
66345
90708
52361
59586
92711
57422
40176
45522
87061
4668
50519
9316
20231
32344
85202
1580
41990
44968
74377
91041
63924
54200
74056
41226
74349
73843
68403
15781
59048
87070
77175
6356
69437
11729
56156
43941
54433
96883
71094
54909
11245
71057
93435
36800
23325
71898
75407
3487
74932
29338
72378
4222
39740
66289
65179
78593
21835
90895
76279
61810
73345
48719
45354
29586
2958
63693
50717
59898
91441
66565
30008
25484
90938
53578
62447
24091
76049
81215
35832
48211
10288
3733
95965
57543
40971
41602
41773
69206
42000
67866
59405
66040
65481
20461
96939
33610
38911
31101
92755
24916
97752
10490
37434
55252
54049
19899
20280
58857
66790
53115
5523
71997
55006
48878
73398
84623
10596
62847
45152
45693
64256
46983
44153
13387
6213
13964
72511
16786
59859
11380
98847
94888
59196
15716
62048
29063
88004
2393
49337
24413
87809
23554
69762
56048
87234
56568
97479
8043
64876
61851
30393
29098
68704
48523
77791
99934
33912
78144
66763
88669
336
82758
16935
35337
59937
67384
96525
84187
78280
75320
8790
46956
89862
88872
76810
74720
28353
424
6358
34127
48487
30764
81884
62353
370
21273
30852
97734
86535
95804
77520
81983
99417
38824
15406
68012
90858
26058
19334
68835
84754
21258
62963
60874
21304
8160
30767
34081
31677
3985
63526
92143
64312
93765
11533
73031
39356
33030
81323
10486
36149
3606
43317
9516
81137
2029
25944
96325
16092
3790
59151
21011
8388
73893
29749
30186
48220
99872
14964
55239
86267
82567
66268
59742
44868
32057
4719
12863
83168
44836
66521
41795
57159
6113
75485
20345
80670
83754
18442
59015
4923
98968
63468
27743
75620
66397
82079
6305
87957
87067
97151
98983
88351
64223
6138
65521
63790
20318
14311
77484
3203
59850
84080
17825
17217
64112
98923
66392
31043
98162
80615
91592
74666
27996
82401
68156
16852
25349
54965
41923
7335
36900
45074
35187
91374
51756
19526
45115
27322
32774
55257
86596
13418
72297
24150
36996
98053
95257
83620
39391
79268
47769
95091
1529
46093
15758
95057
87868
28058
33777
69116
73923
5335
48752
5618
4481
92842
49379
77668
88881
67502
26150
78057
9755
94904
23768
5422
96095
57242
12494
21324
63457
44773
15636
41330
53137
29961
15617
14625
24533
26488
59862
47543
47958
3849
38484
2
39140
99801
10295
99446
77703
49931
26834
42810
70819
16304
26888
3997
39654
21762
9412
23782
25362
43722
98454
40297
78754
56897
57387
68725
30106
24084
85575
79562
75567
28576
69442
44168
61776
96509
83516
1762
28624
17848
45854
8626
65329
61080
30927
57158
18447
86017
68911
84376
80550
86455
77076
44091
52448
87450
39294
45905
62495
23920
66393
26841
83908
28801
45007
68870
25017
7100
99847
74571
92129
67126
79838
19827
85466
50610
51008
39853
76908
92604
98659
77668
9425
8112
60641
17388
6401
3864
80624
79032
55704
40018
29311
78729
16262
69071
18959
1441
12628
78680
71563
42550
12078
55692
21542
42113
12657
55908
10320
34326
91186
19415
8116
55055
34920
72377
86385
61953
26135
41758
71187
96719
75706
54653
30861
16925
90572
81775
63606
61725
83507
10359
82205
69669
69994
96699
11082
46466
83178
90705
93106
7046
25428
47605
46934
29276
90333
24758
9401
87676
4790
25553
28636
64474
58583
62548
53432
76601
92392
67717
55736
52381
89708
31643
73712
30270
39178
51530
9309
8409
54105
74908
94299
93248
5991
1307
99389
55025
30214
37227
48076
4676
59892
25556
54495
57405
79685
41885
65364
2402
58575
79604
56808
32551
75698
79594
56376
75877
10594
21019
46485
56905
74962
46731
49118
88776
8223
55628
74780
63824
77046
33212
52191
14746
41859
555
30736
4412
23287
24763
64627
891
79029
53536
74492
65757
64217
45479
50730
3100
77637
74866
60388
2135
77962
77889
20943
51426
66831
79917
2921
62302
76385
5837
26693
40228
55959
47612
47779
2298
68801
10834
90059
69640
91085
68686
18438
87652
25269
96277
99418
29865
88904
57268
58784
49382
6643
4770
74819
58643
13292
98369
76534
35679
53211
67459
63667
68581
43302
2760
40332
81244
57367
82277
14288
41005
20876
93345
57532
80704
15354
36762
63834
58255
65503
34501
54971
6268
79459
29970
72749
40126
18602
73325
66041
12758
96857
21376
9851
18017
57026
32566
38303
56550
93229
29242
69621
2543
4741
73630
67600
32244
81597
13721
90752
63922
49885
488
11338
94331
91757
54260
36385
3272
83196
53076
63012
88969
10669
35913
60596
2492
30239
43879
58255
33628
43736
7444
93998
30225
24941
75849
15191
5125
70704
91573
27232
2935
983
89729
39649
70312
20005
48110
69876
62451
79383
7771
79660
41722
41197
89730
7599
83163
41042
17154
77234
31969
88586
40823
36943
183
36088
53285
66405
20663
19177
88372
76589
96129
8288
51989
7444
82599
80767
2691
46330
15845
59183
82661
76997
3822
39404
52208
27555
35553
36591
56073
96186
62363
84057
56359
38414
96902
95193
68535
29902
86894
15643
66841
82523
63604
66702
14216
54007
75740
57327
69495
3493
38689
12791
55799
99971
63785
66814
33173
8225
90611
68714
31808
69405
37548
45656
98536
36828
14400
31494
23906
24966
77486
42554
264
88895
54965
3027
87869
75966
75402
17546
46734
23180
93260
61636
27540
24922
24206
35575
38774
50015
53107
4918
90764
58157
90841
76571
23134
95279
55755
50704
94539
52929
1242
91898
95301
27660
95110
63235
49017
42589
39639
79235
5292
18016
87976
34761
49089
61182
87043
58859
43864
3088
61223
20136
22352
15743
73477
32790
21613
9754
58315
97294
6069
8115
40503
27568
56948
49750
42126
36915
61951
44231
76133
85005
10517
1943
53243
26972
84738
17827
95050
84239
52285
81865
45490
29268
26737
62151
96406
83070
12249
35538
898
67538
13124
24848
80137
34318
75833
33170
29902
24247
42868
56018
38328
8286
99917
18981
82761
60431
93018
40924
85671
71989
77451
15069
88665
84109
73427
77561
48910
5573
5254
77386
69398
47889
56958
33163
40020
68106
23064
15796
68139
56515
99771
83728
24022
68810
91288
86556
40628
28022
10733
46751
50144
74611
92580
3969
54143
41896
94425
30729
12626
81249
71128
16119
4363
71422
5669
97754
94332
42071
3893
27406
81802
91850
96089
90326
1889
44675
44859
66291
4994
3686
37664
29278
55991
41148
33934
34408
68136
52952
2823
11755
36037
71045
17588
15339
25219
46766
8157
18447
49060
26473
17044
40759
6063
17345
92401
57529
56830
28478
57752
83931
37238
20051
75095
45391
5554
40964
71819
82566
82968
16178
58531
68914
18829
8101
18780
80925
34596
56053
97963
28383
88081
57236
38265
56480
86108
40859
75400
9771
30545
12720
61524
5674
9717
47633
83253
21540
45331
14208
23905
54384
46964
20938
79566
60564
44140
90133
2133
49695
82929
96422
58002
88319
22727
20077
13320
43487
17975
38253
99553
89569
46334
86572
35667
65524
8097
21203
54207
92850
7582
54306
14291
69657
2622
25972
84142
49476
33255
70442
20195
32741
64110
33942
88023
27681
35722
12422
87781
60391
59651
10443
66945
62575
47368
94630
40538
69164
39424
36910
9336
94477
2745
71872
25828
98037
27869
69987
9127
10357
50082
16406
16587
4291
20480
21209
65661
81754
88349
80917
82740
65133
50500
8457
68876
23081
35541
7026
98955
26854
53142
80213
26725
34473
66118
86860
16442
37817
70994
41292
93884
47100
11713
62831
7759
76046
46154
78306
42921
44798
38341
237
54490
7492
17311
88442
81989
63810
21895
2468
66411
15671
78533
6334
23945
39034
15114
69436
77752
97561
94083
42626
75090
39565
97831
89384
9812
4474
32400
50022
68959
64576
43014
450
69305
93473
37719
16435
11696
46160
65059
77104
13471
5362
46195
67866
41833
8180
46313
45571
57697
53224
12019
80442
77740
65501
49849
19925
62879
79801
45942
83033
17474
7542
69348
62728
94902
47031
8496
84839
2706
16486
99244
86443
15017
58827
25923
47744
81768
47594
14151
63926
58171
10010
21734
36808
68079
21182
52539
66058
2450
33505
63777
55438
54871
96243
54723
65491
88757
61914
87566
66091
33327
41079
37672
76616
18990
50935
61209
35586
42059
41714
76455
29351
82185
86883
45281
29279
88254
64357
5393
25275
62867
11142
26452
30042
78433
66442
45670
51735
21339
67199
6294
90611
11466
70840
14617
99642
3731
78313
42170
13173
9717
37566
7151
14027
86863
56760
12199
20692
83710
59685
25535
88732
5732
78139
64211
45521
49988
16593
16210
26665
79850
82937
24683
80178
99688
71806
68292
85335
82106
67350
20361
14124
53227
37156
28641
53463
53265
62189
72060
67867
28659
26356
58600
56450
53451
25524
56067
58374
95814
91482
33387
27452
72295
89501
53073
91133
45740
54555
80588
97203
12489
58705
47562
25404
66928
96822
7585
99998
96627
31989
29956
1991
11584
4549
86577
58368
60266
43206
30919
28430
18376
23642
53333
57892
12055
87038
4173
41928
74843
71364
23063
10400
20035
24623
9282
32217
67337
91753
4949
14004
26137
42564
30404
49806
71657
60555
27262
35658
39367
7652
17955
20540
59857
59878
9811
76949
37372
52273
58754
3334
36504
22925
94375
8275
93995
9922
9268
37430
77562
98161
40383
63533
10535
47471
11359
68225
24115
43452
97971
60596
45732
88067
53564
13350
42914
65680
22602
3139
27708
67176
28980
73004
80392
38474
78433
68257
44391
91329
36164
6153
8934
58850
76293
23293
27841
51657
90297
3415
38434
27594
68979
65746
29511
85206
41300
11678
14178
76397
10942
38210
4057
30522
37287
61742
3086
79951
81417
62557
2009
44125
64822
84835
67218
86576
16232
87737
4555
84774
91479
46946
56409
41258
1347
29944
96083
1265
48241
47736
46738
44528
61395
92199
42489
74008
21824
66015
91183
84976
18435
37531
10471
90669
21519
32955
56033
61487
41231
30643
88041
53755
15963
50998
44796
17585
87047
39003
20299
13481
88982
35017
96313
35663
68077
93189
57182
26680
79458
64756
67982
53984
13650
69487
27028
41762
34769
72611
86615
37427
42205
95169
75679
14587
5644
71465
22449
9649
26307
35917
67413
76914
46024
78309
34649
51357
9071
96560
78446
2158
82513
22529
52880
56053
35579
33741
19204
89074
48163
89071
84793
58672
57589
15926
9905
50395
51915
53741
20121
49855
90907
98628
66292
79998
45098
87328
65526
86190
97086
82716
16588
99565
82130
18873
42585
78881
93026
35658
82746
68400
87974
65589
22539
99993
56124
35046
64611
23438
43646
66550
83962
18735
53618
54451
93100
31171
66880
79181
89077
26229
15358
68765
71707
61865
70887
43761
3147
52186
35371
18456
8252
77745
92800
49031
30384
19044
10390
86757
44601
66120
79912
56442
28024
27252
60205
89358
70784
47317
60814
17153
81402
16263
44147
92327
29345
29655
30167
75837
67469
9586
60666
69485
83565
15304
28788
2617
97933
13827
29958
6760
47479
93086
89325
37738
26678
26756
80144
12170
79030
22343
50041
5615
69672
19385
21536
74702
161
21546
55011
24880
12801
42142
13618
99484
63089
37674
1478
56769
40773
45323
85298
79297
34818
72452
77649
86813
94425
94066
65311
44409
65553
15821
34660
86668
91715
59805
82251
8999
81951
73526
47377
4223
56300
10514
7736
7737
89228
41738
87835
45169
90077
45072
76828
72550
348
83532
67545
741
20069
82577
74813
50609
82325
72700
4339
13036
51088
8968
76054
42085
63806
39504
34051
5758
99761
26754
19120
88
64386
44764
46646
55293
79417
6151
76489
80906
82026
15468
33896
80407
37340
62967
38608
76037
92326
75655
49259
35267
71091
56782
82406
97852
18020
36363
89440
82880
26996
98498
40894
78381
56855
8309
16411
82395
5211
77345
47165
55553
50993
54232
27491
77991
51781
80854
36314
26761
64744
32290
29455
18020
97103
38723
90238
14432
70612
13724
81129
23450
62970
91846
5509
15469
75503
76680
75246
81596
51690
36949
69211
72767
31827
28771
16300
1608
2178
51235
51296
38897
75295
44034
93443
85123
63273
51835
2916
84357
57714
86454
20324
47040
5703
5697
69578
50699
78350
75562
70036
88855
89480
73526
44840
27001
65109
7169
94985
67983
63799
22706
38053
88305
64175
58938
6187
44662
23876
75658
63034
61504
93282
6350
87892
4773
52638
15721
68465
23802
15352
8846
60432
21790
36825
60760
24072
59777
99388
55719
11997
10383
17001
80344
46639
95133
60764
8063
73516
79311
81733
12867
33221
5571
24552
34935
77853
41822
65188
13425
45982
41840
23313
30088
11974
20454
45378
73871
79615
80685
9098
31656
99501
3774
26812
96359
13216
30442
71626
89284
61417
92803
15887
89564
78537
56868
13288
709
18372
93310
45980
12972
6677
86432
53117
65005
73243
47843
52391
65518
32241
56879
29317
53272
69948
10638
2355
21299
40349
35915
96893
38462
11782
61893
8231
36903
59593
34166
6662
24813
93836
42874
3339
89583
43225
23231
18272
92240
85778
13992
17227
50570
26977
94685
78095
21932
17358
94963
1842
94098
41546
29300
95482
11552
51143
75274
47376
19802
88906
95565
17574
83970
44441
32870
77524
32847
879
31551
6590
71398
25199
12650
78994
50360
59797
75243
30222
70520
32423
22306
68350
70647
77418
39289
15171
23262
81393
76102
18895
61447
34448
22429
58124
54424
83216
84406
7036
98910
37147
19894
47772
82178
78870
59516
14850
96746
55119
29419
47749
82031
40556
44367
7387
87573
39746
26126
63965
11117
63495
11596
72807
63939
19135
15386
2652
80580
6899
54557
54791
12177
82049
63511
27772
12664
83692
81428
17532
77429
77459
34066
92759
14469
70111
6125
66316
50210
25270
15303
86572
23360
30350
17073
91901
61218
32923
82585
69338
55450
40616
54352
23416
14940
60900
9622
75427
87645
87860
56163
75462
73773
75655
65781
96906
50606
61799
66418
20982
1040
59274
33337
12981
1451
29128
57993
6485
33528
42727
54477
96779
25805
10995
67458
81363
82867
3209
55623
61269
80676
54514
50368
53828
76358
79469
23175
31425
33919
71781
93903
95004
12341
7010
72982
61210
31683
25467
39143
40786
68633
80361
90857
8305
76433
36726
15176
63677
4777
44916
11294
70487
86306
38411
93629
29177
23860
96074
77723
82975
80332
17855
43771
55459
28483
85857
27828
30400
11516
17002
57376
56728
86457
28291
65379
53041
73690
11095
54838
30746
64756
49449
50351
4427
88618
55426
17967
8650
70603
6082
38408
62666
94375
86616
6056
92174
46895
67213
39974
97132
68680
49018
85000
31244
28716
34361
58670
67407
18973
89369
24511
83469
66535
76844
95055
87062
57233
92379
49833
35418
59199
44985
95871
22789
22791
52
5771
36930
83277
42632
98848
69376
42174
50125
96722
78130
8197
57041
63519
98896
12430
98977
72056
9370
98581
16960
26640
38365
92458
58746
14689
44174
58339
2386
18741
53908
3741
73944
5463
17218
59121
14294
71350
43682
1551
37353
65619
21677
43162
21389
62184
97462
12128
87249
28597
95814
72275
87114
43272
14274
77769
44100
14216
55658
1901
84627
21919
26139
47807
88519
75937
86387
71599
49725
15837
1748
44465
61394
80639
47553
33149
9330
34015
54726
48743
12079
84586
25109
82550
64878
9226
99115
99682
4860
48821
37585
46031
17214
58095
59837
80001
69157
5885
84569
71291
95423
94727
95771
48855
84778
33129
72756
36260
91460
4375
43493
74071
33663
26634
40490
96336
48816
20779
31898
58603
2054
10874
33543
11198
8759
32187
36704
86517
6390
8606
8695
69448
52865
69066
22236
68790
34807
95974
92807
87841
42215
87395
72373
95877
81859
25993
6570
26998
87092
28733
66837
47061
21222
25132
96657
38446
3780
84278
96903
498
75263
53177
35313
40524
29767
9945
826
5089
22108
51626
29793
55241
98462
86394
55196
95621
12065
38749
75256
1980
3197
77653
85983
694
92385
10846
91219
50740
47943
68436
5526
10761
59395
10946
81420
85049
6549
77416
9080
83117
68542
80040
59523
17616
17807
24589
13756
18058
49276
8600
97081
18326
71312
36328
44187
34849
43098
19973
77072
95810
25829
94378
5073
60496
88870
57292
16204
85893
25230
10603
54876
89005
31551
44565
23188
61674
13020
29713
64539
9128
6201
28526
52464
26008
21489
75753
51727
37579
16982
17205
51276
73965
76546
50538
90108
67035
1069
72364
51060
95938
95416
89079
88297
14934
57989
74212
65301
38955
37130
69051
82171
93012
54970
90581
32162
64533
80003
7532
87358
30023
74391
21633
19692
32936
83746
75530
96859
17117
48026
31670
7560
99013
53525
40030
34978
93658
81556
58346
8973
6343
26396
36477
87106
46529
40197
45503
33875
74531
86700
35205
67275
1418
96931
926
25844
98633
41609
7228
37010
14058
12276
28349
32877
36834
91945
80214
52493
94928
84302
52219
73822
42578
12184
55341
89906
30947
80222
30336
75333
33685
334
65992
42620
42311
1149
30912
60647
36451
78874
49430
9958
69591
28
18006
93159
76493
25082
21938
88077
41961
1753
49643
45676
97055
7072
4414
76113
35599
89575
24110
76383
16702
46318
35466
22068
39826
57962
25914
78474
1321
11674
97899
90073
63959
8248
29813
47065
9370
86954
46534
48710
73467
6552
97325
58108
2052
41625
54020
65954
13496
60710
91643
21059
59507
34224
43581
37431
34656
25037
96129
77728
1969
16045
18576
81744
30558
74731
49229
48200
41533
38654
9158
52411
11258
57744
92694
74802
48051
44582
96308
47336
30643
63166
33403
23253
69481
70519
52695
83400
56452
97482
95881
5998
17421
65718
85175
12943
79905
61817
66995
93111
64618
70874
62022
73650
71513
22915
39737
16465
36961
39117
67456
16393
36275
71187
41732
5082
36146
22825
29643
5965
41074
87845
17157
42295
29618
40539
34358
78330
97203
61478
67035
32779
1844
32642
88827
22798
81644
35159
90219
23165
20451
15216
13086
74952
66924
90538
83240
97078
20611
79400
2637
8361
71519
60899
86602
58592
42869
98270
31231
22774
42761
15799
13336
95079
69105
89722
94103
36051
40808
22896
75616
10267
28747
85428
63841
4745
38707
30118
49211
49196
49232
27449
91153
23936
37183
12199
58732
72908
84808
17028
52424
8997
29782
56943
59391
72624
60243
41925
71056
32101
69664
7216
22540
76143
910
67677
86877
92879
2364
76555
85010
14593
67789
59359
54411
77622
67749
52373
30
63456
59616
17456
79492
89164
37711
82643
56612
85098
12816
86440
71481
93736
22024
90333
95362
21724
42048
65903
31174
56064
57593
75230
71137
95160
47054
97760
61904
92303
97989
16945
79957
45407
84625
24712
42599
13424
50119
49285
52602
43448
32634
7367
37830
54560
49269
58714
34903
87239
80117
96013
30512
30559
28257
32513
81404
6997
1702
15806
96979
2031
10963
67424
56613
3054
62830
91950
41830
24147
80978
65931
86518
88574
17030
62213
90187
74161
12186
62859
79038
33491
49664
11548
85807
44528
96869
9979
94646
60478
11563
76286
53543
12026
93892
50629
52961
22961
69613
94439
35123
19835
92773
75112
25227
44449
84072
58120
89853
49215
78284
95413
26540
9509
7863
68992
21464
56119
1851
21581
81668
25652
70671
31364
78402
79988
5132
47396
7582
13323
77249
39895
38436
57546
99219
67265
65743
16804
500
77874
74190
18702
50174
44027
48245
11904
95725
47517
35550
39352
22998
71869
31257
12254
55016
92083
23063
27841
39358
81410
3407
40672
28221
12962
39692
88518
96304
96409
91027
22604
19390
79304
19028
68578
12133
77153
12524
81545
80661
59318
93173
4919
779
64461
16843
69629
87272
42161
79547
43974
85614
68354
50858
87381
9847
19563
94143
34193
45233
65940
26670
44957
96410
7982
72322
46912
7732
4588
87014
10179
11524
92369
46385
34200
92909
69796
67628
48440
67396
88832
21888
61189
32624
72360
52737
59214
95937
99991
49873
11793
63562
13782
36466
55290
97563
19783
31724
62122
70239
36350
40183
98835
36751
98480
95398
97247
46513
77603
16848
51473
69393
5157
97052
12579
1561
4664
36104
31918
24368
23626
36470
65704
21069
51300
628
77320
74839
98520
93414
75333
33147
1853
51858
60764
36872
79192
96456
51280
74858
26896
18028
46220
85697
78563
7074
28516
44317
45911
67796
93146
88856
5224
36674
33948
76528
52512
31015
67338
94976
67078
28485
10421
42523
109
74540
25219
20132
82380
58188
25040
16972
69742
7540
31982
54089
50848
91558
76972
16399
10664
38809
12725
35821
80821
50122
2224
68263
95185
89120
52645
70732
95506
63291
88991
84083
57392
1785
4012
95991
14930
51908
79873
18188
61601
65979
68730
17756
78878
32220
65088
98979
35567
28555
55428
24515
27220
62081
42087
14789
35864
39187
37244
45261
47907
87358
1285
30328
19724
89260
40666
82805
82476
77702
44104
60861
38286
78679
27797
31408
23234
59672
78402
64750
7825
23517
20202
59534
90154
16859
24135
65470
56923
53140
32980
46296
97339
99841
2028
47678
50916
99226
38705
7858
10623
95397
4009
81428
52184
25849
55267
69720
72016
14958
87000
56451
39344
66724
9324
17410
52251
63500
76947
30439
76477
87126
56048
44385
44928
16247
91257
94743
16381
12151
9014
57921
11471
23893
53608
70340
74979
90104
71655
81831
92587
11443
52836
62038
91891
43379
71181
14771
48043
9928
57519
27827
48546
73390
67189
77148
39700
79127
38318
29658
21562
98230
25261
22168
80671
27402
33770
78465
28819
26310
35238
11699
69433
38873
54923
16988
49787
95423
23922
72468
47709
60067
16510
57431
93391
18351
42662
48669
53563
96306
72624
23000
52479
88748
18521
20202
58037
49913
62833
86240
53165
97880
43555
35566
86300
31318
99346
19592
78222
10620
34494
31963
75286
12242
91334
44518
83495
99662
39848
58424
38779
68637
33924
16263
72784
54509
94431
38794
82195
36565
7490
30228
96308
79169
62082
79758
78105
77277
45243
44463
80046
4093
98678
22394
75482
93384
45002
26420
77966
2175
60926
56289
26102
8813
9452
379
70098
4236
7778
84557
61630
23377
61538
94322
75276
18646
58377
53701
59828
62851
84812
79716
34402
56151
7326
63558
16845
67096
81870
89142
28936
36533
74701
96268
3537
67925
92238
7078
62631
88158
75974
32744
56121
8227
64883
70925
98778
55595
83513
83400
74224
87898
88327
31548
35723
79038
95353
32148
10835
77528
27382
1471
1786
96677
74873
77932
19408
53097
46413
53023
18614
72503
64433
90093
72682
79486
79483
57849
36513
30291
20633
9195
53010
15255
19538
38026
16463
56326
31659
67670
63471
87228
80934
97220
83719
99971
25381
90359
51575
1917
93676
49591
68704
51882
65540
68273
24723
71191
91068
23307
37061
96771
906
49378
27679
78479
81488
30146
1009
25698
4377
90689
64902
81622
3810
69432
42643
98946
93141
11071
80841
66181
37585
78020
85931
65292
43878
91496
18297
77760
14972
88374
77674
29071
19315
44449
2840
53461
20132
20345
10613
68966
14343
9801
24124
32891
96590
67440
21571
93911
20686
69113
81452
17845
94526
64794
3898
19184
62457
80134
23584
29838
80573
46735
56981
81002
15957
3707
82980
41405
20020
89218
83168
12776
33080
75522
43509
85184
56910
51166
16025
66230
82420
68793
19554
47938
95225
9803
2513
10379
24257
1215
53324
27798
1605
34601
76201
4809
10007
12358
41605
62843
94243
97809
27637
1946
16176
88319
5780
77208
81414
33817
7100
94226
31722
26612
46736
4030
43877
74510
86709
43473
60195
45862
75552
20011
74134
54264
24906
8896
13659
91893
27457
63011
66452
98107
26040
69041
15765
20854
97023
38999
29818
49106
75629
58944
84501
30492
36121
38911
94982
77588
45256
11606
50626
22673
86113
38785
29590
13233
40829
88898
33317
55579
65946
32042
61613
54644
2798
56448
64744
78009
13208
93361
84110
88639
2834
48884
40760
85157
84610
95928
40639
99635
35281
39021
9635
78034
64531
66604
80872
86183
74212
46884
67130
17229
44820
49090
74353
29710
27161
20220
43759
54782
35460
95002
67975
49364
88558
52705
40728
10629
68368
5533
15542
11711
66993
88875
970
50623
71418
5312
21616
90607
26214
38618
38814
58592
46005
43169
78756
61439
48415
37369
52622
97367
68710
61766
44999
31044
23269
52796
31960
24975
17285
53091
59598
12939
28590
30947
18650
18250
14777
46674
22321
52572
73604
86935
46068
70150
27071
76026
99402
41979
94980
60330
15433
11162
52868
7082
13587
96643
75771
39513
32637
311
60933
57884
18379
75595
44075
90955
68407
11592
41493
78581
10449
2531
53060
26960
61632
34196
85367
61857
54663
52053
28298
72996
6498
43033
70080
15449
42287
82726
67381
91691
22186
68464
38774
56094
99313
64660
73132
61652
89894
22157
10291
39804
63731
95831
64456
80953
30695
10238
18945
7178
81375
81153
73207
46746
59008
6729
4383
70086
5600
87232
12758
81607
64580
47056
71162
76732
31108
99449
27573
10005
19979
91597
60948
79581
40283
45036
31863
85125
39181
33752
53793
69289
31766
4116
70382
65346
29093
82558
35812
5383
9256
9157
49091
24193
40718
53609
39894
25322
49992
7950
26059
31680
94921
13500
30399
82091
67213
44247
20018
93257
11093
49974
37050
53139
80688
90497
56212
97006
8053
78444
85013
46096
65036
32906
95454
54476
97133
19952
64142
7708
67169
52168
85521
34314
89861
16526
97782
28475
20748
37931
6623
66872
27684
59147
74513
77723
76177
57757
81100
18962
75509
97959
72180
4051
56945
95363
2413
32925
1893
11001
4166
77958
83219
66298
34508
15270
70146
41783
60031
74687
46622
16348
10113
42215
8381
47757
74378
13588
317
71707
22490
74756
31528
53378
15814
45253
4089
32226
64499
26183
36953
63960
42177
28284
66
65913
77694
22889
8901
54379
52764
65005
2790
71839
38652
16490
11653
14862
96905
37044
69656
72527
50786
16725
36979
2067
42031
63547
458
25309
22933
66655
44877
93537
90980
35763
61650
35384
16909
59399
67377
12733
52657
63255
62536
47112
49333
45493
17759
17124
77618
93838
66054
35470
24584
79324
51098
93292
50035
42920
18694
92616
14870
40313
62950
6888
14355
67422
26759
51724
56028
67315
25195
39363
90532
86995
72616
46281
73871
74971
45904
10817
41960
59415
72491
37003
75281
72235
59040
91203
73685
59072
5235
32214
12890
33225
78952
78913
40626
74832
70565
6792
46032
57506
57014
53199
80503
55636
69898
36024
38158
52561
20571
76058
75248
24993
39307
39291
48032
38903
96650
89994
48282
2327
90387
74299
43717
39010
23382
6464
20676
81663
81
31328
64876
22632
75447
97718
41615
28942
87634
44073
84791
38858
88613
39907
67726
49410
73642
65649
86810
49332
99803
86998
6150
23457
6124
36108
48124
30681
83349
41144
48335
9791
34797
80873
86580
6712
36753
50733
72016
24886
3877
47823
36620
15420
1873
48977
63974
2189
71885
43393
8514
9237
32727
796
77437
851
20705
21500
85473
36801
3848
48191
39669
32962
32062
10934
83244
94663
96425
29990
60894
9630
95877
25694
97875
91896
36100
6325
72955
21429
30038
19424
68348
87119
24548
12654
37955
65183
28181
19616
81339
18511
27059
78535
76539
83486
26696
63099
3705
7017
43907
27606
5788
85116
52983
84139
12656
11989
71618
57862
29587
81169
27914
43202
36268
57685
53987
52993
27643
59899
72974
50091
1515
34519
17148
66949
72580
72005
35472
22157
83230
30961
21794
78673
69551
83363
28223
29161
42757
89349
46766
10327
53424
55314
91246
26233
91734
95900
87579
43880
65130
93786
96623
7345
34519
72365
43204
43374
56278
9357
73944
2400
93375
93044
38634
36682
71611
54599
68513
95245
73944
93245
5804
82428
73334
25645
29508
48827
49663
71032
37101
37497
2100
96656
50427
35079
38850
85892
94866
53972
60115
41513
19910
86694
95840
64422
68096
19607
39012
14940
61538
6218
54124
47824
84993
69320
98347
53687
80593
59708
6570
91325
84992
94279
71869
81585
34040
32544
76720
13456
74312
44428
73984
70253
42044
96630
98118
75066
74440
11851
6222
55190
97732
7988
92678
97491
44081
25777
58257
27458
4154
8431
63196
81374
28981
22437
94120
79442
12521
40081
63494
69639
86346
52970
90209
52333
40575
15425
64084
29701
40709
4153
92956
72714
50828
31328
79112
53178
19615
93513
37582
90340
10721
36072
3799
62960
45651
57161
75738
61733
44882
41965
91015
37819
72157
34818
12825
69918
2196
5437
11918
79867
23228
5719
79827
906
35135
79361
60984
4728
56368
38
28324
63056
72204
15068
51937
81158
22268
86725
33207
86688
92983
13928
77335
14241
92100
76231
23885
77618
68893
82206
97785
15951
27056
92407
29303
59852
1503
45100
22906
94050
76935
32474
28919
60346
22877
49214
97373
52149
25780
49103
27459
66358
87196
87991
45050
54828
33924
7279
48610
71743
70080
64854
72376
48054
71269
47278
88140
71875
44625
852
24816
10988
80393
33850
11053
71831
19738
69986
19600
58193
19968
42777
87586
22363
59845
78317
7797
93617
53665
24333
26617
36152
1344
48444
3087
74116
11681
2609
16885
32867
77946
37805
28768
44297
95481
25306
65352
84729
46181
43965
11421
78765
90820
26296
30647
82787
66230
8031
99819
25572
92926
56564
249
43025
66496
56449
40130
85932
18789
88722
84504
95680
72732
91948
64845
73583
30140
16174
80365
70774
42340
80354
70216
52510
34531
79200
19399
14882
91667
31648
68416
46552
12479
11353
88837
30238
86374
76827
95446
78787
11288
53478
75607
60239
48413
20164
60
69167
6389
56330
36896
18753
93210
92998
87381
59000
19137
4517
67062
82572
29760
7524
87449
57666
82121
98289
192
68244
81620
81982
65550
35452
83164
88576
77270
28546
59775
97258
19343
10912
77097
94657
17381
58286
61674
66268
52617
82254
77955
90747
45416
90710
61153
13088
72088
45014
41568
77358
62639
36261
9648
48668
69070
26381
64341
73686
29403
13583
35432
95857
38444
69684
79035
96137
12383
83953
44730
93689
62055
92181
58413
82709
58176
54131
21754
32103
94500
3687
48423
75045
70358
18791
59229
58028
9979
18855
93160
98459
20104
78505
78555
87246
94327
38591
98640
79508
62259
3358
60141
33008
88403
26017
69986
62825
50404
84279
71439
48238
84414
39050
29891
53546
91416
49805
46431
68511
4568
71521
24280
82243
46466
804
4411
41428
5842
45110
8651
82744
59461
67305
70759
54133
2097
36741
3879
55722
48598
71702
52228
76072
99820
46867
23447
66129
83451
40779
53721
14219
70601
1389
81130
6273
53069
79348
5582
31767
91779
78381
33809
81799
36953
7559
39275
17981
25542
57846
35455
77867
22362
16932
63293
85834
62417
17877
53960
32910
22977
70869
3121
25188
78322
68928
74594
76266
34029
84621
37623
38859
40941
62808
38374
37175
68210
42251
89823
82779
54709
4264
14767
61473
42166
88054
74495
78151
32369
74053
65177
68180
46127
99295
88874
62397
78104
57645
35427
81139
32870
70084
16057
58982
94324
1546
8109
59162
86038
19689
79878
73988
26403
53166
88890
72481
91372
32318
9580
38067
80528
27415
38607
79097
46408
37982
62408
69066
61022
49738
96561
67662
85819
39307
48282
11769
26493
95224
37739
86437
96615
29813
31844
98026
23954
28221
65189
19165
59906
94322
15081
71779
99955
37822
85005
81328
54962
9924
40335
54912
94184
96232
3601
40176
99409
45304
80573
52474
4459
14198
80163
97804
43178
55939
23997
5156
10344
49257
4499
3882
23002
86341
82522
73578
96669
26031
70424
20652
96079
38887
50275
98578
70747
37918
77095
80013
18668
27390
61766
99804
14946
31575
33849
71875
52354
43207
39221
76036
65160
99845
37001
85564
52536
36299
25508
57276
72531
20317
65811
62466
3204
55642
1608
62900
85625
49694
1110
37145
47855
27409
69209
2932
85511
75184
91986
47197
95541
40022
44176
10270
50871
60294
44491
48871
15330
20600
22697
34190
69111
58366
65763
34407
13973
37425
22978
97531
95080
70301
67
10728
45440
98213
22458
71253
55804
23957
80754
28432
96453
39842
71538
36742
66583
60448
79803
447
250
52576
86735
92083
52751
53539
47180
87821
60326
11104
26613
88986
14572
22766
89041
1870
20673
5967
6413
79796
9992
88665
73820
78511
24791
46913
18207
44177
94638
28710
87232
42903
85125
28760
46232
51488
46142
69251
60593
48841
64698
91452
41285
94278
2375
36582
12325
35166
20759
90113
16790
37380
93900
22609
32437
36717
83247
75046
97531
98899
71168
46413
60092
19301
65159
12530
70057
55688
50153
57712
83414
66287
55190
17719
2902
23858
50655
76953
91938
88942
70566
86353
98680
75705
58734
82064
68928
77472
98864
19397
21962
33759
65839
14761
46451
73724
4804
6404
90215
72672
77587
37599
2080
52947
84926
72487
15628
59091
23928
24826
9677
77904
53873
70802
70970
74152
89520
65739
70370
42202
5856
95891
25264
40617
16385
74285
14027
15055
191
14529
48789
98043
11776
54340
56115
23688
48374
49759
85099
796
90516
84126
51945
26266
94334
70936
82205
85380
60121
22230
80254
60976
1953
69986
45970
99397
92441
40654
24869
11315
65021
40989
94422
2605
60756
30258
63922
74116
42113
23571
40408
86913
54233
35993
73659
75038
79855
63127
99494
12993
7562
87429
52921
16406
94328
53096
35922
30825
95932
25695
38407
70845
94306
65740
68272
62667
52628
46398
23073
8890
87973
31255
11829
57591
42570
87519
19270
1809
53992
49540
26969
8244
81993
86155
20695
95424
86345
4696
30069
63718
21580
38293
24277
57823
18866
36227
39493
36904
26498
12315
63398
10589
94948
38975
46375
71153
60523
3971
1231
3623
65231
94577
77402
67857
97721
221
15547
1570
70231
85733
55807
80690
75983
57924
85266
39918
37681
3925
83035
9593
79077
71326
21730
38115
7395
9344
79090
69379
21057
64441
99098
41396
36103
55156
73389
69130
12702
68014
1577
20560
76935
17734
5461
94752
85737
67936
75587
4862
53570
27509
19541
13105
77918
8187
34876
53054
39173
96589
25819
60962
90255
53815
34314
18508
70067
83104
65206
69686
74525
79443
96614
46366
68381
9548
64665
549
15068
81596
43723
78339
59690
37305
66742
31236
61139
24933
76245
40995
8528
63929
66308
17794
74521
10863
227
51747
31064
61641
12826
13670
27545
8064
6518
44224
81245
57100
87536
25684
25358
7757
72495
57968
60173
82708
3908
18279
1895
70098
5044
75270
11750
44858
45010
25909
22467
45365
96714
41837
28122
75619
53787
18960
53814
34792
79420
25097
555
76187
25855
74913
22146
11174
76402
32251
54159
73594
76706
82573
46750
70675
61018
79419
81228
6500
84234
31026
3442
45950
23811
5501
17916
66786
66046
3528
9752
76097
56316
6127
68458
10155
25160
56193
82396
47036
77945
17495
94227
90240
37140
65675
98685
15583
57294
79254
13094
95241
76622
22378
84393
22366
30897
56169
34403
59290
49383
76448
11076
71068
8891
15236
53631
52402
87441
63111
67361
2723
26759
61463
71742
1688
3774
38836
43175
7272
98642
37291
30199
97022
10116
78451
30541
22121
53817
11619
67220
80896
87323
51727
78877
40272
24637
32669
39502
27395
53564
12136
81108
84847
65025
14064
91060
36280
7972
60508
672
19555
67018
78670
229
32728
53998
16417
8160
32498
44030
3105
34448
60103
60316
92166
90567
1583
10021
76687
58651
37458
35951
65175
65593
27987
80971
33943
23481
78867
11369
85752
22156
68867
14299
46610
36306
17290
10130
87110
92936
38702
36645
7637
2270
33443
53904
61595
68071
76045
26488
42540
62377
33492
34508
90601
10581
65059
14312
11166
82769
34653
7475
34779
45680
77277
73224
18541
36387
1064
78098
91961
60296
18321
55761
85524
35457
61384
5561
37954
56416
67072
60857
1961
32670
2395
22937
78769
29035
53973
15196
42170
64063
21610
29093
98938
77743
16229
75542
84465
23387
80582
65428
43563
5221
91918
64359
88242
76508
38058
26397
52974
92406
95066
10317
6874
84060
43837
57
43171
32895
82267
33068
51615
53416
94926
23523
87592
70253
5550
88361
84116
40448
4152
64539
48210
71073
77242
31370
89795
21044
93245
61534
43667
59917
7280
87351
37266
5992
14669
27855
27028
8917
93450
66588
72161
51664
67326
98993
12441
87727
80621
55812
59176
95988
46834
54634
1250
9794
97672
77887
55707
41965
90070
29122
10277
4458
75797
53724
16807
60485
48223
1857
30103
74770
9557
90639
51028
17979
61420
73459
80034
22903
29270
79052
78754
12956
65801
8711
621
3948
28878
56905
64430
55146
27528
10603
6169
48816
70750
27231
76396
38553
35591
75506
55424
6265
8113
24266
12588
60460
23342
43694
38070
31532
29532
16036
98166
64348
90479
87125
58762
14465
67006
10317
90288
21329
40614
54207
15939
69859
3423
64677
67220
39206
20153
64037
94468
24718
95314
30416
51516
66536
88535
40388
48138
68399
75380
85041
40024
11031
42138
56408
34570
95911
16844
97806
33172
4004
58118
96993
49110
92776
30123
1266
21749
88977
86793
57088
99543
39093
17259
5669
63738
11219
70459
21786
92113
26182
85074
91734
92284
23955
6493
76403
41731
17313
19757
80977
93424
14440
19644
116
72998
62817
58647
51753
47873
16734
44236
39718
25451
17459
16465
65295
91576
35985
5230
98612
90527
40948
50313
23511
61302
63378
35756
29004
82761
1459
99701
64922
97238
63648
54074
68062
24680
50837
31862
17070
20045
5488
89493
40411
60246
44043
93720
89359
72108
60230
2821
86838
40137
67773
64238
51034
92794
87769
36412
17094
39279
53410
85496
45964
98075
97714
82677
15682
82255
69029
13886
67174
38158
46668
79896
22083
74316
40193
33459
78636
34312
12405
83122
22565
41443
39365
75764
98912
31451
56204
35487
68613
71657
7473
96457
14955
10356
43840
49058
86499
47919
89655
69729
65845
16118
71383
21833
14530
44096
36346
30711
86023
99425
89955
7883
51907
49183
78449
6417
5360
30223
42190
34443
14605
60428
28804
59005
68636
4691
88815
93876
82343
72093
88430
65779
86174
21818
53330
16124
59067
24934
75193
1688
96135
79147
93652
91843
5013
63731
74916
42551
34636
81896
6404
23315
86850
87883
51712
17447
74659
69997
84547
68991
64369
73005
74542
78217
2598
12206
19524
1861
25428
47635
18690
28649
60270
46234
54252
80814
74015
74387
20515
22778
11160
2236
2866
17067
38536
79674
56232
75740
11971
33366
2368
81911
98117
82865
28987
89559
73616
72581
99952
60665
8144
35226
96953
35583
12256
64578
35439
58016
93350
30994
71824
2671
57369
17181
71068
52199
53699
68366
63168
51664
99457
83298
98057
96016
17127
3967
80474
95025
99168
30869
35993
1162
13427
6928
83011
20173
59810
80983
94496
46285
74956
164
3473
63722
4178
1600
63430
87323
94167
18874
108
9142
16288
99748
9283
79327
1659
24075
36814
95146
5180
78001
60484
1998
7298
456
40259
27273
36632
89005
2916
62442
62199
64286
91529
48639
52360
38457
62483
14939
37160
41267
6033
6755
6757
69298
12818
5270
55845
10920
90363
14551
33573
81516
18293
69656
5151
70838
95773
66085
64613
21783
59327
96458
85833
72435
21725
10081
92063
96828
60424
44476
15802
16396
70418
87915
33427
10911
48762
54827
83593
15050
78950
57932
10402
1500
95023
56700
87983
18255
88214
68853
27725
53419
76820
75488
9768
3256
91376
81957
73242
48573
66761
45585
66641
7002
94579
38177
92751
32094
4543
87025
15755
17190
66130
92188
52148
34323
35287
9295
10998
45222
72401
89486
88725
40027
80841
21890
26038
28800
87078
638
32350
16432
27386
13645
14673
50832
73048
51515
97244
32132
96740
10812
99567
67599
49891
65756
1090
95206
98034
40547
6168
10096
370
31108
99297
25948
30528
45155
23225
86559
7043
32386
22766
31849
84319
11878
98079
88290
11654
80074
22015
86662
49166
57984
73945
39130
70558
37759
82478
75753
59937
87854
75289
57088
73565
95307
54900
67619
1566
93240
38675
56234
75564
30562
32302
55035
87131
50128
30461
86565
49280
9253
65019
8246
68769
90193
23405
35802
79845
75162
72540
5712
64651
57699
95230
62731
24343
93014
77650
59074
8839
6995
98634
46580
69411
51893
4451
21116
39379
27677
51856
69356
99979
32606
6261
75721
14017
8900
36079
49667
45598
63521
71953
91599
40243
23637
97321
6019
84963
95322
72833
91470
74238
81162
78657
81329
83535
86157
17777
50398
31307
76258
53724
72011
66057
70313
97073
37651
81233
15755
3875
73194
81197
199
41072
94138
29788
95387
73407
40543
65765
27690
866
45051
32393
30351
48155
31670
12465
43039
45147
50134
44038
85332
37990
87799
20576
85596
66578
2792
83414
74044
95917
76290
28884
84834
7934
47973
88267
39206
57924
21104
40962
71388
21020
2557
83434
96184
39006
49687
18191
87006
93126
80409
52618
76614
86544
41476
95411
11977
89052
19132
12404
71498
74130
40735
473
92259
36127
67364
94500
5867
3933
85164
92669
75617
34224
58599
50982
88344
45453
60935
48332
11103
70261
78809
18777
93580
99391
15621
53191
29444
86708
90882
42607
53353
80212
55478
71967
26337
81782
81578
92906
55199
82348
86887
78906
58640
32229
50479
1632
19620
15372
10810
59020
27958
941
81931
33496
60346
55832
8046
83038
515
93374
51344
87243
85710
33944
38523
4747
72590
63272
39917
88675
42932
27959
69652
78077
37819
60317
54152
87902
60398
91070
35460
33364
16055
19090
5667
47403
68100
80765
41971
63838
55192
19005
57369
61547
41963
33699
5217
98655
48095
34488
8063
18033
2240
6752
58471
69995
48663
86364
32453
69026
99724
55913
21082
75687
79445
72838
89620
20149
81855
99444
89033
84011
52183
93334
37808
98516
84950
35575
73820
42721
52071
54474
56085
90169
85686
99213
39925
31751
90903
19943
99420
4273
44048
32368
36816
1353
17444
78224
33012
21148
27581
97343
12356
28807
39957
10348
30858
4298
24993
71225
55841
97781
93595
60644
1284
6143
5642
1152
96593
33653
49104
68577
55103
42351
57136
67639
37785
14942
22234
81970
62006
2114
12244
70372
6102
56824
77702
50020
44572
49777
86242
5934
32707
40253
56495
89287
44574
45670
98641
26047
43471
17306
22070
60399
49059
16031
84831
54370
29161
71435
35497
22352
37581
70028
93399
43717
71446
78625
54238
19105
18840
3692
16204
4568
48022
7007
74070
65081
10776
18323
90077
10444
6308
8344
45020
54901
34460
49223
24753
8117
12948
91155
36741
68335
13071
46365
65338
99272
38069
40935
85072
18248
79731
16416
25588
6973
89935
17726
71813
37886
31494
13418
48260
31565
79907
74837
18680
69142
1822
18313
77082
25172
32272
6778
19588
22195
46702
81467
76561
38992
58569
61997
23761
97340
29889
28913
96492
5567
52609
31071
23728
39482
33787
63375
6105
68229
48481
75061
65723
28534
32285
78794
93103
931
45550
82341
83384
33119
31104
16808
63793
89536
44614
74390
84117
33410
43862
48707
26570
68868
89697
45636
42058
38543
36845
76838
88528
51959
20561
63514
28732
62010
83341
76974
86595
61318
16420
13366
51158
92536
14295
6185
19212
59198
10591
66185
94959
82301
35974
36570
90592
20046
95970
115
27784
11780
56335
79602
74781
14249
3944
37258
73485
40006
12354
26968
59337
85569
68133
64404
64529
22177
82920
66562
55992
3405
60904
98727
12884
3826
16772
74681
19748
90339
13656
20144
58302
33435
29332
12729
17428
56702
17209
58728
41314
42365
45103
92909
42295
96792
49926
24160
21310
11166
6151
36887
7048
75217
48277
39126
87703
73284
69190
61861
16585
92902
87064
29757
1279
80952
34354
87516
41545
15450
90328
67929
19377
99876
69546
47121
30784
89168
22586
79808
12080
62197
41832
1163
89392
35341
12187
67481
16717
55768
33406
59458
85795
95418
19893
9536
14752
38880
81019
95778
22577
54112
65370
20160
90796
65726
38117
4584
18969
75755
68565
39703
59197
55911
52351
70435
18052
77959
2766
693
86250
28466
91298
95124
37127
72901
68260
86652
75285
40951
60228
64398
60767
92534
4530
31361
41095
11536
62550
67958
48468
71054
90476
29993
76791
86011
17343
27139
20184
3490
84833
58316
67426
67637
96068
35486
84007
44778
85464
71605
55889
4736
80322
75875
79527
4319
18389
14400
9912
55197
53711
43230
36167
12413
15890
86810
82258
16338
5182
12015
94977
21634
12936
41220
50152
34533
99577
98470
99833
94061
67878
92272
52137
91903
83879
22470
7805
64607
46774
90274
46161
74922
82885
20645
83428
50781
41468
55055
74020
75987
24942
7978
44817
99467
50040
7009
33233
56808
41205
52750
86320
67025
54465
9232
23441
26457
79432
89851
70037
83002
27145
73898
26726
42522
6316
75311
15457
58288
68925
1003
84670
56255
2565
97369
34014
8993
42756
89061
14320
61695
87244
73211
97631
58748
41885
95705
15228
3986
39353
90694
7267
35796
3011
83868
64141
75602
45784
65792
67473
94491
23722
31507
12983
82109
90325
3584
67835
54344
56576
28694
7066
53744
60754
16240
63997
9969
55119
62288
28991
95373
47245
80618
24092
1585
14199
77756
75895
58038
32445
85084
21160
3907
22198
43369
13057
99951
98611
85955
82748
11012
34945
69175
90819
58783
42075
18323
27
24404
17322
1016
26061
37743
24090
85708
17714
47125
63642
44079
24507
30313
2927
44166
98619
86666
86837
44723
689
58137
77364
35366
91573
46617
81850
93676
18334
48911
92507
96230
14414
81033
6018
54101
93723
38107
42259
1680
63643
63748
84255
19800
37451
29903
97058
7939
10364
20597
38908
8468
29467
36512
19818
59596
5243
73835
72032
45210
76160
66437
97702
23342
22571
97652
10412
18347
26813
66134
65451
858
52682
88610
45850
31803
16092
19757
5961
45495
62721
21833
12190
46769
33138
85032
17802
83866
93120
44606
50118
4964
17501
76004
17871
5678
56869
74937
42331
59775
93671
90435
25560
27150
915
60147
27552
63901
6242
99527
19898
69253
48189
22248
40303
66669
27019
29652
37447
24756
36282
82166
39137
68974
80457
3089
57708
17708
99951
93660
79108
80275
44620
3975
43692
51663
74507
92955
3204
62273
39472
23136
28359
1011
80740
36376
97828
66892
53657
34472
13751
28382
37596
3415
23492
34141
15223
15151
94063
70570
81055
54049
12922
59886
59521
11237
6364
14434
74916
66751
53915
70219
21595
11676
54502
79683
81386
79739
84209
28338
3889
33033
81901
51132
55578
42629
90371
98931
9243
54563
5101
23725
79049
55724
30194
34737
35961
37218
49372
75851
55284
54881
59000
48511
59190
27360
21705
45018
6787
58423
94152
64004
69575
83163
60157
86417
80584
18341
29267
24374
74155
34321
91803
14553
70239
1537
48383
34274
30986
98177
64128
56078
42510
81382
52431
76002
47767
22672
7301
46652
13667
42767
96224
29892
2543
56385
5978
83042
67482
68857
55335
40554
65273
16347
17291
78546
68439
58340
31893
21444
32773
26919
80860
67822
12517
84882
4853
52183
14319
3407
61134
63724
31679
97830
97930
11705
21564
34528
3577
11475
25125
29062
60051
66225
57209
36232
87570
87451
58851
43545
99977
41211
96545
10776
54148
51569
3920
29290
3805
63650
58005
97730
25752
95120
21130
96098
4540
88868
9187
89947
8367
70792
33372
24913
98284
22993
57697
10554
51972
63546
73273
15781
46446
88396
12304
49527
94508
71449
81088
52144
43164
52520
94267
22764
43447
33226
57400
37894
29802
74347
56599
42135
24718
92580
13138
80284
24678
60717
42947
74293
59476
26321
44652
44170
33145
2074
22343
27912
35016
82762
4810
43401
12677
48747
93302
44626
24671
4543
83869
37686
82150
48145
83885
12407
89675
54700
42237
19500
29972
97610
45683
51774
69336
836
1072
45229
82653
93769
34105
89840
93035
40010
86947
63770
78476
4402
25753
61143
41667
10162
24237
99861
37415
84826
71833
38624
39034
57412
40593
69638
41098
18731
66599
39449
19459
40249
90041
85811
57326
55037
51995
10835
34283
94811
85373
9829
12742
40894
70042
69216
32537
69577
45116
78633
21598
40139
85486
38933
81263
40176
68544
72972
43228
23764
71185
5865
10728
8114
23964
49886
4865
29659
35361
23124
66586
68931
46446
49520
83526
16405
74090
52977
44979
76934
28959
60117
96513
46119
13025
84603
19198
15540
43583
99204
61823
65897
77285
19827
36509
64180
92395
38675
10345
32518
77310
20728
17741
97059
40585
73597
40897
22618
29632
85516
43303
48046
33736
12189
35364
70962
10854
72822
28635
56275
35587
53360
17575
58223
44377
81274
44436
20643
42652
5687
43707
67682
9703
51778
8472
32130
47266
82866
99722
67057
19150
22488
36871
8773
91885
72869
72249
16304
78481
6697
88473
36082
18847
14294
24998
18408
2622
11171
76098
52835
59906
17548
15594
23988
78032
39895
45968
51203
29358
9617
49590
19326
57161
60215
88168
61582
14241
55537
23383
11974
43381
60760
62094
38005
96934
36152
45683
50075
85547
11409
53467
35095
54001
71767
79594
6303
9773
43738
28871
56585
73215
56608
77720
8358
85892
14605
44190
42543
536
45509
47631
68279
57414
53672
68652
49120
2607
64092
5311
11497
33298
34665
30644
41765
40093
7581
73648
58759
85329
12912
52722
14009
56491
19297
22788
52748
52724
66463
78269
52714
20295
60613
80663
91175
68634
69949
87369
94006
90667
47557
45216
4664
52360
73326
23167
9839
60603
35361
27983
74608
86096
61916
79684
33207
10629
29402
87023
72916
7437
96785
40761
85636
85824
70421
57475
18491
41123
92666
31607
32476
83855
98614
72298
715
43969
91077
2640
15801
53821
13830
43036
63455
96064
44227
76019
85543
27425
94286
48396
52707
77442
19270
1926
92736
26425
46777
24870
24693
46453
50595
63499
81622
31824
66101
78064
53030
88976
26385
87165
32361
78297
11250
99306
56055
29587
77128
44658
65932
13107
43200
63791
35644
50248
35523
87320
61188
89285
23925
25972
75644
72358
41725
54457
53064
39488
71173
52262
48590
19658
2167
9657
30177
16578
79815
91918
68380
61757
97488
11060
24523
19183
53014
74157
68739
99315
71115
74563
64274
57943
20749
92930
2833
19368
22156
71765
14518
90229
58665
4000
92261
62434
7354
89527
94087
52972
97675
42394
99475
86836
72062
69583
91720
35273
11603
13210
13661
51734
38115
44250
40559
48390
23557
58819
45850
80079
5971
80243
97379
56706
9863
24627
67730
69421
72063
91053
2557
63371
26049
20677
23166
44682
67671
50421
72967
76950
64507
38248
56396
46470
56462
79667
61919
88131
83809
12331
28794
75569
28599
33511
46868
6523
38370
90803
78518
86303
59946
72525
34215
95443
83020
60704
33700
93491
46975
47067
87819
53801
95474
64526
18870
85367
3697
69696
14022
5603
54374
6255
6805
70656
53851
14917
36429
77269
45502
11219
65655
27276
88734
22093
92331
28185
63250
53537
63206
81348
22233
46101
46074
28726
75804
85245
48927
62140
76367
9590
98375
22683
60854
23202
11951
66448
80932
35360
39154
80994
44319
44327
41912
49831
37152
98847
87179
70895
27190
83100
38634
31377
65481
86680
66294
77585
98524
98891
16041
60234
8717
55881
65063
2813
96982
29721
36525
37142
9589
46190
14406
94424
24937
30788
13373
40389
59891
13432
69068
43403
3516
21220
46995
13134
47765
38710
15044
54542
61240
36651
99866
67029
88590
79149
97866
38719
82123
54951
15698
44102
21587
25345
527
45898
6720
58557
6890
81529
58139
28364
70194
93824
59175
3661
18053
87342
190
41539
23111
76001
86643
97170
84501
56912
14263
87286
99252
79380
64855
6721
63939
59604
71266
15055
57327
20747
29864
11878
48388
79128
56285
65167
99041
46626
99005
27084
868
75238
51210
63221
6085
26591
40753
32339
63839
21520
64843
28376
9512
43761
3135
10297
43490
37043
76069
61706
63722
79762
1157
71156
30702
71094
85117
49461
56188
8358
51201
45236
26965
33962
71261
71231
41792
98202
23414
24067
50747
70729
60655
51495
93068
93928
57832
55654
88501
56216
30624
43751
67046
79728
48315
58362
66861
32486
22142
42738
55496
69086
80471
37017
63579
87373
79162
70933
6813
71208
87334
10197
48269
29870
88135
43351
42562
7502
79188
81850
26623
96823
24568
67194
34661
39770
73774
22637
14659
42110
36517
48569
33993
25024
7171
90128
88122
32100
1158
91978
33376
26844
14917
52349
24665
24052
82006
22843
15535
80568
39369
49801
5317
23523
63793
65463
40909
46245
37186
67648
53974
78191
92981
21856
30659
67934
50345
21997
54615
64418
11844
56915
8972
67178
89048
54800
34116
44238
37376
15241
56182
44377
59817
59719
68458
97329
46382
36050
76480
65059
2779
2792
19017
46608
7571
16025
74041
26542
11341
18178
61205
67900
76793
81381
98247
53671
21665
88801
57616
98546
11818
96851
84285
94277
82810
49385
1170
14900
76563
26815
89346
12682
50013
88984
83329
34419
82466
55290
36881
58371
15923
6150
62488
50822
58824
25682
71123
14949
61829
86181
71299
27058
42904
4847
18278
3504
5118
75458
75905
57825
15109
13777
50009
18221
14508
2628
48769
97836
74375
90133
64973
11825
44127
97514
99269
48116
29750
72303
7925
93306
92392
22031
87777
56578
37485
99343
96310
94478
39515
57383
19580
88044
53288
59390
13703
24065
57677
50785
21837
6321
91110
45151
60466
18573
6037
196
3934
73081
41991
60464
37776
76760
55214
99380
6669
31479
11022
59816
69809
45908
38387
51499
10885
425
35839
45944
74225
65016
37698
84386
59401
90292
56290
37548
19267
43593
68826
46216
27049
13514
40254
62953
92362
661
36060
57542
38155
17189
13118
97294
58554
12116
77900
60707
547
74315
94927
24053
32955
16807
3536
77116
87290
12266
34943
33264
55590
47291
29712
74984
54026
81370
67679
30702
9317
38628
74260
45980
3007
69088
4994
70069
27318
56164
87913
1378
96343
96711
82171
99783
90313
23107
61372
91649
35459
56070
45474
57407
68029
52438
58428
81242
57475
55902
26511
3539
47206
59258
64763
58311
38349
50139
74109
31537
93194
27895
42446
93244
69191
18992
42472
24291
36062
61087
29480
5896
13320
88541
12398
13389
5357
77902
18306
53106
28954
94794
51474
68555
70257
25001
23318
64541
28954
34059
13300
45078
87191
77793
30494
4646
42230
1627
73337
36573
63935
32655
63641
63075
70829
10370
9225
85294
59386
8023
40518
89219
91666
91602
21323
50060
61034
5863
22023
19794
80745
42755
24490
69431
11940
46582
50911
37107
50024
92444
5875
41418
34160
77895
91124
63558
30551
92011
7508
99893
90247
77829
58701
24257
76208
50249
48510
34568
980
67974
6260
20313
83359
63640
19620
74634
37300
86858
91412
67160
95234
41926
38585
42363
42069
48763
95067
98789
89129
49674
46869
22840
11450
30381
31321
17185
62806
54883
56080
56309
48084
95228
51167
3270
65854
55934
76965
95746
10314
82482
62465
25608
48359
53966
29296
7975
3794
21344
25684
76021
89735
42867
82256
63561
9237
86177
26319
45974
66474
24086
52805
70597
13230
65660
12078
28430
43372
34952
80210
66194
35787
65409
31658
52279
71995
73640
1532
60417
46154
52008
63745
66890
98518
22716
15688
16222
68893
4823
6068
50613
10672
44084
93664
4077
51910
82906
83683
1732
69517
96331
63854
58095
2011
44746
82131
86330
22754
6663
12799
15581
48226
86601
74408
34231
52025
40183
72546
23849
88181
89570
43786
15281
72810
37266
53030
23649
38271
74987
4100
66268
99811
50939
53950
65709
80893
51491
53247
33924
48769
46944
2720
43630
3454
82710
96971
28016
21204
3192
29633
94879
63139
51414
91223
96927
83678
24163
70618
69685
68991
48161
47539
98699
93588
97836
69894
48705
71351
11840
21684
20522
75547
84871
52129
64746
15202
1315
43216
46953
19339
93652
4138
28404
93705
34311
41309
45841
55311
4380
73665
38749
85960
44594
82006
58597
94243
46289
52361
317
66155
54419
13813
53247
72948
38160
74854
81635
65681
44228
82618
32727
22787
84319
10720
8188
12652
47114
43970
38046
38882
65585
73758
63309
43263
34961
97359
43228
76852
53822
85004
24374
31230
93265
62278
86104
30641
16270
67637
98190
16432
42670
99660
31790
51999
97325
46792
19851
83408
93105
2440
48727
49401
62389
5302
59193
9319
84050
31108
11622
63468
15209
95122
24639
6515
79311
6444
11623
92660
89141
9071
93152
82179
44467
88972
38849
16291
46193
78629
55061
23064
53426
35317
72082
67610
86813
22284
70037
98854
49417
31864
81367
3886
3972
11615
97358
19280
94912
38921
69827
2340
71259
36826
57899
70830
36041
8093
58852
20788
37760
55676
6190
59690
69984
86411
65859
8681
10525
87621
28532
38142
87626
6063
74562
36670
75524
20152
7190
69943
84184
30562
20093
75522
81106
37402
94916
11317
91939
98882
99723
84277
6637
43921
29737
96584
14959
87760
7709
88232
85960
2565
47372
60084
93545
98572
58523
72256
93884
75617
97162
46701
89899
30459
28459
80372
63118
65106
27551
49467
30229
52097
83596
51946
58638
50983
85756
80023
8851
32071
43540
84093
33683
14223
63471
67147
28987
7509
82807
68889
20033
11773
256
61718
62669
66424
1473
98301
66788
89927
70447
99013
60851
36829
7032
90103
30388
6754
9561
73947
10656
83859
47677
97259
41457
43015
8114
40489
53587
85773
25449
79692
3719
91857
85002
1654
42098
83997
19122
5953
57448
9212
29514
75095
72529
11482
83269
21057
59798
17511
61333
68951
21995
1914
75019
92246
80376
8370
15913
49648
59493
23960
24838
47294
57025
54496
829
30576
93871
53231
63378
23844
51502
37302
27971
17493
12644
79484
37222
9163
21766
91930
26245
34704
28774
29375
8658
36643
34586
23412
59688
73829
75589
19994
31489
47569
64100
35151
75662
41801
51511
46704
14998
523
30505
57080
61933
61762
40254
10183
29680
87033
5561
75166
5051
86538
75047
31622
97607
52757
13483
86000
71331
27532
77415
64727
14638
17419
87107
68418
13263
94821
81374
87205
42161
81625
32526
20551
47486
85636
37493
22719
52502
98320
42978
87543
9932
31945
25345
85427
61053
52112
93857
24299
77902
93993
79199
65203
56034
15311
77524
78427
26485
70344
3256
99347
77495
98099
53169
42151
68360
19677
43164
16840
34764
64306
80054
87658
47020
47601
90024
14026
44361
14745
46381
38696
50749
64863
35362
80114
63952
80322
83657
70241
1076
90293
30457
27068
68701
86491
58469
88250
11328
47666
48487
84934
89095
85317
14025
56443
71471
99813
57328
24398
43486
20531
90182
29067
55396
54996
40482
29400
92653
58534
10678
56502
82815
72274
3829
11685
15671
83127
58399
65063
83962
38534
11274
18173
32475
80397
4655
7533
49352
99275
21166
6821
99377
70594
49982
38522
34582
54282
18613
99689
12876
44289
46065
3326
91436
71009
76097
32051
35927
11978
74002
66256
25770
53567
83194
48593
16410
96397
72827
33061
53709
80996
50196
87570
58901
15466
23082
80598
68169
40133
98478
21993
40609
23383
88491
46046
27054
64935
22863
3368
80083
15609
32436
729
14276
66911
6409
95974
47930
55336
69729
26694
20273
311
34392
25657
56702
71440
99870
64710
73743
76075
76129
28892
96769
29226
22011
87706
52440
66247
87541
9194
41023
65351
88342
34823
46236
61355
56013
89024
50767
87525
67895
25749
4647
74183
72909
80958
79937
60022
26861
25163
13022
38270
96195
34918
96223
35552
79219
20245
49568
57863
87558
55611
82286
92536
75023
43614
86758
86470
35481
56771
4780
2949
90127
46901
13604
20343
74023
75429
86641
68291
74220
13836
55304
60867
73414
12779
14896
27484
17000
26547
55768
39369
87190
44129
43828
37328
29105
27585
87894
10262
66977
41427
89093
97486
58398
73675
88797
88908
12730
25714
6978
50584
45806
78187
66850
76574
61696
9136
18919
94691
30318
72474
70389
30706
31673
97566
97798
98484
97841
40277
75135
67773
69273
1589
70767
33859
82519
4827
15524
62890
16762
19786
67305
18395
8168
86572
20832
41459
83587
56215
73752
33719
43992
30699
77547
35782
29700
39256
99927
2598
1666
30365
9047
64832
46869
69611
48125
69992
50543
5448
16622
32949
75676
79439
11578
51471
82190
75380
84150
40518
7269
22981
15352
7006
28059
59948
86542
65704
82729
59826
58236
25229
44794
92830
58192
771
15786
81082
5028
98594
60826
17078
20463
6448
31187
3302
60040
17240
852
6982
41176
8282
14777
96734
15770
29308
23818
16033
72018
18173
46334
19055
79112
76778
1194
38331
32736
44394
24203
42118
5334
32244
53931
21482
65019
8992
37746
93811
3623
93211
64237
98567
12602
48436
35988
51431
12691
39731
42522
52877
35563
85673
69174
18965
97999
96867
30377
84249
49465
77976
95307
21588
61834
83362
20791
14376
26982
2025
89903
13754
82795
64987
27949
81915
9327
84824
24776
82914
67990
88617
25695
88053
95981
87120
82245
61031
22054
42395
48425
49467
19120
94514
28512
93734
47250
91568
43410
79987
50467
94799
18014
45024
51177
92668
35946
99461
48749
95113
66347
28981
2807
10017
94445
89116
1004
93718
82111
43817
71872
33142
18143
5414
17977
48540
6525
91266
30658
93091
79119
12047
20904
5110
68977
27879
9141
38402
74198
96714
89734
24909
75791
56354
14475
5247
60407
62823
22395
43678
82649
59199
18834
13081
41630
10717
79848
74650
80919
8842
19502
39454
75491
17377
87560
79809
55325
49588
54882
93138
15942
18253
30000
68166
29706
50734
20902
48520
25682
28666
17776
3982
7941
96300
90703
30855
2779
22245
25169
43248
43424
49732
14443
23622
65281
493
96662
82325
87447
31820
19940
50063
4109
83730
38525
29945
5391
20926
35866
54591
11697
60696
43133
68168
4633
11318
54603
86916
34218
36929
92263
2241
8430
41106
82381
57309
90143
77974
89511
89014
25106
2001
25967
59005
78176
51102
32130
68041
69458
26165
67997
81064
58825
33797
1239
4945
80968
37760
82715
85364
12158
11862
3808
86770
52276
72378
95143
2921
69775
75745
14960
36168
13986
10600
7704
11169
85363
25269
58163
88028
6728
31990
39971
96488
22222
85414
38867
22700
12454
44334
64530
50556
63116
82472
4655
51367
9029
22302
2701
76781
69029
92593
52163
59502
39643
17910
53427
90366
70841
55834
1220
47988
98531
72967
29503
48514
23955
83615
79907
66590
8807
37028
3717
32063
80296
71546
85799
15428
24951
41828
86515
70510
59510
39051
65941
84301
48241
92157
2803
83512
68647
29330
77737
16662
75897
76650
77733
30554
64877
8723
7292
55436
80223
23302
23175
90753
33605
34704
59582
20428
71326
7470
83886
78286
79126
82770
59834
73449
88472
11715
5612
94099
71601
48673
76630
59526
22141
12645
88586
15796
27376
26822
48114
78232
83171
85880
23884
7815
25816
78479
6566
13029
95852
14082
74194
27795
51545
16427
3270
44358
2021
27690
56115
65876
52874
43561
49439
92744
48451
19259
46465
38773
21519
42237
7545
46822
79973
20542
53833
7603
73173
78363
57300
56273
17943
7331
17906
27745
72786
32121
63981
76488
49674
14264
6523
73022
81031
33521
99352
34239
69823
4303
39390
80768
54783
23644
89604
79260
96155
32572
28849
52492
66735
7831
76572
70452
11633
19093
93954
59322
72182
18305
96290
4114
38813
12112
37880
38773
72252
70939
85140
37104
55877
23495
33174
82649
79764
12934
81193
53788
7928
15446
28921
51539
7227
79912
53618
47348
16048
9851
55287
64100
24120
30503
30875
34281
70193
10517
11935
4190
52380
38635
74921
3775
45545
294
38461
10596
79937
38528
57562
7979
92848
86289
64660
10350
38861
1617
23754
14259
51719
83195
80900
8578
36046
84558
24170
48113
65979
22573
94883
9019
54268
41894
47529
19024
71232
74288
57733
87622
18939
44141
3885
79565
30743
54511
70199
76512
38424
59159
65144
87766
44330
87192
82525
12472
18057
21786
25605
78254
86253
64475
78457
20819
77776
40560
25481
74407
48733
54537
78021
25154
93302
23890
54484
88645
96738
12629
31637
40685
70641
77661
76047
40801
7150
73398
38615
39179
14304
84080
69886
20612
61372
46146
9364
78055
48587
90060
42973
33543
40148
72532
41678
16636
32357
21906
48165
79833
22787
78503
90978
53401
31500
33672
43557
30520
47237
8153
1221
97150
14085
22548
3466
53046
94557
98664
30536
65117
76162
40734
41689
86965
793
36343
46518
6041
85245
5586
54034
5771
36848
10698
36563
28329
76092
56635
11053
3007
77509
27045
79228
87093
41101
19881
21597
24841
27491
94768
63434
81176
75913
13387
70833
80501
50048
68021
60497
94492
71442
85109
11536
37888
1372
55136
54523
97728
83478
48571
69850
26073
58240
5182
45423
61973
26187
28019
86731
18529
98178
93598
20398
95676
37683
63959
94841
67819
7965
29618
92785
58281
34743
57536
40979
16636
80379
50414
79310
50595
4174
61899
64033
51723
22412
21576
68978
63649
87124
19543
43048
29665
8974
23798
23462
28493
31413
9957
76389
83674
72165
94098
36013
39588
44417
99062
51919
63554
5857
15353
74433
41236
15735
44528
72311
17401
97789
43111
4474
8797
77468
5305
28680
40975
3227
76380
55113
82128
86146
95066
97897
63335
78730
6745
77462
10226
16164
45372
89336
119
70850
9667
12263
31481
57190
41198
19406
82566
83909
46015
42811
31341
75159
14844
82175
27021
70333
21492
79016
35048
26352
31865
7384
44342
87042
58763
48738
64694
65779
54742
59425
10176
92947
27825
49461
52373
55214
31272
78939
69464
87449
78932
31239
59702
40152
59397
99489
20544
39273
29281
12825
52473
97936
17319
6600
49035
12128
35020
29925
15188
62499
42887
11424
11038
33382
16968
52414
99501
31044
55490
58674
19089
30734
77962
24468
50555
46420
24983
83329
78508
89874
20329
52719
56424
33337
26375
41483
34954
84728
55745
21137
99569
82344
84211
15399
48056
72081
77066
69239
80516
99132
11873
59015
22422
87798
39653
88534
88224
97438
66327
43029
89684
14188
50991
80831
31448
8189
41854
40567
73174
73343
8716
6941
76816
64917
1151
61484
3504
38311
50557
82611
32766
10058
75177
46573
32267
38887
47849
50208
28009
66987
27080
37711
16541
79243
44664
13724
91501
2481
49871
51934
29108
33991
95538
69914
49909
48191
34383
73313
90572
44444
96100
60102
54751
5313
49021
35578
48467
39924
5658
17414
19611
74383
81007
2692
47852
92739
25254
28091
46028
36936
20607
77173
5832
23846
64631
93310
94436
10521
72198
59259
61678
48293
2754
54533
60524
98102
96290
68001
18323
75826
90461
79773
23545
68669
81232
53769
81826
68232
12926
13039
10839
97528
1777
9552
53398
6094
92895
285
29090
56056
7913
43278
7546
61940
19101
65347
49799
66012
14779
50581
77679
77843
30388
92728
7656
43466
46798
54608
70918
76911
56644
34188
3732
18866
33930
12579
26209
55157
5039
16810
28370
23728
38203
68143
30358
91039
39127
50005
80887
4296
76652
6924
90859
92044
18308
45580
56746
64554
42829
33102
99034
15210
27100
55175
50311
21133
11150
90210
40974
34894
39689
32793
7992
6933
44193
12880
11428
40728
39542
81934
77565
21838
96795
70136
13035
44530
32817
80396
25829
95408
10578
91639
85828
42671
97386
72851
74546
56827
96288
30145
78945
77166
38706
90654
19801
29498
42398
95173
36617
80949
88317
7554
38783
50562
28489
92430
67794
77912
64032
89164
4604
31697
62145
82686
39750
35633
403
75301
64955
60113
30660
69587
8862
17031
48687
21166
21272
15988
36663
8100
96137
96617
4656
82566
64064
11991
91773
91490
16326
62514
58963
2081
65812
86561
6845
80185
54532
62116
92249
64496
11045
75170
83807
37870
19593
44655
62018
72157
99801
1942
25487
25472
96808
31785
41138
74605
85508
48194
94521
17576
56265
48020
61008
33950
911
17555
89418
14363
56324
87005
55873
1768
31733
34307
14069
3300
55237
13848
70128
4606
93600
38453
88331
55980
95881
423
31753
77868
11728
28118
18913
71860
30399
91730
14297
3479
25171
53436
98253
20599
92360
82062
12591
50626
4846
98728
16393
94987
96407
1912
58174
94181
81842
69381
16622
65950
80018
56600
33176
45046
96615
47240
49690
61850
79502
7137
13108
14465
90212
48144
81674
49827
53942
37325
43048
42385
92372
67300
84736
81717
42083
91522
10030
34759
36818
2906
87261
52776
84069
69649
60867
80287
20045
40972
87911
77230
6904
41939
1667
40688
94884
65442
85188
62161
91887
20716
94030
6442
97611
64333
76157
7575
53997
69322
87430
16567
63588
39367
78940
70624
38662
36709
85710
412
42470
38549
70029
17252
70850
7198
66188
23639
54553
25351
82336
29238
31706
59169
47559
56064
34423
77108
73157
51909
68889
99397
21289
69833
17997
44384
52974
19384
23003
67560
45597
73504
73335
96088
88816
54895
70352
88757
95537
73962
54246
32178
71777
5318
83130
37151
94069
38823
13917
90672
15003
46035
56938
62501
93530
50354
12175
60027
89527
7909
97414
28846
30132
7520
78787
59433
7027
87173
42470
40620
85080
51133
58320
95161
55404
56150
80178
9147
98686
44436
41344
72371
92708
96053
64421
51936
80159
41510
14768
12202
88348
60379
39212
69387
98519
69103
52270
14971
50906
5848
20391
11543
21731
65093
36698
32589
15396
23896
66535
88039
22532
24410
30437
817
47587
66175
51598
53417
52122
49143
22292
5154
94081
80590
43857
77844
88810
50529
9949
74019
16554
36061
37529
4523
34200
5174
65864
68549
37710
15232
96989
92729
69837
85454
29838
66624
84413
13445
360
97940
70129
92763
41565
46774
84201
77618
13081
52283
40209
66859
30770
14357
39783
97256
88638
67610
55258
92867
13726
45843
18157
92804
64055
88003
41019
49411
32385
13778
68021
19450
47929
98645
4551
58790
10577
93723
14232
82106
6408
32918
43216
19456
21364
35204
75060
30125
73434
35866
63661
41760
62752
47884
98566
75383
9851
3771
78868
48589
94594
34555
36400
22484
75843
44320
32928
84715
46771
60069
94772
5692
79649
19704
68235
4181
27460
34757
76310
96800
64531
20990
25524
26850
2515
55012
36477
86668
61259
91828
67866
5857
75475
59793
66417
13989
23115
75017
11615
1534
82824
47623
23902
9291
21385
82037
5670
53245
33672
72236
83024
47061
54091
17498
29813
95612
46042
24238
52085
16569
84940
49410
95795
68371
85562
17158
19549
68163
72917
67141
75978
43572
64435
54262
18716
65466
27364
35073
66246
39980
62627
66956
59175
41440
77640
58466
6931
51970
93562
38015
45202
63824
49281
62042
68482
73237
35130
15598
5656
17600
45188
66055
63780
65632
19256
5830
83986
60478
36405
95569
45645
33623
27865
47322
72030
89397
34827
4170
74130
67561
40181
43722
22169
40167
38896
62222
35883
86941
94519
1566
97829
65873
48318
77219
67121
43895
69595
13194
32772
8652
6114
86103
47488
80530
51502
38730
72826
78984
16283
94759
14966
82244
14609
11236
23598
90416
8763
92948
20369
72927
73782
41418
12456
93322
34853
39437
93109
33196
83553
73015
9588
22774
17389
18825
86979
4591
39431
66799
17342
86988
96603
88651
69219
48264
27218
81217
98548
4928
74567
17886
41882
2126
8762
20870
56711
67071
65342
89337
16596
60883
20877
10017
47273
80465
18747
92986
71131
86916
1159
50462
53743
64214
33422
95788
38621
29064
16442
96884
44943
84459
44568
38274
10697
91646
84743
76293
10435
60612
47276
75259
8946
42465
49955
24603
11941
95633
79312
6590
25066
75397
43539
77674
3152
35835
67225
84029
21288
78232
37231
97587
94533
79141
67538
5523
51650
84516
3010
90236
71682
44909
60149
62376
78995
97353
24935
73178
14348
20490
36335
16425
62197
10021
12909
85449
72902
91341
90752
58386
11016
71213
64180
57487
35159
12578
42360
7846
59497
26771
99438
51487
89480
23662
75739
85330
68027
8416
35870
80849
25699
85360
49501
92080
33185
12664
91003
6157
44277
7809
53734
82591
8929
15259
54957
71583
41099
49238
25455
52589
5858
83711
87759
64897
27544
85370
13571
77647
60718
61497
69931
88726
76205
85398
98814
38469
86064
23443
39264
38282
27519
30059
6417
42681
67287
32276
95711
37781
89765
10484
14331
71646
10001
69853
73097
91159
95095
72519
75249
15954
50096
45096
23634
2779
9039
88754
7510
94110
54216
87081
66113
12373
42283
98591
7331
30898
43758
1678
84749
33478
39304
17554
50976
22571
24730
3585
8417
69044
28744
80135
12072
4495
98341
82850
82744
6228
98797
91639
72073
30606
91979
65711
91681
83330
14395
85361
57281
26336
73386
59773
54811
91973
90681
70594
79362
98314
8129
8221
68409
2189
39600
71472
24366
9051
39025
7930
49408
26326
94538
78488
90234
46120
32447
40056
33604
68837
14420
79221
61103
94006
83727
57268
31726
69607
45244
99930
59268
63470
55690
84936
84536
44694
11442
59540
43141
51272
6008
84709
20622
64661
9099
61738
23119
25475
63974
65976
57582
12241
96185
75423
84816
46056
9441
9799
76936
32864
63123
87980
83275
50092
3833
84915
13855
83971
33299
51048
74290
30412
22015
76118
15814
98213
82035
93986
6314
45168
96166
4932
52772
58875
77102
34914
22314
57898
35589
88331
57615
83363
64293
81645
82779
96374
26514
20692
69012
6055
44727
10912
79832
58297
95624
7329
35629
25689
39782
76114
751
94084
73506
9807
17224
75062
2105
96756
6495
26352
73085
35283
11335
2821
68820
57105
55415
63137
86873
58462
14714
25463
37505
3632
34269
38053
28888
55003
40902
2854
31338
70511
17668
39124
98589
66413
68161
78679
98427
42087
33715
51887
60974
55124
56562
23322
26948
42380
95973
24002
210
31334
43605
46566
853
20652
19875
23363
33363
87575
59061
74079
41024
61197
5387
24755
19357
8595
49712
45106
99546
13104
12556
95578
37340
28801
32310
95541
37434
57714
68839
652
97281
70047
51338
56809
4824
19176
97103
3240
56766
96522
28959
40058
62319
69984
26537
99253
58629
21717
63611
77563
39834
48996
42253
25572
35148
22766
32663
18763
24890
17495
12866
75571
37291
54622
38204
67796
30990
32503
12037
18278
18043
42183
40422
90920
32408
99419
76962
58510
40344
54342
60869
50949
54847
95125
51929
40163
63072
1712
37751
85200
52551
27983
40602
93259
19314
46998
15631
88219
72122
71695
99081
53363
51183
61634
10353
8224
91330
35540
49786
178
9052
49114
11122
69124
17739
27288
67605
45770
62206
86842
19484
35159
46885
83053
69938
42696
76123
62843
871
95601
79168
82402
51518
25377
28511
38288
6369
97748
56558
75518
21044
28085
97044
69
80135
48526
46725
83809
89061
78830
15048
52448
83977
42869
39385
90343
99184
97471
33739
42594
18441
54346
77221
45862
3657
18438
21645
17189
54172
93049
36643
15116
98709
85228
48260
45500
52263
29685
36079
78116
29068
98945
77539
17079
32130
82334
3847
58927
14550
31490
2436
94366
40696
50844
30669
98573
82734
26709
11135
67571
92453
87938
91107
11987
75041
84201
42672
38195
95670
80494
85229
88340
46127
42297
16212
22067
9740
54661
43538
35643
92009
96135
69963
99620
16920
42169
59099
48972
54161
97570
15511
54640
66240
57956
65874
23240
44220
2690
93788
67581
19672
49388
73412
41863
23219
13608
68382
22887
26698
79071
24799
51997
80620
5697
55141
94471
25198
5494
35092
43607
20181
15074
52667
76848
43889
10771
42261
6269
23306
58154
95692
22766
27666
88260
48759
58639
19929
22020
38276
67879
80192
79967
60529
88906
80229
49668
16500
97403
80093
62726
83707
46658
30112
65511
40782
96038
27229
7330
8656
39143
20238
80277
43204
62202
43943
25290
24587
95138
25320
53632
85388
22503
30642
3099
56461
82838
67926
98852
54014
25205
46761
29758
63861
23681
74804
77863
74963
49446
19943
79239
31302
8026
88813
64504
36168
6006
70683
45873
95780
41394
98627
24433
14168
30012
50821
62373
40022
725
2532
69142
98565
8136
8982
37170
85989
49384
43637
13653
98160
70917
83444
18771
62235
61322
32587
70501
54972
33014
595
52398
44133
20565
76109
49769
39598
68602
58524
13873
68337
5339
59603
48300
80047
27913
61865
40949
91472
72459
67625
64389
82376
93974
5702
95933
15508
49099
59276
89138
87492
2381
59729
32117
94611
76189
18571
96094
37745
79572
87835
46068
38945
7676
79047
43932
63070
2091
58469
8444
70233
55389
37618
47467
14846
47758
90275
31799
13269
96529
53267
16017
63748
28975
58780
40345
80689
27359
23137
83842
4900
73726
49607
11682
92235
58860
26915
81881
63192
42211
32046
6907
92933
2132
63350
60603
184
51167
7342
84437
30945
44367
49574
31896
19968
17905
87125
55279
75075
95247
92050
68811
34413
25133
73922
61295
51187
12702
67916
89335
81696
76580
84777
87397
93912
13602
38391
52969
98297
18112
30348
5581
83357
7099
87527
69530
39548
18246
35490
99083
96815
46593
83972
78444
22223
94068
78259
16718
20124
27784
4934
28362
86297
44930
23192
53039
68725
78205
60409
67434
45573
40835
71135
42577
22508
98119
55227
54700
58012
86850
59462
16128
67414
10441
71353
92025
51726
20967
68571
31636
20778
5596
9141
99686
10409
6769
58210
55341
58912
24759
30306
19633
95487
20828
15150
63925
78195
90825
93605
51904
26628
69466
4325
62787
76063
93594
29366
73895
11118
82267
64192
71892
36418
53743
20892
95008
31027
9031
2792
25810
33118
28709
82740
64498
40589
10527
38778
62799
61237
44851
7595
15052
74617
61121
7235
25448
28459
20266
67390
54344
39123
15363
90245
19523
76936
34262
39329
86858
34363
63637
66928
35635
71795
11547
17556
81377
6738
68001
10408
80369
40343
35514
57039
62946
77181
172
73285
99138
35553
70443
20983
76114
34017
60180
91982
96437
37535
2403
97222
1594
90916
51665
31997
74307
97314
28109
93414
81202
26834
57014
89981
61839
83484
64754
83638
88696
58613
5134
32686
25190
22371
56915
22883
41399
13051
66081
2175
91710
90955
16075
95599
26147
85588
22958
91635
54424
93199
96143
22318
97657
3153
92784
46844
14047
89257
42575
86819
81345
50278
99900
19011
25991
74869
88436
1799
40813
13159
31742
46781
95953
26130
33858
70786
85337
8174
85857
4694
20963
50528
31989
11887
2283
51059
84070
6922
93874
99106
33637
2940
95889
16370
10665
95846
96891
55932
51427
56455
97319
78536
63200
1771
21058
53077
85564
21217
85648
80662
10621
14699
3099
21686
44883
88399
36282
96732
35401
3722
18367
99529
56104
64227
68221
1854
4073
22749
29779
79515
61461
93895
63194
54915
46619
57422
76071
37883
62188
52210
9437
63152
57559
63157
35890
15768
51836
20400
80732
72624
14831
91360
69176
72453
29292
46589
47639
13583
64369
18667
75590
50167
53404
43050
59000
87066
55585
64584
95730
52965
63944
44023
63026
78336
610
71256
91805
68615
36678
4854
96324
34227
14540
61424
20594
17336
10052
46222
39701
92775
24340
46421
89414
62580
86637
30677
54903
24882
38536
24895
59736
8378
387
56116
24293
83786
24690
48121
65776
90986
96963
55751
17862
74569
75058
70911
10977
39686
6886
12378
32042
2444
89990
80190
49128
50165
90812
67148
8457
30799
95428
26486
79148
65691
97680
23887
25897
26322
36732
83803
86430
69346
16808
35109
32759
76375
55192
59535
21400
94965
33732
57988
97834
71584
82524
10410
20160
42718
12220
94611
75556
63093
63464
90930
75395
45487
10788
18634
87058
78780
1427
19778
15452
13974
9354
90229
67113
45599
63663
8935
48652
96998
45267
59153
67753
72553
41354
97085
46593
73109
80579
94061
65275
60520
8424
18518
75473
90391
37140
72970
70292
60748
88779
53235
20285
12520
39867
47803
53906
15334
20109
58536
32624
31
40808
36261
10395
6154
29954
27804
4768
60347
11012
91264
49634
19180
12473
40998
67049
85242
59122
83923
30084
88870
79065
67920
36854
43452
14704
81563
25124
82032
77798
83448
81818
10692
33365
52900
48501
85318
49915
91466
97680
25334
28338
15918
15374
21670
63790
90886
67872
29018
66035
95945
4756
78414
32433
18911
40219
62263
99965
4088
87893
12097
26637
56058
51355
91832
74735
47346
16329
91907
25126
56715
81062
64746
6434
30748
39825
7512
93628
12827
24266
38747
6763
98095
20410
76296
63077
91108
85120
49436
95318
62968
40888
62558
57910
57074
17226
28992
23722
18322
38381
66692
45113
31491
12022
92186
82729
97485
59745
95879
17078
5992
56634
32226
21902
82890
34281
43481
63596
93409
41880
12944
13614
64893
5570
90345
21877
88516
6809
54143
74170
39561
98324
41644
78504
10935
96659
21131
69529
92647
58577
84184
84784
26769
99461
42707
39312
53918
90165
36131
82967
97692
31127
19799
19451
51276
99589
92008
54656
97781
40093
17594
42482
95931
9138
34337
27397
73706
78482
64192
58727
13036
19637
13421
40255
71546
55615
18065
51012
25935
17042
85195
20124
95224
24947
33076
8112
69096
10551
48381
57704
7432
59881
98932
27528
84844
95483
19238
86470
68544
38375
23230
5095
80097
79489
94924
6358
36136
79739
95328
672
42913
68692
76629
23983
61402
77662
41516
56032
44215
24522
99693
83075
56066
41875
15186
86639
84511
59043
30303
61215
78174
71846
83209
35661
1290
10761
69271
89993
40830
90414
79814
54327
37623
92047
46406
88930
25349
21165
98370
64481
98971
5844
92925
22212
41125
40908
71799
78330
7609
19615
87632
19843
58983
28770
42179
23213
79370
41634
26611
1485
30208
13292
15972
47100
92822
3832
56032
76908
29597
79187
83642
25701
88601
872
75951
64032
11159
68011
74344
41247
54494
92002
57308
91751
59935
10287
79603
69531
27751
21118
10085
77686
71283
2056
28256
65988
42082
10402
55817
350
27334
89509
10169
29441
180
74778
45705
25738
41788
56450
32105
21584
17234
73247
49769
97757
80778
13731
29979
99914
21187
37363
62415
99671
44634
39415
22878
4868
92351
21409
72035
95246
37028
83479
2147
10185
52146
70399
12301
85622
57334
36582
9821
85794
34137
29196
53242
45148
11373
18352
41983
67440
97827
96212
8439
14148
33881
19693
23105
41102
84272
21129
69267
28016
1916
69692
68443
67473
89045
20265
33537
55897
74539
87114
232
1897
95094
25981
56659
68949
26667
68139
61156
6879
14826
56565
93376
69585
89908
89437
67342
727
55995
70094
3934
86839
39569
76873
48358
61517
47938
46094
96168
4679
73694
27875
48559
2297
81070
11780
3864
54366
46440
28135
96206
9037
91806
40458
9869
70516
28016
73404
24392
77939
30274
44260
49222
75991
61736
19154
66631
30961
30717
42273
36741
21778
57267
19813
61302
742
36165
25270
22829
60171
97865
23385
10752
81228
2209
83592
64420
61022
34416
91261
20564
77750
88713
39072
96753
61924
69795
16778
31971
34993
17258
83286
41918
15409
19599
77571
85216
56196
75711
5288
38998
33935
81201
33141
65982
77233
56280
60577
30696
81125
1880
92373
310
78356
34710
80245
47874
69523
53192
92038
22814
19488
20972
47841
88342
1749
22325
85522
5202
76391
43295
78125
25271
15646
18180
398
86862
13392
15591
83339
60476
32220
43917
30360
66000
16672
59883
12023
45212
17528
12539
18746
71323
23860
95880
50582
94704
60020
29929
26374
8591
48162
69227
93209
5301
63980
52582
31289
28305
39709
30001
76121
79590
31768
39986
24922
2185
11824
66510
10394
12101
16710
85694
67065
65438
93695
73506
21321
13362
62177
32783
33362
88475
76651
61573
5600
60722
21903
71868
93450
85037
75084
24412
89055
77961
97164
71819
61550
77091
60854
60736
59314
66848
76401
84055
30808
65516
17751
34942
77391
52383
4593
50444
69483
13436
34932
529
90518
22515
6808
24393
36948
15878
86865
91594
37393
48169
33324
76316
78505
46850
3208
50856
64467
24752
57422
46281
51979
40904
90862
43552
10811
69851
45175
85955
61125
99827
53331
47125
17263
53724
3517
12401
12300
28063
81696
67520
13891
69066
31213
73194
93566
18731
12152
67305
50161
46043
80528
51288
78725
35576
79193
96491
50336
29418
75176
44057
64403
19655
55642
20659
28128
45233
16401
13304
14821
77885
89740
12769
61450
23440
71970
90968
48866
51682
85787
85830
26465
84132
17739
52457
53243
22877
31532
22404
38325
97296
98327
36880
31178
45593
65854
76017
54684
88439
24361
91203
7829
45828
45739
9139
47832
89662
9280
36874
79145
83178
97701
41572
70294
48975
20948
18271
82145
3805
9275
46991
17067
18737
93720
82478
75070
60528
12723
17009
8246
44624
29528
54933
19342
95318
61551
80568
73603
71162
90042
79589
67271
40552
98154
28071
96868
87103
49759
26878
87722
61692
27866
70160
78999
32177
53312
27318
73634
91662
72141
5815
75012
91233
74226
90003
72356
56922
97422
94677
92830
16231
51396
8587
88591
98751
91262
52594
75935
42170
5790
19915
41675
11357
573
94698
26382
97460
19522
10669
1355
90903
72768
12233
81594
30255
49772
37055
68492
79794
57434
6862
3485
39177
76179
26435
22422
4339
30005
98411
72955
34051
11495
57417
12439
70085
95607
52066
62146
63614
79219
18357
96909
39824
90400
91721
70890
38908
28250
42335
7098
39394
47208
15815
85204
19236
88251
81230
41679
76746
3587
35828
18701
32926
66510
17532
29572
90359
26398
43228
39273
81523
77926
31252
32315
68189
38305
83132
26346
88110
98702
23862
90434
97999
61452
45251
68376
31645
24494
99282
65871
81413
58972
94898
18279
37455
81222
62728
59843
63480
6149
62140
59574
25335
37583
10286
14474
78817
97238
73606
93964
64871
93599
7721
13367
5117
97274
8135
56251
40118
13987
25233
8586
92779
63827
21481
25055
46042
84099
67154
2283
70475
86495
34278
78173
38638
78179
10789
19405
36960
90485
97611
67174
95181
88894
14651
41038
97871
11814
7799
25555
72436
81003
62418
57523
94557
56478
56604
52104
66787
11898
12380
76686
85653
91265
52285
93875
25852
93877
17023
29946
67903
14928
33966
51211
58242
25185
400
36442
61417
27652
74391
96467
71899
26268
4310
47135
8226
84431
86609
13974
87822
2558
7821
49313
60153
70816
12198
61578
52037
65722
55071
2371
82594
86333
42676
79663
99308
2459
77196
92337
71088
11463
5514
48399
19311
60969
64323
14754
55036
64507
49290
93405
49855
5572
66950
33816
76380
16878
63141
3160
33197
47077
60522
72956
29740
69582
26785
2982
31981
97825
7220
64004
43624
85989
23958
23387
10708
4551
98588
63791
62575
82487
8940
67281
82874
96927
37133
80294
64193
63392
73950
46063
40665
65514
89922
24282
92289
43256
5113
67525
24651
38598
62731
89994
55668
13361
41501
71499
87375
53513
43429
97851
74048
61525
72922
43079
43171
75043
89029
23231
38925
98794
78676
40229
94091
50270
54317
58769
94023
111
26368
82910
60041
14719
89013
11829
69465
29982
86980
71284
94562
42916
94883
25434
51154
55626
26202
38194
63583
79525
57714
82969
35748
15232
8204
70029
99336
8852
96559
33845
50527
10823
23065
59783
60650
32063
15734
67226
25818
71009
93262
6696
70482
15371
4793
35551
77802
62826
72814
35173
56880
25496
8793
76998
96681
34645
98858
95484
95093
63809
39754
569
62992
60116
14377
39667
54612
3194
91251
64044
62492
91662
13889
51773
14948
84626
33419
78527
26604
26952
48123
14422
46843
58865
10941
84795
4896
71775
38066
19300
93460
18520
32324
91314
23675
13450
24884
60630
74730
11717
14383
95040
16226
49210
64031
97318
22874
33678
85917
1358
7963
28282
87077
77272
85188
43523
60482
22475
71662
75921
52424
54267
9130
52334
60416
41715
47847
19612
88734
31396
79696
32307
54542
650
81009
12599
78541
67095
62841
64082
90868
70015
83835
79123
75823
33952
65360
87714
83468
36395
88823
5854
34703
12691
6428
28373
75170
45329
99158
64000
55242
6674
10377
75289
36629
87038
53740
34650
55951
59685
6054
59667
58899
13607
62194
22758
83231
94496
71233
18691
55200
92111
48382
87259
11372
12546
94700
12452
72879
77152
59724
55912
41533
91058
68283
50410
65223
12303
50616
66358
5096
12546
47523
34148
52543
73722
37921
41097
37399
8206
4444
96537
64545
47691
27624
52381
50947
25787
27104
41132
69866
47955
9998
15594
90395
91322
92617
57050
95304
91473
76313
35649
63230
60932
28598
80569
19834
71851
3726
96494
98428
93469
13926
74393
93811
87794
10520
93014
78264
57842
67866
27940
81207
45727
53343
31768
7880
80925
12343
77278
9564
36954
51314
51886
29331
98877
86305
98983
53610
36719
34525
31338
14545
45056
73249
50678
94363
62232
54546
15835
94991
69276
6336
91677
79707
73336
83108
82439
71528
63855
98729
11689
9544
86940
37319
3760
54444
36931
85802
29729
16434
13210
43729
38289
50588
82734
23699
65828
63324
81523
30268
76480
9835
61323
28820
39245
38585
91538
27105
44427
3870
99748
54531
83504
97007
49163
8221
23197
81804
45609
30580
48604
74871
47551
65839
35448
72799
62872
83390
41976
79546
69749
4440
65017
71217
70901
84380
13959
74549
23616
38361
33464
12783
95632
56489
87334
99957
50845
82680
38855
91161
28292
72130
82091
30203
74227
58106
97713
69503
94899
71176
83493
91609
72530
79530
86522
11525
65965
41115
89568
89043
98070
8560
96546
895
9896
69055
73503
74431
87620
20507
10115
76533
12550
30074
68130
44036
8073
77559
7536
44448
89940
96595
53184
83326
22304
44055
96823
77482
61030
89236
9643
42584
38474
29643
22269
41842
86398
91305
38672
18224
62324
64298
70790
99237
21861
97279
38838
43990
7287
62634
12811
82501
30637
84741
94876
71148
78833
28386
78627
70214
36823
81805
38077
29159
7726
45390
85181
70859
4584
78859
41325
7564
20867
10282
87906
85037
339
35316
30522
6035
8910
73813
89685
16948
36692
10560
76941
66503
37721
22320
7412
56955
80081
56841
7785
67364
12055
67516
38934
98831
90553
29801
88968
49495
96195
59007
24556
82096
14086
24095
99299
577
66053
36991
57793
89263
89948
90090
55176
35444
52526
47172
77820
57870
9257
80748
78627
57011
65080
49050
30875
2307
44133
29255
79127
86134
49352
93356
39832
32244
58385
69123
80356
98819
26766
31370
55141
92251
86009
97478
52832
35798
6626
7875
81457
69923
5908
71225
77184
83289
42438
69387
63554
55208
47040
57962
17710
2060
51336
56534
23641
99259
8808
42820
36465
77469
12766
92666
12563
5660
92576
51511
41770
75537
64105
30417
14373
36925
95493
61622
29395
75705
61877
62164
26717
87461
30431
45044
21984
98045
45685
69952
52261
63306
92640
3590
68383
81844
58056
99220
4193
82453
23619
82659
28185
59337
88633
81169
19597
85570
3055
24646
42352
27159
39448
23992
94465
34364
47444
31946
49985
621
68227
20271
64303
70501
22443
48940
94369
70955
96450
71516
17633
27563
65560
67725
4866
92835
57699
6151
75709
91284
41961
39405
9772
67800
36580
60348
41954
12883
17717
96912
16422
74465
14856
2694
51754
64975
15359
58940
60780
4646
41693
52725
12712
43650
4818
75833
22488
73186
44862
64760
20457
62903
91972
34159
70395
33599
34188
48803
27252
55979
42293
94411
84066
66844
66453
33418
95340
79853
41838
61145
38131
80010
2032
4548
69130
2046
89125
71339
78383
55562
79100
19912
2181
38929
77685
21456
4527
73360
95782
24946
94635
22923
28872
381
74345
24067
27265
67391
76583
23299
94702
69511
64587
26202
34541
51372
71739
48003
8453
22406
60828
5951
41362
6298
869
35301
89137
43572
14335
48559
10436
98221
22907
83990
32738
43499
55312
21752
55006
85224
34192
72533
69394
41002
42214
13946
3081
54193
50127
49364
93350
84752
72434
60710
70932
2227
46204
4758
80746
10335
15228
6209
55578
74103
47992
33967
42615
22138
97867
52641
37121
38249
19163
35879
46319
75366
95131
58030
25079
34745
26906
75766
96412
43884
80133
59842
7093
16054
17824
98665
18102
79957
56284
62793
90590
93620
79606
76283
67740
41932
7468
75393
9726
75303
86653
49820
22743
99903
539
85435
20044
62085
65583
41389
94940
94142
24138
15959
26154
25256
93508
91362
66600
64954
68115
57451
53857
91785
8552
72414
17027
6343
93289
55517
55400
96837
24935
29625
8416
30106
45181
59972
50684
5756
10788
27293
74841
14602
55380
60746
79174
77260
14171
54148
26036
99314
92595
69068
74298
7962
42692
92732
46754
76877
80150
85528
9076
7113
4784
89570
72636
13401
89266
92685
96570
2335
31851
16362
3015
45300
50168
41566
92351
97639
47738
10037
96367
96161
5459
18959
84443
82442
97052
83576
34924
4548
54118
28054
11957
26420
27563
47547
73281
50657
57712
90522
36763
52085
89562
58775
62746
27616
47657
46519
51750
90876
33333
5431
67403
17612
53444
70168
66233
54013
67334
86711
56853
10862
71021
40059
4352
52332
99404
68456
33506
51734
51434
88880
83219
1952
71683
31849
46758
44978
88444
12346
48818
46608
75297
27983
25214
84181
51612
12363
32968
78328
21076
91357
69202
43825
31328
18124
35721
79093
69510
90092
38771
50556
55125
60786
72213
69348
69883
1476
78687
78671
53956
93481
30357
9511
21296
75968
64218
63681
11567
26989
23835
94431
37627
36718
98997
16176
66994
75788
95396
51570
23471
6060
43177
35992
50628
4293
6550
70534
27318
21324
90330
80313
76149
50442
54564
1828
17303
55600
1525
83316
97136
21665
20135
99509
20495
32621
53684
82158
11032
60191
25924
77352
13657
45644
65302
29676
21132
10283
39434
91657
72904
55652
98377
57557
80708
79233
22610
25899
85033
48097
80610
3027
27315
26603
41375
69919
3780
30656
87105
83953
97285
98889
93566
87866
24506
12592
44304
10461
32032
41194
92772
46162
13669
21649
84098
61991
65956
92784
81684
53921
7068
86456
6166
97568
55725
13104
79416
21248
83822
60585
39346
51100
91981
85967
39525
41293
40292
71803
50922
34864
2612
53669
66201
91205
30145
69847
86968
90259
2698
49085
50750
81354
85379
54809
6659
81600
15569
53939
92358
2077
43041
71981
79674
2290
71845
98324
71982
94628
69804
74802
40504
73319
17917
54145
96893
81381
75120
71482
72319
52798
13161
42027
72484
82025
7537
26407
77119
27160
73811
42296
74845
92185
33584
86415
74285
52985
35872
2204
71565
81060
65958
2297
13774
56903
51566
45536
46563
65111
82981
7454
45643
72138
43829
73535
16857
12418
2684
27976
94908
75082
99912
18019
69872
97977
71409
56757
71616
21620
27187
57196
21269
21904
58918
78228
35968
58101
75932
4969
896
32798
27702
47878
37137
34364
15491
41244
31025
50362
21526
91742
23280
36924
62019
50521
87828
58017
51799
6209
34469
78119
6801
73991
84411
47629
31328
35494
43587
98387
68794
38141
67240
60478
5877
51479
69380
68249
79750
38278
6274
66549
73397
48302
65902
41776
86777
16413
87164
42003
13685
87032
51346
7350
22990
6097
39731
35198
56104
67637
64233
38919
40060
99329
66478
70652
25016
71925
78903
28483
25715
68577
5726
95862
87339
45532
9162
75468
30237
62739
25821
41622
23520
86302
45530
78405
28799
28014
62641
36264
45521
83139
5832
98035
53079
86138
4935
37660
78513
14820
2656
71999
23965
8913
96538
8834
79309
68075
70169
95474
45092
52352
94411
76844
40652
38775
48913
32600
29751
29123
81864
39919
93681
29333
89747
53757
69790
16235
9639
44833
76821
54471
69298
89330
51512
35515
90025
33852
12591
72192
75917
87272
93600
58406
50969
39385
36846
64774
55339
91763
65227
28627
84108
77238
83098
35278
55166
38504
70342
46137
92673
18896
83544
1315
4450
63646
90521
97378
18976
28553
9605
19295
86524
177
5896
8299
70172
37154
95416
35312
87740
87130
83566
73506
90355
23905
64546
75188
9277
84215
31138
55623
11594
34380
22190
43580
8066
32009
24371
56075
10323
69260
62595
39308
82329
55440
16685
78611
63304
92203
84639
43993
63033
6641
36372
22933
65711
81109
70203
81641
63172
28880
28294
41497
26229
9754
89739
57846
13063
76181
89243
68472
23925
4074
8284
45547
42231
68427
32870
53952
29040
88727
6998
89797
5396
79196
64658
64751
68180
3574
32762
83122
78952
87926
46695
7795
51544
73566
6275
93845
16070
99304
57636
88783
21307
27782
36006
28479
71437
6565
26724
87768
5801
9163
57299
84887
2595
30143
89723
5844
61816
54919
37843
20275
55388
88908
52824
34521
39588
40539
38730
60860
69298
13893
61059
97172
35097
51237
94388
68302
69484
65153
80125
10687
73159
36682
58505
69524
98105
53598
44932
7144
54317
77453
33306
73904
73844
69176
67534
75536
75760
24981
27987
6608
33855
66639
59114
45801
1122
92555
11385
73562
521
95301
66916
73527
38461
62137
69963
90368
9930
92477
26688
59824
15367
5643
51747
86156
82756
55069
55420
67675
34958
78609
88212
93941
6753
25484
592
49684
23915
46427
51242
9671
16441
13236
55502
86918
23456
6459
42543
14815
99690
66176
41028
8015
19420
79558
77314
26156
40480
20447
48726
36319
88531
14738
60479
24751
74764
50655
12710
76728
4872
9849
97372
33339
33199
81874
84174
15695
34244
83989
44263
59669
17454
56908
14690
94473
83678
14561
7467
18004
49532
41218
67729
10302
34642
27965
73225
92513
47637
80811
82370
825
54764
67722
55809
51480
29182
71875
36537
82486
12988
61130
85672
59621
16968
45571
87345
36418
83361
7457
8113
27688
65548
265
63072
55294
14017
31030
38759
47441
79791
86806
65560
70492
1612
51218
21070
53347
78524
78603
7906
95264
62269
6879
79239
28052
95694
51562
86530
58911
13114
15241
65578
79659
93861
68250
83512
8963
50993
17984
56587
77697
55021
20419
7003
22308
33851
57908
58807
65248
71869
18573
57341
65840
78235
73271
98486
26822
52403
9541
79980
21923
20029
35710
97352
15970
33754
34808
85740
89327
10777
31968
71050
32150
12517
32598
86079
62741
86031
10068
36400
14963
6675
32751
63231
37866
9225
16759
91274
62975
55115
17433
47136
92371
39422
44323
92384
1426
71967
33863
18673
90440
81995
59289
50232
95667
1290
72211
54745
58292
47226
74744
37645
47679
15924
34740
17339
3890
57788
16802
39991
57955
44842
33960
58868
89713
65744
83869
28391
87644
74824
35691
31577
60049
42748
6096
53769
53118
57681
68766
91036
79556
91856
21985
88897
55401
64466
49472
6054
64621
20744
33501
59536
80213
80484
248
96507
27459
40712
10384
35055
25031
15145
16744
76795
55790
21151
41608
56528
58745
62220
93754
55260
4553
67814
95797
54850
90581
85667
96792
77267
30078
43712
31628
42219
64794
35886
10955
58954
48364
98586
39039
16013
80821
44951
10690
65224
46884
68297
52869
73763
26953
88753
26093
63662
4903
8880
21368
80354
91335
49210
32830
63638
77417
79097
25458
75035
30902
7227
74886
10996
98929
8537
84654
69557
72332
39428
71806
36535
8822
94894
66061
64149
75634
61842
79834
15718
95043
674
10541
83639
25475
72971
36279
24196
50643
89351
73651
18323
35500
3390
59726
85102
35957
6874
98402
47995
42766
15622
39710
63897
1928
36673
34050
30521
61975
59269
48549
55255
47936
23727
85337
26387
97068
31466
66919
9616
84287
22877
45876
25993
92194
64909
42597
42667
5116
44592
48191
68563
97503
9808
43495
40740
55487
16183
82952
82148
17981
22813
13875
34261
20994
99148
83360
40875
69927
90124
89170
43951
19921
67920
53945
92527
77082
65883
26513
5087
66026
8432
49960
46640
86725
29590
27325
18379
70333
18884
81540
63883
78472
12238
74502
94164
17677
78700
48549
46548
37272
54372
82364
80980
93805
97331
40229
90618
63417
93533
82773
7807
91236
57262
22530
42152
46626
26316
50020
42019
27017
94556
49529
26720
76092
4045
17315
84393
24710
35588
36524
40000
61155
77253
65098
27955
37496
54843
46941
2878
47011
10725
4532
80798
95373
11838
58768
52173
19675
15174
20577
88575
12420
11378
56012
1720
63389
62348
27214
96520
1328
36136
72570
78180
3339
49157
93726
43969
47701
99516
24452
29711
14907
63433
41044
11761
3593
81907
7735
45653
86292
11833
7670
84628
2899
98842
75008
29799
16366
9249
40971
53923
62383
92044
5970
63923
78774
62423
3869
36529
34504
95466
55071
38433
4807
89404
73880
55882
99260
77505
20314
77042
39089
84055
52392
95381
47643
43338
45626
45825
99701
98143
54238
82449
95240
46371
2521
77539
86054
74416
44299
1944
8022
5048
99505
4904
58697
17041
39235
28320
47403
21118
89469
78521
70421
89046
5916
73622
92192
41748
72990
18586
29780
986
58123
71171
21470
21858
82451
59783
71167
45474
37485
47561
43425
29211
58783
49240
99942
20222
46939
43237
79161
67932
4934
45598
35205
3753
52148
67116
36772
54892
84719
61413
64815
4166
8791
46863
92341
86620
78275
57234
39303
91682
16165
88633
64272
2246
6028
62149
55521
28727
88931
973
66474
37648
67927
68597
94341
79268
22613
82218
32909
2631
79122
65976
96556
98199
63108
20328
43569
33126
90893
70010
67232
81701
53881
45275
58916
15470
72061
92642
99840
76366
1055
21772
45187
38029
54900
57522
31513
53596
12676
91461
16734
11641
76106
21190
65293
90498
30967
66563
71287
21716
14679
61873
27280
44638
84107
64995
78755
46247
13429
91781
61925
55673
75955
29527
8263
87432
90370
45513
3429
86627
91875
13712
29627
52022
78043
10018
76471
83033
73525
23955
14442
8473
75266
3501
30105
91169
68065
27077
85904
48645
1561
36032
86901
44874
14818
14786
16602
58005
36068
36622
77900
55375
28184
36415
8265
59281
67947
69377
60718
54834
70944
78253
42062
50218
72820
14624
95423
11106
189
88887
35535
379
14476
72072
44500
6839
48466
29536
45376
54343
38239
99477
89011
4114
93797
65127
12939
48927
32059
80760
82646
74784
36062
16516
63304
63035
36113
22975
43432
51510
27685
99562
38468
76797
60307
26738
59141
25715
42566
12197
29726
94579
9495
68785
98366
38434
50256
93115
8933
96308
36113
91257
25778
53847
79313
29357
60603
23327
82076
18334
10390
89487
73147
37396
60308
15745
25394
85584
1518
1074
94210
95334
33399
8685
34223
12856
87889
6898
96860
16496
51579
76355
29777
28825
79080
76651
37823
86938
78315
89707
88058
76209
5038
98115
75045
12712
31650
74873
85004
36599
87281
63401
92490
41686
96623
93929
8555
41660
93295
77559
34892
38617
8018
19521
991
35372
14074
90737
53866
95970
32572
83763
67662
9324
54580
43524
62086
16443
29427
30778
54982
20891
86291
45194
54082
15753
90571
49178
54832
11730
20061
83843
40422
18090
35469
11266
42141
41254
30861
91515
70328
10326
29459
75306
24701
90626
24204
75112
78145
12192
54857
54231
24259
24624
89911
22475
24718
47220
52942
86484
36034
8078
79935
50827
91277
87832
6896
22201
51666
41243
94724
28415
22699
42796
2515
75557
81803
329
9817
79619
61212
43180
46058
25349
77351
65353
70627
82974
72019
64522
79196
19629
95652
88357
13721
5348
708
70582
31552
18267
45600
13790
25285
77808
99017
14104
76800
20344
50651
46356
71616
93735
18170
99026
70905
94040
81367
37852
99705
60953
56787
3904
43961
29942
64827
2153
50959
84737
3345
30841
6559
65083
39147
37989
8946
35234
98228
82925
83103
8406
74993
43414
91813
49769
22783
46470
7387
45795
12055
32315
26366
82351
84979
72265
78090
10982
9386
27246
68452
29398
49719
55988
8660
63278
52664
8546
63888
23465
52722
67903
84243
64308
53650
63588
69420
43358
27758
40061
435
94523
11658
17724
45814
78453
68951
85497
12370
37647
78742
58986
24061
4823
53082
92059
20768
98120
40491
11979
13890
21753
69414
12291
35168
74694
99809
80147
42968
38009
47181
91114
75429
852
4053
26513
96069
75293
32899
58725
5813
34278
45634
36752
87454
94872
12094
57763
65993
47165
76903
33522
43630
92679
404
77068
36906
79967
96675
31925
15695
6157
20319
20417
93589
48289
56155
8176
10958
67933
16891
73921
93431
63423
96787
39892
60587
71662
16614
78559
72690
24224
44784
96332
15638
97477
64895
27630
57014
73908
40348
64575
8659
21520
80392
36503
82279
44855
45665
31339
34614
54119
70372
32127
67645
99117
47116
84265
98919
20364
98552
68164
50751
28518
54379
9389
37919
92617
84333
12478
29415
24121
13647
25093
49033
93622
21068
44832
56256
84458
46155
87479
92129
3761
13440
50357
11882
71781
88498
26629
20472
56965
47575
95525
80692
97442
59100
33225
87565
47558
52449
70063
88033
36897
27041
69691
20916
31601
66031
35375
44644
48205
31067
81480
54419
53198
36660
43095
36995
61147
47624
442
64672
53775
22823
31927
63030
31817
36006
39892
21508
11056
85823
62230
8744
6433
26997
86581
49434
86679
54517
64632
30869
83701
13304
18162
12079
51634
66757
62936
17034
80930
58291
6685
57283
54109
13132
85453
65992
41103
34414
3330
10567
47707
9355
1222
72545
8460
87792
35878
189
72954
80866
68879
27257
89685
3716
10248
74267
85202
9205
11372
11493
42351
61015
74466
8775
96612
75018
46395
80687
44743
48919
4103
26043
57628
2121
86932
69743
47416
68853
37124
10114
97680
15450
88201
64467
13251
86947
2432
91033
65760
1994
76008
88791
9397
68023
91101
49583
96054
86469
54614
94733
7942
31622
78999
548
66373
49213
54067
90774
13431
6505
21089
48141
26476
95969
52570
48295
1457
19962
13101
89998
66514
64518
86975
68933
69418
53687
83746
51646
80937
80385
79729
87816
86400
96062
52293
72198
45164
86667
13207
90747
58269
5839
34867
12929
1410
16475
98837
64026
32819
76845
75810
49053
6011
8591
46950
98226
91679
95868
23333
68601
74991
24643
35840
78403
21833
72932
30119
90468
5124
83191
69077
44385
32031
16044
21932
72996
44966
72300
13294
68270
19550
69119
51253
99756
44367
75399
18735
30594
3147
40810
45466
13187
31710
65453
45560
10627
11860
61275
72719
68932
87233
16869
47168
70924
22449
36675
8321
76600
4301
17177
41625
89994
6022
28692
69784
68637
27874
71060
17265
88121
1280
51652
75381
18722
16553
35588
38572
41387
79733
80520
84530
83304
75351
37721
85005
82113
5895
13049
82022
40514
12202
94500
20651
20911
37983
48082
93504
98261
96776
93528
24574
28188
2291
67918
6345
5080
71108
91308
13969
85855
71266
67054
62021
1909
4955
27127
26094
5826
82740
24209
58352
90310
86448
78898
97592
51555
29884
17850
96321
89848
57781
39865
45674
91726
91831
93902
96588
30634
10468
81449
39002
77667
51597
55282
10298
24974
13183
41219
84186
8885
6189
94608
40432
93991
47765
26535
87475
92937
50130
4978
59792
92937
68798
6746
50921
39827
60194
16261
52368
77628
55387
10624
44316
54812
74442
86872
84774
25529
17305
67489
73731
1150
99237
67546
82013
18218
10764
70312
97936
43877
55380
61150
54238
31086
90294
54974
93872
55119
76421
36058
33354
43634
8351
20115
88298
78445
73199
39075
67005
31832
48956
83605
76061
69631
97809
14898
96330
75987
91594
20023
44996
13115
77368
55617
21186
9193
46993
98059
33875
98791
94103
42574
89423
33743
70083
93703
19800
75514
73582
28407
67474
93168
20572
45796
10140
24702
61893
61436
32715
44070
55873
45785
54466
85200
75119
19744
20943
42399
23491
91268
32260
97790
96074
5352
88945
6008
28891
66721
75387
14311
24347
51641
11611
56357
29357
44848
66069
16574
82036
61789
99251
59335
16038
28051
50558
8455
70512
68958
85273
62835
53856
75565
2330
5912
39987
73417
78501
35857
43291
92739
56710
5721
36972
4045
34507
23738
56963
26270
65180
41860
88435
41049
36824
82937
36270
27367
15661
10373
2061
1792
82387
49835
96092
23913
2118
60474
89957
58136
66783
33758
64759
11603
78894
2803
8819
80214
60757
72821
28722
61715
30052
53107
69846
55315
6508
27041
70476
4379
37314
16844
45691
41738
21619
72585
31404
24222
46366
12871
83669
90551
74515
79971
15396
60627
97158
75129
6212
23224
76655
90104
99407
82673
97473
27599
62385
83184
28356
33059
7860
74033
24466
68002
49965
90783
19467
3410
82914
31951
28566
89315
3799
80586
72084
34563
78676
38089
88098
16048
43572
21785
52907
50216
63949
29
10503
41020
31799
35283
47989
10531
33306
77327
14704
52363
76664
42115
72625
78090
10132
10304
43968
58162
81118
65206
3320
7907
75933
73399
9207
75643
28119
53818
10654
27464
12928
53180
66059
94718
74684
78400
23761
47652
97235
38199
63345
4873
52048
90043
26967
77748
39221
21845
8211
76473
54751
76671
13330
91975
54034
16867
13048
41086
80513
98178
3420
97982
13020
77712
47265
18906
47766
81437
58093
45964
65681
56207
9032
41506
90760
77066
35282
74134
83481
58642
7712
10459
64110
83400
26005
6835
93383
56271
72378
42685
88357
72658
42362
63596
32213
35359
56604
78515
67063
21227
98429
61277
81738
95033
21193
88569
83254
9238
76374
78226
3413
56539
14877
86108
79742
47157
62070
33098
79952
65601
12752
11101
19288
25681
41226
46167
71743
46155
33840
36750
64051
93841
98709
36060
21680
79739
89417
15858
52075
75968
15735
86829
53211
82548
478
79105
67748
74859
23146
81585
10209
15196
68654
38241
99630
3328
98944
36355
95631
33818
62162
41421
50080
40465
52360
36172
95161
71608
96571
50066
38974
34350
76649
67082
52385
4481
43542
2221
91220
33870
30819
99884
94671
99587
65353
42157
21818
86406
38418
65684
97752
22382
55317
14262
52240
73103
83916
48243
43865
98899
99251
71900
48289
67108
85567
18831
94746
68294
40313
64708
79841
61921
918
28703
12589
55676
9812
37510
79025
55685
33875
47501
33805
46061
51213
83149
39255
84048
79443
46803
31394
68978
41030
97236
48200
21413
60623
95038
11450
24967
8828
47402
52864
40521
5495
29710
79726
2378
87204
55311
83270
56097
90646
24883
41764
94010
51919
50004
6251
89751
10195
20177
31625
16216
58568
38207
82985
37686
43596
81820
60725
63208
43506
96996
59301
46633
51770
32348
52808
70609
2956
55660
92494
74655
84593
54730
76273
84664
22958
68913
45758
5641
74942
35313
8291
67753
69579
50207
92182
59258
5833
85581
16927
77230
98063
5205
7971
86085
50675
66606
94223
67317
93920
4225
37469
68259
68406
49750
66118
76877
35231
39783
28548
40874
90250
63254
78563
26793
2725
44378
71587
15670
64923
99893
71820
3867
69384
74401
60047
1475
67765
47464
26229
84569
54261
76307
57671
70640
86619
36506
120
39548
84469
32346
88947
56733
95657
37893
15036
6460
27594
80340
44934
70477
60855
41111
51537
31252
9712
80716
31581
49221
81974
98126
10831
8099
79518
73701
20639
32842
92082
7835
19740
45481
89797
93007
18077
61318
41392
28195
99012
15781
75661
46415
40913
40804
88207
34808
78465
76829
37916
78331
91232
98287
92137
88451
68210
18070
41744
69147
99354
75542
38448
40382
43877
7383
80513
61897
12534
586
41939
80177
81359
12586
28642
1873
82776
66942
26200
85404
99759
443
31903
64753
33389
65350
80417
79469
57297
76726
17406
98170
34987
9496
23177
41092
29319
99724
33056
41964
63699
71213
10246
34006
90895
8526
79582
4765
99633
53696
71942
63911
93489
55952
50926
21875
15672
73517
92691
52270
40192
39079
60829
43908
6727
33235
90193
6004
14326
28395
45235
10973
20712
27922
10620
63668
52250
90069
95924
70968
99374
8941
71533
78876
57755
94274
57276
1667
51700
94665
90292
41099
96147
50477
32288
85696
36034
33484
48476
58928
16102
84344
42417
85535
8553
12638
37547
73521
69474
42563
40857
33284
30595
41354
72609
47201
28383
88595
84221
36711
53782
33565
36950
16231
84798
85452
71643
58863
48911
95526
68542
6206
60460
59479
73803
44406
3433
12692
51558
19311
31709
73916
90976
68231
73445
35227
23797
51928
79602
76424
68742
46306
98161
44686
73454
89288
40725
55208
75683
94647
39907
81702
29450
31104
98074
99372
71479
54758
67069
22617
6432
2419
55678
8645
17885
2757
35816
2691
28319
79782
67753
91110
83338
32825
21946
76320
58320
2928
2797
58277
37355
34843
92242
5391
39926
93594
3878
67291
83208
39476
81656
36880
29679
68448
64697
77760
13285
55936
60224
96678
11793
29326
45399
10191
28861
40943
42597
45494
67248
90148
74841
96040
23303
64927
34256
5830
44596
18834
95747
61384
53523
82019
65744
44318
49061
1051
86274
66450
94347
48030
54272
33993
44193
17110
31056
76873
13844
41704
27334
89269
5761
36200
84621
86131
29644
36391
53872
51118
91770
52650
87269
10487
42091
39607
56214
53510
21463
50921
89998
6655
38116
20610
82749
79120
94241
38080
51208
5622
74723
44872
66864
48704
96985
26463
61565
55179
25101
38360
11014
91116
64314
62343
92512
4844
75909
92084
1985
23629
54969
74475
58480
9195
43363
64305
81418
54494
50534
71153
21587
59004
17148
1524
66328
96507
843
64238
94557
27540
6975
62197
46408
91363
23017
51661
13928
90987
55124
99103
11235
20567
69759
11496
31291
9978
74300
86541
48797
78808
62533
73645
33446
8638
65494
71407
24209
28171
41098
74489
22945
97138
77173
97154
2792
31352
16827
70144
498
1528
41740
45819
41169
31366
17629
54211
32901
70225
62564
5148
45160
15425
30032
57335
46387
87519
33442
60413
77520
47732
80172
57380
27742
42474
47428
35364
24282
83823
67204
3939
5360
45335
52898
27724
6718
38529
73031
4383
57249
23474
76591
16546
67647
65182
45212
65972
656
22693
51830
75650
85897
35257
69091
51667
54150
75678
48223
75166
55572
76651
23128
62875
79096
87341
69737
56695
51903
67082
84625
56449
52676
47682
31023
69665
67191
51058
17757
18057
7056
77523
50277
83331
31024
90719
10628
56681
85231
2035
50554
50132
50088
84816
71979
96172
80733
3196
34486
59007
38248
26117
29167
68653
63488
62086
96218
1887
90596
16418
17958
20247
17959
39725
32548
66019
56856
75945
99459
2540
12300
46254
58698
72779
92458
54019
37425
22650
24403
23561
46780
9032
28557
88504
62388
92934
88234
18336
67908
60575
80793
96881
37485
27813
12425
4534
1926
49990
39638
67548
73620
95294
7409
54609
79330
38565
84656
21672
16829
73225
74543
36888
80911
22198
38689
99652
68438
9170
43671
34646
16832
88517
87788
73060
49893
75702
95114
36340
98560
17489
82365
40636
61227
55587
57971
33026
65431
42696
77260
71426
56613
78716
13219
14542
2308
32686
1049
8111
59143
3699
81914
87722
98530
94966
1294
80574
41633
56653
9311
23562
56005
52615
57282
63499
87548
39809
23588
59139
52892
91800
62514
48598
32539
8312
72357
96301
23182
66867
63368
6973
55484
64782
44103
65954
46879
23285
79606
99044
55382
37231
80091
62940
31369
73996
38233
6736
10043
65434
16666
81242
17189
79351
34520
61959
35253
64033
85255
45371
4578
30409
31907
80753
31466
9767
83602
29440
5770
4198
150
83898
23993
69952
20658
6254
91137
17444
48341
61453
33883
37107
25351
91209
46663
35851
21903
60889
44389
13275
88543
49306
15827
27605
15358
48624
45859
61889
43952
84106
31959
89294
71683
9859
82172
26979
88952
16324
5185
54452
79307
42982
33426
95152
11201
49718
46549
30167
7758
82546
22400
26409
94368
39503
58645
27066
588
9341
99868
55009
88115
42530
68763
70128
51824
73603
1492
97214
69057
69090
25403
62559
44271
65312
6994
62933
94459
87331
61508
76448
22055
43571
17082
50576
27487
7551
28509
74108
90722
86301
15369
59051
68017
49806
38089
61232
44466
91743
37717
88595
57601
1452
43589
46025
36884
70207
39505
34885
17834
55990
49031
59496
86735
98051
81927
59605
16238
89196
77150
71519
44244
88755
22717
98787
27132
65297
7094
50482
33341
39739
50515
8263
38476
85062
32051
10263
71119
61638
29217
94214
97888
41906
14738
309
49626
92836
21531
18105
66659
26940
10445
66760
27381
89508
89262
42381
92426
38350
71285
15259
13700
38970
2786
66173
97143
31412
63479
51980
43636
74778
71383
7738
71282
76026
69626
36299
72923
38170
22122
74531
90480
87666
54717
94970
65626
87955
86351
83276
33934
76395
28603
22318
11100
33792
81430
23867
6901
53690
29896
70380
64310
86782
58855
99461
75797
75092
146
12748
43207
24746
23496
19349
79787
73361
58434
13945
59479
69477
64339
77381
31933
57931
37243
58863
45465
47571
32322
99395
36506
12764
24503
26779
89194
43894
4997
81165
46332
80259
72815
38014
66833
57943
76072
70292
4743
84991
62321
38314
48383
3006
2576
53468
42569
83185
48105
65570
84142
65172
49436
82810
82586
3582
89914
59870
5284
46696
16261
18324
62043
89835
4484
29828
74286
52966
90304
6372
92568
48639
72158
87696
8071
33057
63608
48053
3784
24387
2746
66220
23888
27145
78166
9700
19625
54628
29285
14808
68663
53557
38011
47391
39270
9712
18085
96419
57074
67291
36610
79913
44051
78452
14459
50415
25027
95474
58848
29844
43468
79108
58785
50224
94547
15766
21862
61636
62171
71571
65579
78893
10808
24004
31771
79346
28433
30613
60263
6845
48177
22937
4963
26407
31306
16324
47678
90123
42726
58454
65629
97724
91435
4984
95283
17170
8010
3710
80798
6432
57189
44909
81984
29185
81915
12982
78552
58385
22129
4800
8253
28856
446
35236
64056
68737
16723
26610
38043
24585
48517
38225
73953
70194
26328
75747
94626
92503
12522
27302
45299
99898
8762
98039
26809
55897
44147
90578
95368
52160
16249
65940
53116
23255
75854
82369
82003
21116
71393
16642
74565
58060
48627
58246
51937
28218
13768
67689
40869
21570
92263
73330
17529
62007
14702
1205
64937
46776
38389
94394
59581
33634
540
19509
55863
73087
18228
44916
12041
52796
12839
14167
97744
22328
52998
46585
39057
53304
75661
2030
76334
67511
55924
6789
89316
78075
917
27756
46596
79971
97140
40082
15629
58012
69488
21639
98179
69331
16709
39008
88814
16900
42236
68695
36625
22257
62704
29648
59972
66159
50749
99478
72785
36570
86918
28547
85128
27177
55107
39806
69855
28828
16454
17375
87690
2354
9800
28494
87795
78583
69045
19498
42486
57274
70097
75173
74011
18940
67205
13132
47920
29764
55498
8933
97346
25488
98929
6641
22713
17351
36204
83505
11374
89641
24957
7780
60265
63783
10105
54222
74811
21967
57623
7541
70612
31392
86747
59941
85442
88444
80666
75699
23272
18427
1642
97439
42038
30908
4040
72082
40779
31671
70565
82887
34531
8749
42733
22374
62814
53089
30901
64843
6320
15904
86977
22790
78782
25755
92335
83355
28347
99894
33379
66217
14367
98424
14064
79688
46177
60739
35264
71947
46225
83005
22016
74150
49461
96109
4587
12201
38653
99746
45778
11529
10213
24109
83076
74592
46311
54639
55264
57515
15642
69164
87796
81009
49867
31231
3440
12548
18870
93063
14348
34144
42881
41279
15955
54864
32213
87276
58699
13232
3450
50447
93826
85357
66350
75226
59767
57800
77058
2271
57217
31609
41393
15556
11552
95632
60670
82675
59358
25367
17897
37006
43170
76884
79789
26016
37297
59147
97721
79278
44129
49471
2441
46348
68731
62393
88672
2379
26860
87457
91652
32017
74152
55881
78359
8545
5916
91114
53357
38329
30895
66245
63279
90203
22164
60652
15594
16675
31534
29529
31892
94775
76416
3323
75485
26524
86352
84722
29262
19429
63479
25520
4834
18855
74697
49695
3677
21288
74875
69313
42252
63189
56597
2323
92763
65522
57750
50283
18829
11917
97886
65728
24667
54700
48509
60456
18956
93796
7221
99100
11597
2795
18606
28216
44206
19941
67094
79039
67513
72315
49650
62748
54895
10987
38534
1443
15521
14392
82333
39669
33352
26785
18262
51874
31393
95536
3307
36393
24649
6761
50111
66139
49264
6210
78755
50846
21405
66577
36517
23661
59038
88448
88437
829
77898
81566
11029
538
7766
3024
45053
17392
46992
2341
43720
11589
86107
44135
88831
83267
13639
36076
47936
59828
63052
84812
93675
26054
61027
10606
78088
86350
91457
94267
64280
68680
8913
46132
71702
73628
59405
17950
650
80509
92633
69563
85930
27052
57596
40949
37837
56281
47163
92244
94734
84745
16212
66639
34585
30355
47380
92223
85685
6308
6389
19022
60878
56962
50872
31247
7197
19246
93435
24455
65303
85506
34263
27592
96943
31194
57368
66079
58985
94928
34330
72355
63900
21983
29852
33454
46914
91433
81828
45865
3743
51156
48239
46463
40172
38863
45043
60019
97567
29234
54611
3374
90713
16579
71005
25296
37611
84021
24996
99272
37990
84043
47670
27391
21278
56283
52985
1806
985
50989
54182
94800
71322
94786
68610
83985
85157
85266
62709
17446
33582
13454
68969
60919
5155
76612
40577
91767
38098
54752
49011
99092
35864
56655
37412
28362
93160
82815
8926
26002
2612
52003
44816
32855
74458
73843
57314
91049
28942
25327
68372
1866
76224
53028
74514
80390
18058
91719
8022
17312
57721
55391
95994
50632
58773
65983
68056
40424
27246
76945
32832
3198
38117
79662
57173
45795
27252
81001
99652
10570
62811
28876
59810
40836
47336
44089
22753
46912
15458
54835
39407
19857
24306
78230
28044
14151
12399
79104
24741
12191
59460
61875
50994
85942
91840
28595
26280
34297
10298
2281
27579
57688
61343
50570
45076
87448
15290
21010
14923
15944
96958
70282
73378
43596
5587
17481
44797
7669
60635
74358
3553
36529
55487
73867
328
25758
67259
40117
14270
29402
3266
7512
64444
29751
2895
12239
12703
50250
57098
946
47427
85634
3572
68208
30497
57525
58223
49563
77346
61558
15948
76772
22559
79395
43698
88859
26103
93371
31528
14840
29068
74989
78591
70360
29018
90027
74431
63327
24373
54558
50124
58812
71838
33075
9077
18122
20449
42834
45338
93746
77774
3311
72439
13582
38802
12857
90097
15849
65138
80912
43515
28002
11844
19061
83653
90575
69577
39929
39010
14109
82571
17239
27669
76406
96815
1565
62008
16060
87030
23557
78856
80497
24118
14307
48560
58713
11184
48855
60880
82487
11022
78882
92681
91220
82235
22997
73384
92959
69854
46724
54925
79726
2453
73018
91192
50882
8362
51782
94927
85321
98164
53396
64941
53020
39181
18646
9002
79113
91307
44448
63491
23915
13854
86036
1318
11317
3269
61394
27581
66926
35981
27057
70068
29685
27878
96011
57480
46566
11876
82194
51630
50837
93839
67808
6942
25559
57479
27629
63546
22881
76569
73210
7998
45576
78358
75786
55878
48391
87702
7152
406
62654
59080
71490
89962
64535
51668
7373
44219
73413
76176
97027
45163
45349
79067
86608
29677
23942
22393
47115
92244
89125
38380
71879
79670
54673
29227
32008
68956
38254
3938
76338
94857
27829
4133
4733
84548
83544
61778
74406
6852
88674
52162
23359
88472
36381
70988
67367
42992
33838
49687
7828
49451
57851
49113
47500
15518
34796
42128
39474
3069
61295
27132
87230
29161
86517
76376
21478
35926
28603
91699
1432
15736
79939
6031
46826
50218
37856
78421
76616
10298
47601
68403
78668
26900
85220
16884
47244
42985
87292
43834
58157
23196
79469
55290
31958
30026
89444
13972
92511
59443
17252
98669
92008
82697
34891
47243
10918
86996
91571
972
42680
72735
53428
64611
64600
30211
9798
98929
5068
37069
66757
39644
90524
31247
50541
35950
29631
3360
91941
9165
95502
78320
53816
27858
84666
93293
92446
36456
313
84363
15065
25987
30075
29267
86619
635
40379
96203
54981
61187
14577
57822
48682
82890
45284
78343
94099
43406
55580
62655
1403
53816
97814
60929
62362
55319
98353
59542
98848
37276
7910
37795
39479
79664
10004
56043
75978
20782
19801
23649
9700
47296
733
8174
60401
665
77767
71611
67522
48268
88563
85788
54316
13416
84124
24185
48719
31377
96691
58234
61492
15259
65777
62575
26384
92357
50537
28857
85030
32560
73366
79417
74504
10139
28468
33778
75005
61628
63243
31741
62910
72157
48550
80425
9947
12913
17826
50541
33371
39250
47458
6060
22176
15320
28991
58084
11081
34391
73948
72307
48369
41686
52535
34406
16724
20103
48508
79647
52210
71112
26740
92226
79372
32853
54362
75964
77388
94408
10766
71089
29761
52239
84547
40449
31847
35463
37843
68309
6629
67962
13618
59212
51888
27987
95103
40285
91021
19546
43607
74344
11380
18992
91332
96541
63440
41864
4595
91368
90083
41376
65123
62264
44422
89787
46905
15211
8301
9725
2129
29464
17993
65762
5391
4024
59080
9691
17043
3313
69015
86662
46602
83553
64071
42281
13761
75363
79565
94346
76501
64129
30051
7470
38086
92311
87917
39404
38186
7551
95382
93101
10973
99359
51513
82179
64022
22859
97563
48611
70997
84504
54421
61920
58873
42142
66159
5894
24046
19848
12264
44143
68291
36892
1490
26309
60442
97697
76795
75573
61496
19762
76198
972
33916
88350
98007
74865
57612
38457
75342
9118
44075
9443
68907
2141
89672
57491
25712
98139
54319
98464
65636
51051
39266
56139
52179
29626
65379
27532
9875
81002
60392
43223
31233
34157
96593
88395
14986
58752
69013
2711
40934
25313
67576
57289
8990
46191
65050
73076
17870
44381
98697
91902
29126
16978
95254
44900
62506
75328
32837
30506
53785
28382
18622
49794
5195
62244
80384
56503
96948
46915
4277
60344
4037
38335
67905
26716
91890
90091
2932
86966
51693
19071
35327
470
22417
61623
22819
3865
15003
4043
80549
13615
70131
99079
78685
29159
16873
54182
80302
8889
93849
23888
39024
82991
87505
78349
47657
77265
35946
42916
63450
97868
78609
25013
26645
38750
90218
83280
83245
86528
80554
87344
54278
59760
17315
80567
22923
39098
28669
19974
54142
56931
21439
20281
95497
11730
70668
43710
71412
35068
48234
92112
61648
4202
22015
21940
14512
70024
59828
44687
6231
20972
19707
53506
46508
15233
93997
64323
89770
14288
42796
50585
13524
84650
48679
54452
88358
35412
13020
30470
34534
23024
32279
13122
39097
99908
26457
73264
79090
56905
83188
11305
59718
36497
84306
8725
81627
70678
59094
7999
1599
40859
20666
67058
53364
68002
29879
93715
21289
42858
54787
57178
18436
2529
15541
8557
67067
88686
33636
22011
74370
90100
21581
63699
54014
71492
32340
81150
62264
79234
7873
81695
95021
38545
16363
16902
94307
21214
46611
78827
99510
96390
81511
38125
96145
59781
31591
73447
88472
44028
8804
88715
43777
47838
51300
62335
3811
20727
28643
13201
16710
98970
24595
92983
44538
43173
31428
32519
43460
32115
27038
71792
60403
30174
29035
72020
7985
19982
74898
40962
93269
73219
41150
63892
14325
66139
95613
53794
91800
27424
40580
93056
7497
8977
44080
81563
23240
11211
51015
69612
35387
59092
58685
48694
40162
31524
21682
26274
85672
2353
73817
1396
32629
92533
67540
4233
68960
25278
41211
27504
57474
2162
86875
83490
22822
15164
18747
58079
75100
75607
15833
3846
60589
84342
62259
97617
18312
52686
50850
54955
99355
8705
3489
56335
17502
55464
48235
8926
97449
77916
66498
66716
52933
82785
97772
8104
29120
60527
65656
63510
55130
58270
11935
31403
86813
61453
26213
98069
3913
69103
19486
28708
51181
65395
84237
58664
70418
26735
84200
32392
94641
28009
21655
15420
74821
88449
79292
49384
59323
63485
66188
54486
13830
82898
94395
3887
37039
35629
16822
70901
99625
51804
43338
47392
24514
15195
68930
6003
78038
76638
39213
58906
17150
51384
51358
88547
95973
18438
54221
38742
76731
73275
96667
11058
20579
9865
96146
19941
11239
25545
50891
7847
52747
55463
85386
82932
32511
17261
17731
87268
718
70218
30624
82825
5651
50750
5754
81764
40491
90405
90852
76612
23621
38941
27976
86749
92950
73334
37993
87713
28330
94198
60327
40733
38837
82213
63393
86643
36807
91356
94517
80783
46333
58533
97859
16104
83828
1422
41264
42805
42169
8912
59398
8073
31004
9847
72472
95532
50499
56781
87298
54712
64731
81383
2991
23021
14057
32203
74293
94065
98270
90300
46908
58344
33832
52197
70396
17771
53766
15134
11523
91432
60820
6109
57909
30390
94884
84380
85422
93907
92718
52514
72579
63229
29470
90577
96231
32777
49163
29900
40745
96163
99752
98435
80922
88002
57524
42268
46189
50695
35276
78208
64504
66354
34784
12703
67766
39745
31906
10304
77262
65319
64986
61481
93935
20324
99415
24872
84114
24454
83169
49724
25473
87900
49962
9251
31830
93747
71906
23552
69564
11247
36266
75112
44242
22663
73088
70250
60430
91646
83257
25753
14974
16026
66925
93431
5737
95266
62123
38943
25460
81976
58637
4847
18721
1425
26631
12689
29618
64845
77241
14308
37803
35320
65156
51787
86166
21628
34745
35378
33759
67808
30669
57529
36159
56960
32393
40063
46103
31530
16925
9259
30034
22515
27604
729
91597
83925
49859
92416
13491
5734
27548
43772
39904
28181
59871
80701
29607
5603
45807
12748
17839
74971
48098
76404
48472
31631
35538
81236
38619
17073
65394
71264
52016
68875
2650
84527
71593
60092
78403
20197
4508
15440
4750
21629
89438
19738
89694
67570
27690
47056
89094
96298
75776
15587
27133
24192
78219
60826
66606
82412
8155
5642
29228
21969
64337
19732
98723
10180
4121
55611
68842
56468
29137
44032
64308
22457
40520
76348
26533
41565
37922
33657
97090
2754
23064
88558
23617
48751
4316
51605
52032
74202
50682
10826
6577
75059
72058
59554
85523
81131
1633
19717
10524
98944
66359
96842
32530
55910
81540
58158
36217
54483
77460
27473
17510
33543
78394
65613
12594
94421
37648
6739
27947
57747
33532
69380
72132
97754
24846
62601
45101
77914
93221
96207
70557
90270
29330
77346
73483
31735
79285
10981
73789
30695
60963
43883
67575
78029
12905
28566
78933
392
40490
47498
72436
23017
37092
42700
15658
83834
84849
69308
62038
94180
30986
7980
79986
37218
23429
81596
91237
77824
31647
42068
725
24175
17588
86365
6233
77864
32779
14908
83565
70842
56751
4172
27678
27538
37624
54871
40646
39238
26377
62417
96818
8542
62290
88145
84734
70687
501
47660
70882
22293
56261
77583
18725
26301
92459
2873
66160
32652
76611
60756
83646
69375
62147
36302
62607
73568
35291
36152
19644
23954
25559
9818
10020
50394
9730
12080
1253
90218
58661
54726
83815
8458
4077
53035
45554
35461
25387
14453
52767
34030
46132
66609
75500
19821
12617
36996
72617
92873
57905
33860
26064
88243
79938
7148
55250
30477
66046
90528
35051
43638
23834
11805
84631
10324
41562
23772
89215
4476
97720
63555
17452
90112
35364
25863
77020
96726
79973
34243
76401
79008
71518
65166
2535
97853
68971
9115
70046
34604
96747
79986
58645
42169
73079
30695
72280
11781
57840
2772
47824
35350
25623
87416
50681
29304
91222
45323
145
38574
80124
10909
60523
30970
37798
2698
44099
37220
79065
38555
86477
33066
92267
86845
34150
47141
57889
19350
75532
86323
91411
53097
42409
55622
52300
41960
31083
45417
25390
28465
42671
52586
10546
50662
72059
26121
27309
18413
48779
87195
51278
69760
7010
2267
76899
58002
7875
37454
52924
94112
2712
11537
14503
27759
38927
18146
84762
52647
10725
2023
6704
81515
6618
40350
63978
40948
97348
18946
61335
92970
48384
76983
77198
89534
51011
94739
16312
63335
71566
52425
4714
95991
15744
43859
86064
44121
39685
88123
18854
64905
41933
98246
86560
84175
52279
16926
45705
16346
81260
5562
27848
85270
59528
28844
17502
30633
11794
3143
76
31951
77421
31722
22162
42160
52104
99182
64274
22075
62096
53576
54099
37858
20165
26491
72129
66801
76937
14301
89074
24395
87285
28516
9668
49252
80294
80781
1377
70357
6324
94665
73732
96639
85155
61509
99702
97855
20147
44660
20401
76874
21426
51995
29510
55877
21266
55128
69081
33988
31157
14800
23658
989
49091
65588
68527
10856
56158
10799
17820
97749
51821
68335
58437
8458
79189
84973
84154
16184
60582
92602
26641
55609
84529
56905
3938
30600
71127
8787
17387
80156
59741
1546
7060
930
91836
24286
57677
45079
9813
95750
51315
13247
12993
82732
40273
43173
70726
55543
5059
51183
30373
7445
49078
30236
74736
98853
86316
40893
75130
35231
82171
98702
94727
87937
25717
52528
97762
87638
26882
7524
38349
20805
78569
98821
81843
8500
98094
96067
68058
52598
66933
2296
52788
344
96389
83304
16916
26180
45031
61402
79997
4432
37646
52333
25878
64166
77584
52889
8858
49329
86770
88068
43533
52449
56803
18685
26216
315
46303
83064
80821
52448
55955
99398
22582
82135
4480
82929
33696
218
1784
27153
13669
30714
24326
86030
4975
22768
72874
70898
22856
32833
14626
84426
94838
51405
25924
90489
3620
44597
38183
62937
94364
85702
55746
21135
62865
24038
97004
86953
14552
1338
19042
41463
6646
72369
95560
50244
27604
19441
83975
72655
91696
83548
72372
61354
40046
45310
34960
72622
78379
73846
64044
2297
76178
62495
63109
68261
84263
27674
98157
83526
19712
14713
41162
32480
24052
39882
90168
35907
16043
61950
46121
89188
15222
93973
64109
825
19672
8616
80493
52816
67585
27795
9904
92492
88923
16797
12865
21246
30365
64453
35816
93564
22333
45163
94516
87616
81058
16216
94394
15904
45048
16074
72663
4741
53693
3776
73137
85002
76120
85887
38524
52851
96041
44703
31129
43879
31739
20469
84409
20172
27350
46301
47903
95166
36434
29955
39395
71211
32550
67470
28082
69422
37917
25163
24851
40166
17290
81969
22181
21138
83026
73270
39172
54699
57992
48526
31882
81054
22743
49114
19250
43364
99768
63861
13687
26272
1347
60566
17403
1845
66274
14658
22052
76290
19936
95794
43393
38650
27265
33021
27563
82916
3915
8770
22214
88044
6082
53652
79655
82756
62642
1313
2031
61146
76037
54145
21013
91031
66388
73464
66977
45586
51994
48680
52405
10543
58436
29750
99942
28311
1253
36022
29416
59124
87398
2454
62505
24777
50875
12677
7379
55437
84816
35070
36181
21026
9154
4853
40219
62646
32042
62428
97913
54421
92244
4530
82375
56809
94830
74921
46822
74543
28476
42386
15841
20663
58984
97479
65551
36760
80054
14453
17908
18797
22998
92228
84935
87888
38067
4485
68591
55346
75016
45431
37798
36980
67442
44117
77471
7685
14209
51456
3044
21816
85448
70116
53912
25696
47539
65385
63772
7724
61144
59769
92429
75929
49063
23753
37802
37624
96955
94533
67027
11070
82642
20349
35565
5249
76953
34790
13698
32982
37729
33326
18437
59812
90638
9440
32883
95972
42957
34096
48341
24792
29317
54595
17602
58949
8295
1086
42401
85646
65184
18410
12525
4334
32781
55105
2353
39122
10989
85528
55282
48209
87154
37832
77836
31848
52465
6778
63284
13046
88474
52079
38173
93329
56833
13673
67575
79364
28538
13914
14577
52486
48804
37863
95711
78167
3196
21368
80567
77881
85746
9663
45621
36681
23128
86882
48798
61976
19767
94662
8353
2027
55132
99674
80729
80459
58512
47070
53776
35690
75877
19407
44702
66163
19084
82608
36079
14572
42787
93493
95522
93035
5611
47151
16781
72754
86424
59855
18430
13672
9250
65401
16637
2518
32665
3879
93741
14619
13429
58966
64177
58508
65963
94225
14955
65163
31643
47321
20255
70658
70406
89134
86231
73628
43326
82556
26688
64097
65749
67300
59281
79788
37303
90694
37867
43435
67924
65704
36860
30131
20757
78470
1150
47357
40112
56246
32924
41952
88151
5494
79989
16588
72010
46164
87961
76544
45325
570
34992
78729
66644
18101
47866
55032
28794
54176
27441
23263
7153
94770
89642
2407
39124
35360
77979
45073
13401
87152
39702
66983
78626
7131
7636
2718
21618
21150
42989
3755
85852
8318
4739
74751
57879
54645
48734
25248
93743
42493
95794
74053
277
69048
44988
93581
43766
37050
81260
69373
20233
26643
34301
38773
62529
73181
25823
97741
4386
75070
93942
81041
33681
93306
75419
12950
2596
85241
65632
51800
1113
18480
31921
50993
7139
36431
41622
90648
18142
3047
20885
65524
31908
14677
41748
63516
34232
92047
32988
39660
43359
98825
23577
10822
14766
97220
96414
8578
14111
64405
76453
9235
85885
52878
39092
3832
67647
10635
44731
52156
61458
71706
84282
18155
57198
9096
11968
60785
76330
12836
48366
23184
30220
38579
62681
77405
22105
45487
99118
64120
83882
37692
84337
52647
85951
5449
42814
92110
92110
70559
240
80108
79700
62602
25407
98613
62092
49408
29636
648
13693
89746
85689
49004
77965
66543
75227
60940
5172
72559
60273
41227
32267
87235
17959
32646
63235
28151
96531
13061
13586
25056
35352
4190
47305
74696
25288
87814
5249
10419
22117
63092
22643
41421
91744
78676
90150
64178
28003
50949
88323
70265
5866
80944
96837
88990
35403
62053
20045
37834
8630
91572
42193
62914
67320
36484
32212
13097
54618
71123
14641
89427
9190
30763
55345
94151
29993
445
88540
50831
72084
5053
3372
33759
57181
28506
29021
87040
6146
62904
68832
76408
81645
33740
17903
51896
25779
91347
89659
80546
73303
55887
90592
97748
21932
73184
39451
54517
47287
33371
73682
61275
92434
72681
67473
12311
29997
8318
10069
30558
31216
77747
28001
22292
43835
24259
30702
4759
65070
59424
23136
97477
83012
93711
84595
2155
10554
11462
40116
69644
51054
58752
58348
64906
34755
80315
26135
74036
97952
68911
93587
97003
27000
99626
38420
93107
72836
54700
4660
47155
73772
44925
97736
72360
49382
78214
75597
37932
35861
72595
48225
82303
53234
91746
54031
19375
67752
63496
72354
26410
72569
94433
49146
23261
45342
64465
5981
95879
46284
28316
85828
83327
92466
91647
16886
33310
62751
12937
32755
55499
55328
29913
32870
37154
41031
11093
44766
480
22663
80484
54
67085
63804
88009
48815
92198
71752
11196
99455
19429
17207
79398
90275
30992
94116
21306
69712
91739
81140
3787
28487
55003
21728
78413
32615
36553
49009
47276
79421
11758
84548
38083
66358
74129
24557
19738
40309
29050
65559
36991
39807
59810
50985
54687
57843
55898
21733
78849
27320
18228
48234
21632
72591
70833
60025
79875
80200
61960
88820
30683
55088
92368
95426
80888
86279
59274
10288
62920
95760
47566
39825
40365
61153
35089
3430
38266
634
39088
23257
22794
24179
85019
42659
25917
94766
27745
76942
46639
84268
10323
33108
59831
82460
51832
40006
27289
40013
60589
22601
13160
26980
78934
17786
57500
30473
35078
7602
58635
88028
80327
61957
53352
88421
2502
69573
87349
97257
63262
94083
7749
91704
81599
38805
49715
9604
19419
79731
17945
59820
32749
80508
79342
82006
97638
98229
33598
22619
42165
56465
88327
77371
46802
36621
7598
8178
22312
16242
40796
41443
72637
99261
81049
90640
30303
40955
67523
78668
38636
238
14795
78567
91198
97677
88300
88009
11857
26343
42185
37722
54386
41448
58401
99453
63654
30100
86770
95901
1717
15344
53607
39136
69137
23264
47775
12312
35495
38763
46588
40984
25408
90778
55940
77988
72148
34528
46904
57249
70924
60916
21199
4715
48786
3193
67374
4101
11415
2238
3430
39659
18273
25089
56842
88516
15951
65647
78379
22644
203
46503
38642
19565
38667
22588
83065
45765
13763
39961
17830
45058
68138
28766
20549
80082
92295
89161
1249
93272
67161
91024
29951
68768
62112
31531
10168
55028
9899
78671
62736
12679
85631
58676
26071
82830
12736
6392
57436
50575
34943
18876
50857
81553
44288
73644
21183
49075
45735
74364
19055
68984
87167
92718
59313
71808
60263
85936
60485
9491
51225
85795
77124
62390
27639
96374
92609
14783
22260
83440
61026
75013
18941
87437
62453
24561
70178
45184
96433
3921
98981
19766
80298
46731
47742
68443
25712
14511
64136
78806
36101
78469
46956
7375
51801
52389
53416
96818
50244
78181
88795
79339
91871
66477
94575
39664
89119
71814
48100
65982
12175
91793
48309
79356
37929
18325
78505
46108
82768
10032
52697
34496
50989
4686
20473
71865
11845
34551
92996
87882
26451
43331
21832
75051
8071
13225
56875
50825
19834
55989
23129
18603
34669
90711
88555
26640
91453
16696
70198
45012
57893
1672
45965
7890
44593
63091
36403
65026
33050
97714
47585
22147
58594
75293
66896
55156
82382
22046
1668
57565
34971
70081
64310
79883
11806
87911
80156
15352
20028
10010
60470
1448
17091
36347
70680
85327
64419
61815
97135
17489
38381
75928
99890
44994
28518
52120
40903
75179
72743
2864
63118
93070
44437
41038
72014
75169
80280
86149
81946
74038
10298
65022
90432
96859
20382
32269
67118
5821
51482
9470
40193
44776
60434
22862
95723
5865
8082
77974
38112
40756
54344
89538
52638
49921
14044
48192
73430
79857
91437
10580
91547
18511
98794
74345
24710
70642
71305
51841
31715
99103
1223
52877
23580
76619
44445
23096
53152
19933
93947
90813
39696
85746
83972
67610
66150
28795
5573
61020
93282
6273
1427
31001
2450
81832
39904
2013
9565
19153
24346
21596
20972
98681
78240
99367
42805
24287
64482
55097
61158
56579
51412
66833
97675
64074
24014
54586
9084
82142
25187
66981
10789
88786
94492
99128
50451
64035
72049
60256
59928
46650
53731
6402
3740
35247
6489
3856
21408
66119
308
58391
69359
29213
65745
19476
18692
26047
67931
19879
71474
29263
11
87871
77396
54282
19613
15701
27730
62918
62256
53621
49900
86100
94617
47063
74790
56037
78692
98988
51409
72968
60137
1460
50897
59089
86215
58732
24048
53686
7136
91876
57278
13523
12112
88143
88035
90861
62186
16404
69923
91859
96113
54305
3245
35425
12945
52191
20544
75486
41240
66144
36187
53734
62164
72085
92863
27874
59369
50652
76866
66066
82991
37367
45555
14604
99014
17016
94917
85534
27159
53016
43547
15184
78825
14023
32622
67397
16861
86173
58654
17248
67462
35055
70706
22564
96584
66525
23405
51379
73260
17033
81744
36504
63869
44450
87622
23040
38658
28094
7567
41922
42744
91494
90061
83136
85420
36011
97061
87685
27634
96950
82578
20206
37220
93469
22284
35206
30042
17490
33679
23818
58211
17077
89900
92331
90974
12394
39849
98705
37367
85605
37269
85180
57345
90818
70284
69926
1932
3697
60995
80997
75780
72590
94481
5037
21222
5295
97755
81617
6911
6486
54714
21577
62050
38406
91274
61104
49222
92147
77714
26181
53210
93426
76811
30577
40710
98767
98158
93160
17631
69502
33183
39976
73030
50249
45008
19231
8127
40680
80371
31369
93001
64014
76288
57398
67422
20992
26591
83050
54056
53920
83859
39614
53182
63560
91940
21061
78298
10227
42150
56457
55385
47477
76363
16787
44110
43242
61378
9961
32611
79980
34858
17073
48813
86846
89911
94068
50858
4901
6495
53598
18042
70839
13634
58914
7672
91051
29876
63066
86227
9712
17897
69676
24141
2554
65979
71913
68943
34967
62235
26351
48103
47903
49490
72494
96159
10442
6514
8519
65691
60027
99710
99439
96911
11418
34642
28148
16858
31872
57776
47671
37667
94667
42825
75991
40367
90801
81285
47535
46300
54450
99183
96757
35070
54246
44447
41379
47027
96565
14597
978
68612
43397
93679
31842
82682
49998
31191
18103
78171
58314
34604
51742
7936
81096
71324
76685
53364
16415
65627
3528
55307
73471
15890
22879
17500
30212
37319
71797
9469
47108
29444
52635
33593
69288
75175
2683
59889
2359
28038
61873
63660
80877
62012
44563
98332
22666
40948
42674
43311
19591
19121
45336
22030
83428
82936
12401
470
73213
71099
3207
90320
29339
66435
10117
45935
55974
67033
54077
25222
28344
29969
21893
9507
47661
70515
88923
95020
64983
44455
23754
3061
99373
7677
47173
98395
42819
52118
79408
15903
87253
19474
670
71170
60062
72727
89556
49082
87173
66618
70732
88526
10614
68110
8247
13556
95791
82790
62138
8548
44145
18536
13753
78201
51030
24529
34385
97124
55426
84607
50622
38476
78961
69054
29
1286
88624
48434
87340
87916
1064
25950
24014
82493
405
72751
8298
61330
13046
63209
77203
11928
55069
5548
95171
90863
54757
98945
61152
6302
19107
67751
4832
93360
85684
78900
69417
47439
2358
28074
94097
88475
57524
82617
55204
93959
55769
73034
55012
61969
98694
77199
85515
44892
96798
99237
23372
52620
95262
26627
47351
41725
37994
71138
52731
34112
91939
51592
27013
7858
47220
15026
33607
85083
67532
48702
64948
98240
95878
23154
70120
43462
54659
20493
47013
356
71226
63464
72024
30307
32678
43497
59801
29813
56253
5764
66289
30639
59680
46989
62550
34020
89102
80030
19410
98367
86324
15905
58242
67900
49695
37180
80570
76036
8594
9143
36614
75172
58803
16682
70923
937
71647
41319
70923
46553
22526
26241
30311
7185
48817
25784
96832
69399
57640
43522
89174
46235
81296
55160
32081
49967
37065
86874
44414
71200
30806
72128
94161
54031
31310
60478
54121
41297
14447
43058
43537
66879
23122
50574
80002
26875
601
33852
77702
92288
77861
22003
87575
54788
34725
14197
63942
1229
74984
86114
29848
92588
56052
53789
49034
92251
7023
35512
47606
8527
12282
67230
27662
90202
64125
22973
24228
8032
43965
83695
64972
59219
53514
11075
61529
51245
84758
75021
63044
26569
52768
93030
23820
91519
42574
51553
4631
62522
77529
39756
22006
18904
84258
88479
16166
23549
24131
12484
89395
21652
33920
11267
68151
39876
70939
61448
52992
25994
52167
27571
6096
73497
48757
64156
42846
88939
5194
67265
44666
18786
60594
26958
81069
21375
1837
85256
12414
91806
3079
36406
50897
35116
25478
95308
40427
97894
20028
77141
38704
91120
5372
35996
48397
97007
95786
58999
87858
47492
38475
8273
68535
42309
6428
96339
84351
18361
39070
18318
40410
42031
59950
84935
97764
22588
83411
68415
90859
97743
88561
92190
51150
8051
11226
72060
41440
80640
42916
12972
88684
57278
91926
65637
81203
50168
80956
98989
3792
61177
57498
29028
15997
85573
95612
25323
88655
21654
60236
57904
20123
43026
86205
49431
59036
29925
91364
6566
89389
46113
96743
78989
5136
62670
73645
47760
79441
40655
86133
68210
65445
14739
53059
1184
46092
38036
91829
68887
88213
87472
73556
53011
90817
71682
29317
92373
1951
78493
97023
67919
61111
99012
24375
2831
19618
49992
85879
87367
23414
66494
40909
64661
8736
93116
43327
77236
19786
64337
79069
3069
31260
62334
22703
65403
6846
49909
86221
59146
48059
19372
22125
9643
77570
50494
23415
99879
71878
96382
39957
71197
90150
75801
46406
30986
61702
48007
11089
87092
62076
19725
25879
37299
30855
75443
68257
1564
23608
6621
34233
89548
53141
39144
85780
45037
52883
71267
98892
51144
63265
77639
88684
44935
46948
33684
99173
44901
39420
48201
24734
82261
95813
63199
42600
44716
48793
58115
69103
30380
69139
33935
93516
85102
97391
86212
53047
56202
94381
74406
60026
98790
74197
37236
50689
4377
53844
46178
3118
12571
1796
89941
98633
64331
82634
83226
86516
3228
44568
38243
31420
56925
14291
77247
72683
31268
72623
97141
25115
72086
5398
95869
42181
79189
51143
14331
5047
31014
2363
59161
94916
62334
21987
2047
26550
20681
90350
95858
1471
81495
33927
84774
82508
29828
84698
7681
58522
70786
78039
37710
33155
51716
65295
36539
59345
2633
19387
240
77875
46564
87101
81611
71885
29668
63230
31004
77065
36293
72022
57050
91628
91538
46026
64161
40196
71188
89071
67785
15581
26588
1004
80388
3475
21993
12222
87507
87457
39767
36374
53893
80952
44612
77117
65614
13195
38720
15351
37152
25543
96432
51365
78184
9568
84383
70052
63175
39783
19938
7508
1483
50008
6662
8275
41802
42703
37017
84871
64059
94618
89265
19898
11185
44202
8509
3807
27060
70851
95206
57940
21789
48115
18273
58208
55790
543
48820
85979
58284
89273
83298
10605
4443
12174
58485
20334
94996
57787
24679
50605
92069
14720
64813
64045
22469
32909
39073
66825
55794
88601
43178
64951
96201
19505
426
2986
90018
40941
16708
35730
453
49438
70855
54943
58700
67332
5404
77955
7095
18044
3848
61781
1222
88087
32510
17393
96535
22309
35844
87292
17404
6960
45728
21510
85368
89222
74368
62920
66358
32910
73283
74701
46501
60411
31078
47725
91476
86814
99887
95637
49862
15541
74352
61954
5234
94594
51224
79787
43803
46231
39100
64607
95398
45229
66045
29315
4413
28884
88246
80190
7871
95077
24965
16528
38593
91219
57875
31196
30822
90912
9666
72679
53910
65643
77554
20281
5246
4742
12431
77728
7747
99334
5275
96883
88548
36917
72404
26132
51500
90625
23393
35311
92561
23895
17438
58207
81228
52202
34177
21744
3701
10413
84265
54655
3098
60609
58659
35933
45627
37671
50296
92914
10022
95159
30582
37695
85098
42153
76216
10236
79130
3921
14293
14272
57600
20264
547
82110
51899
14021
72613
88908
98198
36298
74552
39935
70694
10523
56214
85171
45792
71721
16645
36711
87573
99789
89792
32805
41196
13520
59423
27998
8922
16198
64773
56532
17760
17596
74278
52817
36288
58727
33459
34357
98973
37147
47140
69325
46671
86333
22272
69246
31584
12880
79020
75874
39686
99307
37678
44137
68893
38860
53180
35616
28576
88230
2246
40175
21636
26102
79677
90844
53746
33652
3198
79950
6974
79172
19103
40620
25000
35755
37045
92387
77263
64831
28896
4198
36205
12056
29396
2800
28371
70211
5892
20197
81377
597
44524
758
5730
80411
56379
79556
70818
39248
15771
4827
48749
50441
54847
77344
61958
50346
21513
73318
79776
22299
67701
1913
37565
34677
1637
285
64320
47959
35241
15121
3281
65877
37386
40141
51725
99631
28724
76011
37766
54336
38206
75234
47998
51245
48695
20524
63612
56381
95471
66730
45513
51528
52063
69918
52106
16616
5430
92373
11962
92876
36865
56519
89026
33676
22965
46999
74328
87222
23900
56886
98674
7879
44218
23364
94277
92437
4219
56406
44319
4073
64348
73011
23804
26762
29426
4600
96393
66516
34298
72028
63571
93384
26078
83085
85707
66781
27937
11097
16088
92372
85960
55753
89945
10185
55972
37192
19222
23429
48352
70977
30753
33424
36995
88742
85615
86564
5859
80205
72685
21662
53127
91477
22880
78925
3542
78886
66301
48524
31585
14646
52642
92940
54570
95176
12399
43210
90160
79183
69924
84513
9528
36657
51417
38424
88601
59911
20052
29788
65860
39072
98474
51208
22383
35044
19989
53984
70332
43158
16206
22910
55562
66483
21288
43683
23288
81240
40809
77583
19409
1536
77253
59916
30617
60394
59096
89637
52690
81561
70400
64084
93547
3893
73301
67736
75878
90222
77670
34565
34245
66625
14194
49590
98928
49812
12831
42269
80805
27483
59866
1563
7196
73949
32011
65868
11286
49456
85972
38777
11074
96384
75399
28657
78539
16079
91969
27313
71873
5975
25607
63552
49155
3979
59067
29976
29478
76283
84859
11518
11589
86550
1110
23891
90789
73322
78060
26819
87043
18503
64385
65338
43708
54209
31805
53206
55928
32628
84355
19640
17844
29154
13196
42996
76427
71128
59936
75240
67521
20943
70992
1322
83276
98670
59122
4921
21343
38828
25850
70325
54068
32595
67666
56139
29333
43392
94902
21929
49190
90599
83374
77520
70483
46388
55817
63527
32210
236
86642
14635
95125
63506
97106
37604
7918
78661
72194
79891
17439
66886
35754
71720
61533
58776
10971
8688
53184
28384
69478
59244
96234
55884
64823
63837
87345
87728
77777
1627
73131
41547
18407
98532
92405
96040
75284
41905
55392
38017
51448
77764
77656
42589
54512
41342
53490
86298
43249
18414
81842
75558
51328
36932
27446
68519
55633
8675
57507
1179
21434
77556
82346
68281
1683
3415
79158
84150
37452
16245
11732
61860
90794
79377
72000
27381
86880
39549
92712
55421
64615
89704
48927
56277
46650
52053
10528
37692
10224
91239
51165
58168
24054
83032
95875
66682
8104
84425
34475
45504
15916
96724
85856
37332
74380
91293
41416
48593
38638
1575
66802
87557
32977
12578
38746
32562
23718
44514
51099
20719
4329
22860
28114
77068
22490
71433
12938
9010
32477
13501
39946
65513
27114
5105
28503
36851
81233
38828
12647
61589
9262
10304
45444
91286
32548
83297
29848
91072
40570
83536
70779
64292
687
54678
85303
77658
60187
13996
46580
9798
90851
97783
837
63061
71448
71025
50509
18215
5645
11266
68335
81063
59732
7822
50738
87957
97012
86824
54765
25092
8744
95652
10228
98879
28439
57481
77727
90119
91179
20421
54515
5304
78768
49019
21680
95274
52683
84888
51415
83346
91093
24356
99765
35880
93523
7699
29616
9380
92691
57819
68716
95650
12901
59711
95195
95396
36275
91626
62047
25782
49951
60056
32285
92333
76760
35118
78080
92201
27896
21386
34823
66458
78012
405
98508
74846
45441
78772
6642
51592
41912
89022
69098
11709
84741
94376
58338
40439
91994
79932
31787
2412
3819
78312
68389
10377
65070
15411
28457
83384
62513
26410
30323
66402
17943
87673
30698
63309
3760
95061
55245
68005
73652
65334
40283
20313
51036
14497
24063
90141
57694
23491
89718
98541
87523
48251
8895
17713
22118
58062
50943
21627
15915
41886
51213
24781
32345
57108
50208
81624
54677
59066
31091
80256
28861
96229
14610
64859
81246
76208
83717
77176
23955
85860
97366
95036
218
1043
4159
7047
62996
57540
22101
11221
13881
93992
97163
30017
88726
42155
45413
28932
25477
91206
76730
1403
76710
90226
58692
87911
14911
41847
66504
30989
90733
71106
92508
31261
57638
75253
63130
84304
29005
66936
89984
4459
37137
19309
37952
20001
39683
57793
39307
47028
2834
39806
35541
23995
87396
78622
45093
36736
68499
4666
82524
31040
38049
35649
69343
95637
19226
59460
8002
86961
84517
15886
36179
84352
27558
87056
44032
92464
26419
7930
90503
493
98897
26406
89784
34949
81290
30351
80136
78794
87437
27711
32597
7862
59747
77605
75697
47144
35849
39237
16333
81868
97583
8746
81251
30105
28716
26551
65472
79348
79771
57563
65836
40435
74262
78914
71479
99067
45
50696
84386
1706
83267
93416
68199
29969
39878
78163
56551
25945
76265
70173
1870
51687
62463
6481
15652
72570
27734
18052
55826
98064
87598
27879
13839
44616
26965
98198
50215
51139
23232
52877
96551
8708
93959
54810
38311
34806
72030
83982
63668
89293
55916
38894
30009
95396
36714
8934
72137
14214
80537
86940
46284
83112
55904
88834
73348
39315
54721
79813
59194
40319
55991
29859
79114
31291
13007
93657
70024
63786
23167
61754
62477
22087
42599
99196
2786
17417
54787
18925
23656
71777
54762
79523
62849
90816
5510
89136
3102
97558
83184
52820
63622
81205
27623
35501
65632
4628
78157
12905
48638
25007
40414
8252
39654
25548
17294
47117
84157
45272
74430
55786
57330
16144
23355
58524
30277
22780
46099
52886
95538
86389
34740
6439
3806
93671
12131
29455
56925
25586
94326
23502
86237
25483
51407
99831
4178
91231
28213
36515
58335
23287
14064
19906
4734
53142
45025
80205
98924
4224
34876
29975
58740
23221
77795
17442
27766
63867
10656
64109
11764
57178
81566
10795
87865
32928
25829
97423
25574
91525
47184
19139
10170
98345
24845
88472
52030
36153
89712
23864
25642
95504
61652
78551
71895
64858
18479
99976
33154
77620
4913
22700
86458
66543
89913
15429
22534
39764
28628
23688
49270
20897
88435
23313
91428
63441
871
78577
51686
48570
71036
70274
46772
27696
20431
3131
70544
56551
7438
54238
47735
9589
37930
30287
65154
23830
43067
10176
8185
87497
85361
64839
47253
19032
80658
73457
25456
98965
9620
41519
68780
89151
42009
32495
85052
20420
56482
71942
21683
79136
85266
21224
88359
82948
34976
30362
93762
38386
96120
3839
87013
80741
6511
73551
78552
79309
81344
84710
95858
84344
95112
10008
8738
41676
28539
19266
52408
40080
99904
75452
99731
88907
95856
19978
71080
19396
838
21746
86347
19368
3876
30408
10974
76074
89346
324
5139
4581
64531
60021
91807
56477
64822
23727
81565
63844
42549
16192
82875
7640
41982
15073
99525
73801
22044
25512
19885
59705
22705
75578
65972
57308
41586
28797
21432
25950
13343
74987
81177
66532
81629
49762
53705
42314
67570
42393
63856
46028
67485
66797
63289
14112
63439
47514
99229
18688
36330
60037
42922
7302
83988
96246
98127
13745
81560
7843
37095
1220
11257
82055
64991
45037
13908
13809
59142
1730
87857
37177
79056
52775
7077
22317
12358
45
23720
92010
94862
70612
77678
77702
70867
58737
100
62410
40369
33707
40424
67293
36095
64927
19301
71772
73561
54756
14410
58726
7304
11849
16710
69619
44689
87002
22851
24068
19127
44609
83932
29685
52045
94888
23259
9807
50204
26365
16115
28315
68205
97071
16855
91473
64596
59317
19318
95822
37722
98894
6932
32132
63813
47203
69798
65259
52294
18696
49353
70901
2782
67745
74463
96607
29358
14817
4519
5412
13114
44142
24504
39788
33529
9121
98074
62465
84827
95049
74529
29666
21911
32207
76326
73936
51184
64852
14756
25702
67172
70902
18252
84645
95377
76497
81798
19917
17028
44131
52772
65128
2271
51176
95684
8641
99302
50116
40451
11378
40839
86335
59160
37787
26372
47402
48564
71918
16061
3583
49556
33510
57054
68327
25568
97112
60355
57110
27172
47650
14532
52112
52648
53953
39553
42031
95949
87294
90443
27580
20775
60200
39788
4635
65298
74621
52020
36195
78482
96193
78561
88074
86315
13778
58826
94176
56825
16850
54120
58482
31725
54339
9058
70511
28837
23633
66003
43847
50919
16264
37306
87598
59738
81607
54718
78272
52672
59212
66012
12127
25396
99663
21902
14424
71676
72171
43354
76900
71691
99223
74356
43402
91734
7602
74641
33122
20560
14077
9353
11156
29061
22818
86312
47070
65136
33010
8273
61556
42969
72973
46319
36962
58414
17466
82394
22413
45340
87767
14594
1528
99370
65418
96668
45603
87506
10517
70278
59053
91230
47944
55511
29274
5339
59793
84936
68623
67420
10446
77914
47930
22478
61987
28898
43439
43955
30535
96056
81838
16926
67897
25048
18208
57002
22896
50802
7167
38838
88623
11540
66773
58529
53336
31250
35389
44926
28279
68431
3654
5780
7519
83947
54518
7509
78771
62793
28907
48505
11802
11004
36637
33814
23189
60077
55199
29758
20301
87084
94724
43189
83525
41168
50078
10638
81551
58156
35649
65153
40474
53617
30854
55627
79721
27994
67052
67201
65055
71608
61657
9106
87446
25658
8383
32729
70032
69400
16505
43132
50980
78652
59508
74884
78554
87630
32011
59225
51058
66843
17930
35768
99102
67105
62868
75796
79215
19930
88896
76391
70253
39266
90846
64371
46209
41766
92152
15002
40652
69323
67603
42198
9211
32152
59861
36214
45490
89954
84480
9397
53828
82418
11548
24728
35237
17076
11955
13508
94999
67839
99510
58586
45536
16604
3710
73361
81981
41365
80940
72878
65904
57563
51089
99553
45972
85172
60297
18623
39697
79711
40290
53848
55179
72101
13724
47701
79061
44766
60264
43504
81763
7389
69842
42639
57245
37785
51771
78622
47983
96793
60447
55848
34845
33404
77846
97522
91892
28482
27606
99444
49020
76442
19925
82069
21385
43976
91916
63105
36177
88690
89111
66826
41304
77864
85272
93177
77798
6607
40700
87919
47995
39240
5366
88028
61625
97729
31783
69851
97983
96791
19871
48712
76630
40230
87228
11871
91747
93424
69265
3571
637
81413
10979
43783
78169
88565
74541
3788
8514
25327
41987
2008
88228
74805
9555
43807
90791
70975
79015
52273
59896
51592
5223
87888
93987
55960
67004
39755
13021
86223
38735
56700
89886
35147
76880
51963
40556
29975
31763
31261
32754
11632
31796
77453
97071
10036
48539
21700
66507
45673
12635
27144
76325
18056
40820
91359
25863
7428
42456
60750
14523
83675
60363
11186
12631
16503
90211
96666
70035
93537
26191
27167
987
74468
51636
897
41952
57689
97906
94720
52777
22324
16390
7764
7272
61194
46953
74441
89127
34078
14549
90746
98432
59111
67079
35880
46060
75486
92192
95448
32755
1609
23301
90375
44290
8832
16327
67562
12187
70201
47549
26246
82982
10676
27469
51368
84710
67013
61513
7811
49126
41113
8502
43844
38065
5478
90120
44339
44097
43508
53802
31432
46896
29666
40794
37032
88938
53207
56368
18363
15300
18790
37214
27818
98789
67165
7507
95450
21218
13866
34874
83840
11592
12361
7616
75712
56754
32431
93011
72198
5947
22124
59429
64384
7949
24225
36048
24182
13912
96766
76787
99495
75806
65686
58971
33377
98251
30466
8925
57341
5602
46926
74303
74773
97554
92868
85174
16546
80103
23667
5002
25558
41085
40795
9590
45139
22832
25592
42956
5318
27727
83817
66741
98884
43694
69404
26262
48127
4090
44152
49486
86052
94600
12038
79740
46581
41191
70460
80029
55582
3444
98247
1459
91254
94539
38069
68193
53204
96539
22813
40211
92395
53587
715
40058
50372
39960
44780
79061
30198
65080
22738
427
48453
62649
23492
59925
79124
81387
65414
53913
95080
85500
83104
47216
99898
5098
9901
94281
3128
25747
46147
54503
80602
68456
25433
30309
85852
62784
76186
55610
81532
4649
10501
80920
16754
58425
74846
25422
74695
14594
33557
41485
6803
35236
75057
35943
54583
85437
85176
1971
43220
26715
57149
24109
48774
99506
96071
63995
55136
63465
85498
49323
20613
37167
16389
84344
37504
6859
20135
78347
23809
90449
75582
349
27157
94096
59310
63546
75872
38952
48234
88514
55738
57561
94530
35754
20675
7190
72841
71903
22692
32057
16769
66858
97124
67952
70629
45487
72963
85237
10707
77104
8439
99515
63573
19214
51040
29668
70283
91919
12458
63919
74134
72315
31199
71055
66659
52672
34630
94871
53586
96822
3196
54642
95777
2173
41293
57167
44858
1186
54799
22745
4343
16065
31676
56612
4557
75076
49898
6499
94460
1449
71880
27063
10929
51905
78743
78146
18101
65013
77794
3194
48182
37539
55708
62073
88048
15527
67733
2032
59352
30261
42872
14364
29989
96610
32004
90737
70331
1378
39429
1043
93557
97387
11246
9987
54542
5689
45206
96726
6317
84267
8652
80066
90123
40139
67608
68593
48097
91979
50447
50232
53778
3243
14578
19841
92083
14999
91300
99749
35379
21548
2310
26454
73483
90523
51793
4887
92675
96294
17423
72751
54269
72616
25911
37266
25219
9234
95267
65440
52680
72143
34096
31626
28701
89384
41041
46190
61299
37828
45679
26116
42696
22439
60577
56240
40912
48060
20740
19608
88481
1229
67832
4848
15099
54671
14935
66321
86546
15546
27187
8104
37850
47958
51018
53866
83309
64658
46696
31621
57723
28909
4538
97426
46895
64215
90442
35751
1882
15026
29564
64681
15039
95314
17892
43166
76218
60355
53153
39104
11918
58026
93178
91278
23785
10596
23572
32669
7542
4074
19245
60171
53150
67510
74328
73492
17916
97439
48405
59805
51772
46144
66988
64174
66063
94008
59270
71581
26414
1130
23817
51365
98536
36772
21166
46390
59787
48924
21280
53285
70443
27830
37586
16132
47569
96003
55933
56333
23906
61892
25334
9239
89066
2572
93801
17707
15526
15811
78388
625
96972
28295
45345
52867
67479
33324
62049
83427
69618
32804
56130
17576
62912
99066
66477
49044
50310
93464
46782
6753
21878
30953
13729
98873
69561
44633
1445
18981
71768
54616
20480
43773
63910
6397
21599
34911
65357
67175
11240
84282
73620
65183
63502
53098
87626
55321
71056
45790
15251
49754
18447
7444
43884
1235
64585
51687
2587
22123
23383
74527
27672
3835
57023
33383
75186
3314
56791
22715
41215
41401
12727
58624
89156
82545
4889
76973
34173
62680
61616
13255
69994
43531
46146
83627
45687
62373
79460
4549
87686
44262
91984
13565
90874
76015
43621
74705
73603
95433
44156
74237
11553
17349
79938
33046
75126
9694
58135
3543
86893
83483
76481
787
26145
20752
31981
35625
12588
44772
22948
52726
58701
98158
19270
30788
44628
55992
13958
23199
75501
5862
17378
83848
33286
9264
62653
71939
74943
62890
60282
57739
52525
52261
80663
69702
52747
82766
31012
12627
29630
14804
19423
60543
35620
45031
50221
36599
1272
82236
98806
61559
63396
39501
26718
27041
99427
77149
16252
80682
83441
56377
88889
64942
82194
65242
13318
15171
99996
20167
1882
82027
58019
31608
23015
80004
18431
15893
94648
91226
73787
30908
44617
71099
67100
87618
10595
40811
8108
37680
66066
4078
97794
40911
81477
62915
84272
41599
58530
37040
31401
38016
11235
56311
96045
65812
35377
15432
68594
35932
97051
28049
3472
7998
77299
19217
77033
27400
42821
97898
54324
22415
6773
96436
55877
96624
38740
8462
98874
2039
75583
46671
42692
48830
99156
66458
58800
99981
65873
96081
87249
79168
83147
46337
25836
96998
63688
22971
93184
23717
57049
98466
45968
74171
31480
83104
95118
23296
36954
20627
75813
903
21744
71781
89187
4099
43680
7353
42401
54502
37659
82177
77265
4645
99099
7661
88835
30999
85499
96029
24500
44092
97811
55640
58931
21531
12206
42709
66097
17667
22249
87798
32421
75603
1835
48245
30713
58997
53628
31607
61716
80741
38083
91517
85669
88303
19871
3609
27560
67510
78274
37149
25817
24945
67013
82127
65554
7857
42764
99096
62850
19229
30456
9468
2253
16862
24770
58949
54170
93846
31579
99032
83293
94091
13085
10441
992
1794
8780
76233
44112
58759
13615
38493
97795
34696
9606
54347
53089
16673
327
52206
93462
51859
39736
67304
74354
54413
88779
77847
64602
36076
61393
56288
2863
43486
24156
92648
7096
23459
7798
7906
70959
39180
82903
898
28166
88134
82119
61296
66452
16976
18449
16761
1951
41479
65151
85599
74343
83619
6296
8240
99181
20698
14931
23124
99807
69858
14710
26047
81217
76116
77167
18631
61497
39212
38767
65200
43158
90349
25790
94435
4510
23137
80671
81661
44915
60382
86017
33603
9025
20132
8478
62740
64423
2211
36148
8791
34304
82810
22653
87442
46605
82554
6030
12636
80449
87337
72617
72523
18472
50178
20670
77031
44436
89209
90981
97312
3109
94748
96945
33594
77972
81014
52913
2854
94429
5037
93448
461
25223
28139
87911
96069
210
96889
66692
81478
84987
3847
49946
6038
51374
21321
13500
16288
83113
85116
62967
81764
49673
26246
95459
98248
68756
95770
14725
2027
65058
7131
25764
67354
1512
6264
84134
75100
16962
88214
7207
9256
23933
46379
79798
8854
55870
63910
59275
42099
24850
76429
24200
54798
67763
67646
5868
35375
37396
72790
46286
37480
98314
65904
56892
20515
1622
32454
34671
10106
90739
30931
56778
67046
94969
1881
11184
1615
39115
17405
18336
37763
88035
49552
17294
58114
8472
63465
8895
69397
3273
48526
2080
70910
35241
89906
3555
66283
79143
11480
67191
82789
53816
16565
32994
23909
3587
44820
12734
45413
80777
26643
19982
8276
19727
24138
1724
85219
42
95564
56624
44637
47494
59366
34062
58004
86451
20100
19021
39318
91052
8787
16080
85311
83941
55905
82018
67239
12752
88992
28339
67932
13772
95562
12425
5994
16620
80095
21509
82967
79135
33641
60500
61708
58432
10720
68526
14093
65628
60682
95854
58249
41244
15962
85518
40716
55310
31545
51423
86866
25108
94882
66978
51255
40649
63271
79270
91978
86635
35346
18942
30080
55146
61766
13694
48548
13419
19747
53458
41324
665
81128
55163
44519
90313
12722
23847
7730
44456
46435
12332
19434
10627
99550
35841
35739
80275
36719
11512
42135
98659
23719
67004
65315
351
64261
2883
93483
91259
22577
18224
44694
95069
4257
62280
340
20616
92382
24014
57043
29093
69985
16093
56529
81264
53015
73026
67308
39485
82180
44180
1621
25734
39940
13233
81924
87570
69388
41814
84004
6435
71534
25754
27823
17947
65531
10696
76884
83948
98307
6391
79156
60123
12889
32967
96749
25520
28114
39898
9870
13149
40652
64845
36873
88968
99210
95122
37158
70007
56157
3083
54740
54007
78623
98693
93946
75081
5529
99727
92780
71786
91141
7541
51129
24701
1389
58045
45153
93783
51314
14909
52100
40006
65577
86775
52246
82335
51328
46835
40654
8611
82462
30199
41150
78093
52776
39941
8413
43162
2847
31377
37183
33558
43367
35006
49350
703
78371
99188
38418
25336
27132
96128
30292
56108
37313
46791
18752
12637
21959
44744
30816
76200
10929
58542
11590
34679
95948
78094
84634
3363
74769
31747
90449
70307
99245
28036
21214
53205
22142
83135
51970
91560
81619
86996
61920
53092
32630
63985
69291
69431
77638
46181
8064
92764
23388
18498
3216
76138
60271
38100
15190
52534
81875
95417
65863
72614
43837
69884
53767
67636
8385
25394
16471
15387
30268
43632
58796
68640
52718
23143
24220
46592
50623
65118
8914
1042
63874
83978
18017
82905
35126
40587
24500
30089
425
85190
32484
35795
88344
4155
33955
30606
22514
54786
81685
25188
19706
70759
38366
14486
73515
73759
12342
75597
36534
42950
36921
9758
6726
95543
59164
14969
55013
6279
1242
42639
18807
20222
9996
21245
80900
84467
22198
27289
31540
14338
56990
64792
8274
93645
47288
83769
74675
66317
75069
24914
53744
87027
48923
93493
18638
87423
27493
43230
26655
40028
19626
540
48930
39638
44675
40345
50021
15609
68518
4712
73642
51431
50232
5226
18504
66101
13983
50653
52488
69572
35190
47586
73648
38871
50969
74665
27549
83477
3584
51611
40425
3581
5833
52196
12620
68993
75598
39227
57150
24225
91029
84303
9146
4420
81318
50959
15903
68949
82647
47414
29680
96184
24900
94930
30939
44744
47674
47696
21975
31630
79282
20933
84646
2560
93307
84987
8378
62227
45488
36918
32820
6526
47945
89410
1767
56494
79693
7611
72219
77247
90692
64600
67406
40158
85995
58293
70165
37656
52193
85276
37056
43741
38334
47056
95163
76631
57796
34645
87728
81057
87341
31647
87306
38246
37347
74901
97749
73432
3727
13346
7841
68937
47786
32440
90470
38985
41903
80705
39585
21724
98673
68579
40220
84631
2824
8079
40491
71191
57607
81383
97458
15262
39337
44169
37605
43372
57770
67965
84328
90358
13170
35511
67733
2245
54540
90729
45563
98541
9173
78344
70371
67976
82639
99576
54510
88559
97909
407
25883
63188
68073
3524
58501
89471
33641
94666
10792
96195
98433
31116
78788
96860
63513
90703
76506
34504
57391
21726
25555
91743
15392
80958
72288
14384
71135
6479
43164
39321
94920
7516
82030
68450
57710
68831
83659
81911
31728
34900
96408
60129
19211
34520
82381
9472
585
52093
76084
9734
61367
57069
43153
38194
20084
2233
29180
8168
6213
13053
70217
94154
27493
35697
90921
50325
23994
81454
79145
91291
82659
79355
24280
12664
47693
66868
61063
89683
29893
12886
60745
20339
60807
29449
1433
39355
96757
90730
76346
3268
61828
82804
87769
5845
49585
66155
78096
64545
68944
68453
84964
50238
46116
93524
58669
58045
98667
6516
11222
80139
53489
16910
27450
37571
44325
49255
33871
29293
81448
30920
81503
87
61377
12586
48336
86767
82862
10558
27589
1626
21750
54646
50046
23348
36505
44691
1499
89604
74216
98476
68574
41083
77809
32760
23565
1642
85011
25977
88407
11773
31472
24773
5742
7703
15936
33778
43858
40299
26114
93629
10447
32788
97422
7862
27997
97074
15461
29996
11909
76289
90026
73425
65571
35800
41866
25897
9862
27771
6774
79989
66549
350
87154
37910
66188
48342
86661
95584
37092
48637
82961
28509
86864
6242
4381
78170
76771
74347
72717
14162
51247
13320
31347
23509
52105
16309
63
8885
69960
55532
48498
17325
4621
91972
74576
46447
98780
82442
88020
57800
70600
11642
88061
49969
56492
92282
20774
20085
42486
44691
89972
30042
93438
98925
33288
85582
13780
41703
23476
73232
20600
99663
89866
11191
28291
92644
13200
10019
69923
10565
80592
96510
31651
60309
84332
22158
66025
66158
19727
90523
83640
37055
56638
86935
62678
73316
92653
50415
2536
96736
41294
79245
50106
9594
93252
79174
14651
80369
46261
83879
22852
97788
37406
70199
98489
37635
13121
7976
12104
21524
46970
800
93935
55683
86831
76319
69210
34689
36805
77452
32137
77655
64239
33152
90384
61247
89026
16238
94873
83679
59684
38926
74756
71172
34434
17029
40622
33975
59169
58259
19759
3422
47404
9784
32797
27633
73772
68995
37839
84759
75030
84601
86012
25438
51933
18463
51713
95923
75049
43556
64417
97443
58368
84333
42950
76175
63680
76062
49542
44517
22990
50018
83458
75617
11337
34616
70856
31456
58008
7770
52760
33084
88674
63690
40899
11817
76700
47292
58351
38634
12412
76634
17463
16145
61805
52824
78415
71570
3131
59765
25350
46658
29806
77194
50980
54641
468
22706
61363
77761
18583
93430
11482
65506
20141
83540
33667
5420
64014
2411
61406
61624
86305
25638
37951
37148
93551
86659
24611
16000
11193
81278
10160
79361
18724
53982
730
59938
46386
57660
41025
47050
28973
31660
27768
4095
37149
55178
29473
57980
98585
97378
54419
63825
92058
51483
98493
46840
20842
68033
83653
11279
10684
16621
75529
80791
52117
74452
96455
52744
94215
40937
91384
15919
34079
58799
76375
82149
75701
33727
84031
36077
70592
76435
98898
28201
39148
1293
17782
95001
22659
52070
93305
19090
95432
7191
25846
91447
52420
82845
86352
3639
2423
92973
13243
7810
59280
24756
23290
76105
76568
64201
52514
56593
24040
50738
1630
95028
47675
50576
54796
17460
7933
44232
25796
69020
79267
44366
4793
50166
26421
32880
94040
65186
71430
62748
10702
64858
91492
58543
77638
3455
491
82204
98223
69598
76084
8949
20187
11173
79146
92056
16228
81565
27613
45721
64746
5411
33007
45352
83192
88326
53452
26911
24996
42431
59191
5867
88244
44264
74048
38132
96382
59323
53234
76778
11400
92104
5768
9422
3855
97202
90559
45690
66115
61702
71462
77902
87566
11065
29266
94776
51797
49630
73646
25855
8247
33889
80304
72972
57427
82946
24519
44822
12583
88241
56656
4392
27827
40194
82920
85137
93563
23181
75612
51816
28555
23174
58716
23770
60565
33300
93486
95762
11830
42671
9278
20739
8246
52155
4659
13845
42158
76028
99069
38281
98212
59988
76810
66955
75794
13920
95385
11987
75493
53260
12870
50904
47361
66926
13475
15730
19394
56038
30087
15690
35869
53680
18880
44192
6597
18786
41509
11961
24393
36168
14342
81507
50522
29690
3717
26502
37323
95031
85597
4264
60977
31649
13632
9949
4202
84532
99359
24074
31386
56004
36611
12500
26480
71922
33497
59914
97351
85962
72137
32844
37480
32157
32231
4694
63917
52918
33442
29197
74240
97466
52795
42692
36418
19137
98768
92075
57192
74028
73493
57173
94176
23202
92964
88389
14385
9867
11243
90196
76064
32424
51588
994
36399
79404
16643
84439
74432
85051
18216
69780
64727
97982
80916
46010
4925
72896
22424
16182
9057
29513
16104
29672
63385
98196
5967
69327
52486
37902
21181
57908
89589
69838
77243
45327
48354
73227
38686
29145
6071
70239
22618
81679
73907
5078
46606
24159
48901
44114
90109
63571
10199
29983
63101
9687
69416
39086
47240
3176
31186
11920
14672
62747
26794
41680
73616
85767
63781
74030
4797
98001
91639
78132
11323
31090
34903
53334
87500
9607
35295
683
43779
90964
73104
32738
30615
66709
26834
23523
26259
77955
26040
50052
7818
73856
8386
30660
29543
22943
27836
86216
64099
55091
60836
15759
28464
7794
29353
88883
87090
68389
23567
84063
88461
88623
76366
80488
7930
14871
18394
45833
74995
91412
32126
383
69613
42229
97538
25949
49702
19978
88651
39949
6004
28146
51905
54468
39357
34401
62028
65825
65156
23886
32663
42146
53185
30391
25335
33154
78858
7857
57189
18355
69613
95472
79783
8756
68352
42062
11501
15311
78639
69148
27830
48402
20692
67843
57843
30119
82085
3157
53155
95410
35719
11253
96254
47239
11681
50592
36974
29734
7723
29174
66839
47764
78213
6441
88022
79447
92932
1089
52135
4333
775
68873
96769
554
51720
60793
98045
25644
48750
36833
72020
91708
23390
59055
58726
4516
51858
31102
34166
22023
73922
48539
45458
50209
45631
53621
99313
15805
16063
92544
72022
27853
33042
37
38993
31369
75027
43082
89924
77799
58330
6105
57442
90163
12654
70736
75795
47467
55992
46085
42229
7578
1906
42804
31325
10607
71582
97446
35675
6585
46836
48831
26779
19297
95379
65477
72
43876
71961
2088
60427
98988
10158
5618
28593
89674
2714
13164
6826
5585
29686
69738
526
1842
90688
66644
63002
44272
9512
4274
1560
8607
43431
22356
44733
57758
49968
94203
70731
23086
10462
62503
59415
88686
61709
70174
99045
22293
48101
25142
95407
9995
76145
7103
23461
89379
6062
51312
81422
19065
42431
85036
75340
87684
64253
15217
17373
22041
9515
6909
70366
5596
89447
73213
82123
12771
37949
82323
48450
95496
55798
98403
23397
89547
66381
69658
91037
1698
70466
56924
6300
32702
10280
59720
49467
79772
13785
90666
88930
7972
26857
66334
31046
71841
89463
34972
22412
3261
81344
54660
46508
9241
15278
11270
36881
50150
72974
61390
27164
37699
52031
32683
87208
99635
50758
5851
88169
55674
75935
20725
19566
14324
37262
19730
87333
59442
86547
90584
20637
9617
49787
1637
69159
33017
86963
2100
98422
15632
18008
22223
71045
61656
63850
83474
65463
23916
40735
29015
4890
4082
25747
31908
11205
14012
285
9837
15648
35681
23293
23174
42307
88692
20594
20682
16119
39454
72648
95393
56504
68189
15374
49233
52668
45719
66214
60740
23245
1756
81941
82802
89970
7480
44954
68875
74284
75666
41499
96195
14044
56485
8539
69786
418
11640
95241
62823
87936
46971
60690
16736
45053
48480
78197
11689
79621
37108
93527
55959
12717
75481
9261
81855
3349
81665
64951
25375
77254
66697
30253
26729
64219
33584
27088
22952
10461
93138
59235
96272
97094
68037
22355
78662
49190
55311
69681
56457
60708
88066
67841
40412
56028
15285
37643
44210
57767
42721
1038
58516
98648
96053
39060
36017
19491
22774
39681
82179
70872
2966
89893
41274
22285
21199
46449
38983
82842
55901
55558
94663
6301
43221
71657
38378
25309
72518
17138
12287
79564
55851
8420
52094
31078
1993
39031
12081
54870
53067
47729
62592
41560
52728
6675
32504
80377
77646
43343
93559
18106
46685
79832
40342
18324
56994
89106
46611
57077
91582
79400
1274
92680
7891
33244
99728
6035
95899
76920
89852
44986
9636
13700
98770
84353
63052
51185
85437
57902
4244
3634
78025
8237
90116
25770
34122
38733
68412
22752
69004
17703
26066
37583
26168
84031
45
1754
86111
83204
18397
71869
27622
71409
59540
44382
58574
17878
71333
91490
8511
25648
63128
9853
85713
96981
51047
36673
53495
34796
4088
64311
34024
50456
84567
63244
76331
21014
93230
51650
18878
97052
580
10120
77475
21345
63952
31684
37704
46939
40089
25292
1010
49252
85740
19156
45477
86934
27352
85409
53394
48533
75081
57340
27325
40908
58719
83938
30345
3215
42826
88985
95075
18879
41316
26717
58824
21389
80331
39961
74932
10102
69370
5521
13096
13708
21668
48123
99351
94261
63788
20078
62541
79180
83683
26418
85116
14854
66463
90519
38501
31663
2388
1730
0
21427
51281
17890
38503
56984
71226
65345
19141
36360
44382
15734
42518
76589
12884
65015
87291
47957
74551
27627
61054
80757
89499
3965
10268
20010
28458
81485
94643
14170
63936
31585
40649
62713
47679
40409
81270
28840
53968
94432
84336
65304
54455
84286
93457
88012
59121
96714
35527
6299
69197
73597
13816
9013
87332
87074
27151
7517
92438
17033
24711
19029
40163
69755
29779
74328
86754
74343
8744
64224
51329
82139
36328
45543
28986
31951
21100
4715
8655
12315
50093
85131
83490
39688
81327
48878
60723
8324
93802
13571
39766
93807
66518
64802
42960
29203
51730
79633
90382
9264
10513
94147
56034
30805
20226
82172
79323
9259
7547
1711
5632
21387
46689
70632
31849
39344
24695
29669
79995
56743
38368
8159
7229
29347
47986
45895
91291
55341
15353
52907
81527
6424
63685
56503
8806
23058
1362
42360
73966
96215
86962
65469
81050
97952
87609
60278
82968
67641
2564
47838
8656
7087
32742
92981
41985
1832
23921
37606
64441
64141
52222
44872
62832
51682
90137
61311
92162
17559
14315
77282
3367
64695
18405
15479
49329
51837
85799
88283
71490
74470
27594
13950
7143
3041
8720
17418
86196
79395
94886
77220
33661
51384
71122
27148
85839
4532
18431
159
54089
4167
9027
20412
43450
99438
46281
91011
99480
94918
52479
11928
83802
90268
414
90855
41139
50624
29585
9090
31308
90264
66373
86214
92028
63921
74188
88636
16166
68688
36269
19643
12879
52806
21355
51210
26971
98082
53744
51779
40931
36512
75415
16979
12597
93279
1235
21503
40073
27152
18686
75296
49179
68011
42914
19439
24329
74780
43774
52699
20138
24186
47606
18871
28329
36216
57082
51537
95358
15317
52784
21789
43943
55406
26272
336
20136
43827
44477
98888
92892
85942
27083
47977
76502
17503
42353
8258
64473
52989
27453
42510
14672
99288
67470
96503
83018
19362
16706
62037
76630
556
56572
20051
85623
21172
98641
37170
52037
27419
89168
91047
59424
45749
9132
36032
94321
72314
81543
77829
38206
88185
24572
36377
40490
71180
8873
3615
17383
66119
51927
78425
27449
32554
15528
30699
90536
39286
55004
25310
45313
50396
96000
93729
69962
55825
69844
4810
93536
9310
63958
74682
11599
58995
89168
22175
45773
22843
21883
66227
38387
30859
95631
67873
64761
76469
55784
78215
75021
80121
93686
17879
50448
24282
40161
52568
7725
62062
20183
77418
51863
87408
71444
37639
61309
23504
83501
5284
76781
10473
6553
26231
51171
38387
38012
90706
14411
76239
81361
56525
4347
31744
2739
62114
49606
53625
56360
63890
44958
3473
36843
81445
96777
56083
10708
77135
43071
4434
80646
17517
99037
21658
47189
19279
29705
26754
29042
23952
16643
32925
58613
16032
69924
1999
86630
42787
7126
32669
52200
45010
80144
71389
82786
66559
45324
77357
41930
30581
73158
43583
21488
14142
38067
27762
87781
7551
92188
96668
27079
43038
12086
83779
19114
53572
13951
29931
28932
70172
96022
56201
22932
99515
26967
33590
44848
2106
66387
46464
2379
13567
87944
54746
98751
68122
68930
59764
92284
45707
70157
9317
4621
68865
37462
89284
26563
42076
88573
95543
60512
17908
93241
10306
52802
86643
88040
6689
1291
78301
1585
60593
90121
90480
14552
42120
64614
23526
8957
61957
31598
38199
76690
87010
85752
74908
18135
98918
92948
32334
46132
37015
83855
56333
30802
44588
30342
16444
82262
73313
90053
52810
23099
55492
60986
30284
57963
2732
83610
93317
59290
69097
55407
44231
55743
15062
73438
94291
33903
43115
27921
41629
16760
35439
13573
37611
3127
34987
3090
67292
38710
85914
37778
86469
37542
68124
20208
61591
77204
28938
90863
49020
15019
10467
56116
74080
45031
97445
24849
34060
52689
89496
88366
18253
95036
56068
27766
7155
61050
19266
46267
47414
27803
75120
26023
6163
39332
5566
25441
31124
30824
23878
10072
42190
58726
4697
84943
84004
54654
26259
67493
24009
19249
5168
57408
5474
86964
24377
35573
68713
11088
68375
36278
93230
8058
66728
99992
56824
46602
54414
2688
45129
29690
39013
31562
63040
24509
50669
62006
97112
8313
90501
61487
72718
93538
85177
27385
50560
94933
91346
35447
59408
21517
79532
5462
60776
95654
19589
47161
49783
19308
45488
88065
61337
4350
69897
46297
83701
56101
38116
34780
86336
67563
16894
20867
9088
95034
37973
10383
13259
30290
98964
75151
58317
64517
76262
85327
55815
64051
35659
69373
12821
57982
79176
69913
360
99849
26873
58200
36754
24786
88898
83381
1601
69608
99075
48341
96482
31307
51497
52725
50151
65791
53185
4370
92419
30540
26376
47381
58929
17366
43774
8473
5749
53875
18649
34714
7642
3342
31286
52444
47579
23160
54442
90581
77341
77061
73302
94488
81433
65258
34521
95263
69528
30129
99007
8916
8790
82518
85144
65148
50921
44738
86403
14465
37691
34209
45609
84442
49299
93506
82854
7449
67379
82218
23745
24048
98682
65142
17117
95809
51432
97419
20361
1153
74722
27867
99218
37545
24044
13111
56408
41081
20627
62923
18493
67208
66253
9755
51194
55820
58519
10168
23628
15682
39902
53598
71179
34267
47962
98829
47356
90052
90804
74338
15036
33200
79849
15922
15260
97796
43782
74499
77005
72894
54803
58118
85393
75235
31084
19412
38480
43716
68682
14916
52972
60748
76385
42183
84044
97385
93570
12864
88277
43092
31201
10147
22263
13150
46705
72745
46499
7961
92011
47693
6555
48321
10413
83303
51233
77157
20287
73346
94737
11990
95153
80731
24683
7050
91232
56696
93448
26573
11959
38307
69870
83910
65586
48674
96542
79617
45022
42293
67819
67134
75964
13323
36773
30229
36293
1984
90035
52899
20263
45943
55135
71990
20142
96496
62412
76562
80510
47143
70466
6301
64540
26281
52874
20301
73196
9811
7669
80780
66580
68809
7382
83269
77248
33007
89808
22990
9919
91239
39850
72113
49355
83688
7296
19577
42598
31352
86163
7350
30367
87270
74688
15244
58708
69222
29261
13630
26226
23594
31455
80179
11735
73689
77450
86626
80281
12078
72576
9088
7199
38320
74347
52419
91277
93673
1749
1425
83997
28390
95460
79082
31784
80362
740
73999
81989
4847
98492
63245
40200
48538
88354
15530
31692
6810
41578
82987
59755
42077
65401
50623
87369
80206
66361
52940
61393
34446
86885
92692
55383
80206
45348
73123
27133
79239
62738
59416
53009
64791
73946
4654
71475
12281
86272
85093
24949
72639
20410
24946
70811
6350
21375
46592
27265
38613
72664
30497
58332
51019
98867
71253
14905
60837
77174
32309
12129
91217
74832
98461
29246
7859
45003
99124
42071
67289
16958
5305
75031
65404
82911
43116
49164
98134
47189
87765
87052
28762
25164
61909
95601
30452
10626
85064
39429
10622
27742
20724
20537
68348
86016
26800
62415
48886
85651
564
48119
23599
87391
30553
71318
26214
74300
57036
64899
38217
94689
98164
94508
32784
94265
79901
4085
34301
3127
83393
99232
42862
25953
35987
64264
46140
29287
59623
63463
84788
4279
3137
8216
41904
70153
40440
25879
96657
67797
17063
84324
68602
84837
43312
73350
94060
91364
77005
30892
17050
10166
73877
32303
19752
35105
66823
21619
18501
25065
29077
82508
87298
5402
95088
29981
21902
41630
76620
38812
41519
31054
7728
52786
63999
26053
92381
42942
12673
27152
35641
23545
74238
70978
61686
3476
50113
13508
8803
64605
46699
62474
64751
61889
58291
8928
76949
67467
85598
70019
61577
90411
695
52876
47485
20146
17419
46727
77936
94745
8963
76354
46324
97953
9279
19905
28986
99668
40044
89934
37948
18027
68065
89613
93607
38762
98972
48654
87843
13126
37620
42108
32385
34662
30330
33682
68160
68967
63729
40333
44155
7449
90087
29085
1106
38887
9839
22229
82036
89812
65373
57377
9798
43169
89661
28855
13779
39051
12720
28295
12527
96977
55076
74444
27497
19571
53038
52612
74445
36309
40839
24732
9012
20611
33728
52421
24201
98703
30339
76003
53048
39126
97032
47075
85524
65857
81681
66540
6053
37288
68963
73103
60045
85744
1601
77753
33782
55988
64646
32967
48506
87297
39775
44888
33165
46972
74819
36702
28779
1535
33072
94638
38874
39040
80931
88120
79740
14642
8659
55120
35571
4036
51658
22666
45136
25672
92961
23973
72123
66095
70135
31454
50969
49583
26990
93541
84572
96102
11299
33804
94605
74648
17192
90076
92558
4021
38047
80034
88175
70646
38389
53223
7568
57573
68792
51997
70190
32476
81175
82901
10571
96742
19508
96845
68926
50530
2728
38822
58868
83911
58164
32980
88194
50689
40928
67535
84425
7960
37266
69191
86116
9297
92428
94516
13328
1262
79202
1099
77240
92273
59382
92268
14173
26911
45810
32312
25726
13407
51746
22657
81002
20769
9867
26777
1919
84507
15308
40972
36157
47215
50063
52650
6701
4680
74316
30972
46535
63299
80411
120
4293
27883
70771
70384
56930
76508
84836
27172
54125
7241
9965
29624
11696
69146
98171
81824
72120
71693
72864
56343
53344
45084
83595
87727
73630
25759
70185
1155
95370
58632
15671
17449
22375
6925
83523
5603
54095
7395
25919
77844
98527
55685
27264
44848
51516
79860
21881
17932
81568
48984
93391
88404
34789
19429
61049
45339
62797
11577
63575
42093
33932
67713
5547
72577
31634
828
6296
73898
5657
74807
17365
27276
31527
66839
9710
67884
84352
30549
44984
53697
6348
12739
86447
61670
27456
71597
76622
83537
85612
21979
86153
75229
44128
88371
35178
86372
36284
67387
2439
18793
43794
56540
33789
91697
30362
3842
25227
77265
49330
28287
62893
17027
65328
35632
47250
8434
9126
89432
17885
68597
52208
8
35477
35961
18652
4512
64201
65302
45879
18830
12036
22915
7888
16181
12552
42310
69547
27370
23306
22116
37669
94296
86154
34742
30399
19651
3918
5660
51273
38889
30074
47116
21740
77125
10414
11843
90643
9709
92347
37532
20855
62491
70787
11102
74438
23976
4940
56079
6128
46196
67201
46183
34317
81987
28742
3455
4718
29089
54453
79752
58718
67846
29530
82008
97973
6453
29959
55200
68346
84094
31349
39321
95345
10627
5912
8636
14536
97272
96445
86864
15706
72355
96514
71646
17247
77091
11922
43297
14545
43470
78717
6554
38554
34994
40816
74111
99391
38844
71605
6291
90787
40599
67114
89777
78841
62861
59702
18466
4363
67785
88942
58478
19200
33436
36867
33583
52461
45598
89060
10913
99899
57773
54616
79221
13136
99985
68528
14981
21757
45216
7565
7234
72100
89917
26318
79433
49603
25050
57395
68020
32417
30079
55763
76204
44020
56771
72662
39612
12077
65655
86000
82721
84225
84354
2107
5918
96948
67591
78319
56108
89668
77923
44193
10127
54287
62226
49622
14467
10562
33489
39170
73109
6944
36990
73121
9294
43275
47227
65040
29258
88114
74578
98857
97447
48534
54994
13178
42681
82938
66072
90593
27578
22567
98537
28454
41343
10266
92923
5781
9349
87915
13652
65398
91562
80219
8970
89835
44761
67640
80297
36709
27677
63951
65235
52675
65142
11600
39105
93289
52330
25431
77672
36249
91378
18684
61015
4752
94613
26424
36188
43199
84179
43154
15335
20612
42999
3845
39431
77189
61200
58768
27152
65481
99097
48795
30237
19379
22899
67456
11122
39739
35028
34397
66843
43339
24025
6261
92080
38803
29335
98973
6074
47785
26799
91306
29519
25313
16448
68213
32249
80612
21079
11719
45940
62928
74497
49671
6454
82124
22465
63549
37834
96902
35836
64418
80725
65643
19378
10822
96185
77411
32263
26174
78135
74726
10559
18152
47023
30143
62345
56604
15140
18779
3186
48241
15739
94446
80890
42920
34625
55171
95364
16057
43820
81085
3782
49593
96410
94990
53473
22437
90390
57043
33482
52717
73305
51979
9543
38239
51724
32371
6965
48879
74508
2783
2598
51521
26054
790
81320
99571
52002
2986
4640
69641
16957
84147
97110
438
24110
80904
71434
50083
47466
99257
18468
86080
31234
23083
85801
64453
4618
42033
98409
41699
11445
33539
54454
99211
90748
95614
78095
24667
81853
63928
70330
57889
73792
63102
72752
26605
55221
33996
99921
86711
83385
69383
12665
87050
16824
47227
8651
5804
44204
55917
58665
18314
68259
37500
39718
25221
64671
97176
28626
3315
59766
89503
83445
61012
14042
6576
54679
92658
84531
3982
81659
65171
38568
7603
94860
30335
16221
69454
27728
42184
30550
28378
71001
65722
98170
47901
83930
8705
37555
85114
77335
77041
2097
71859
91797
11415
20494
72798
4720
30490
95564
90498
90219
57548
5403
90575
32130
39347
84247
68248
12700
58158
36493
51886
2365
43270
50814
6074
3351
64788
14269
58678
61792
39433
82290
35912
92574
47453
64385
88092
54015
52087
50885
95837
28518
81718
60213
96272
61823
74714
63048
85838
63092
41138
49813
99804
95704
33219
19156
24648
95040
91409
88672
87329
71410
461
47453
88883
98645
35195
86998
29470
20584
35295
94592
10483
9455
84004
63515
50315
44167
62376
19478
88707
50171
36711
24433
46199
99183
22627
53150
90938
57977
34253
65
30095
80368
70099
89975
99880
22301
98117
72274
6104
71182
9925
79906
40567
20265
30955
13776
61042
94622
95538
19108
43532
81781
33763
89766
47893
12486
3675
81985
44804
70695
27932
21603
94452
49440
88589
65058
67705
5690
20463
46585
23006
52918
84157
57999
84477
1723
91678
281
48666
56039
37835
53557
72380
95462
8631
27319
3528
71905
19776
90497
80347
72909
2417
64011
49508
164
63441
43171
71549
66801
74892
16686
58052
69157
87643
55436
18682
96582
96594
95033
15990
14087
55079
22703
41575
10995
15418
5449
42181
85219
66597
84035
93139
67183
49377
7485
78707
94401
38610
41118
77189
55653
52720
69429
8638
23292
71252
16635
65409
25456
88635
43765
96860
3426
28090
99125
46178
11231
49790
46783
87104
72657
84158
58441
29278
88114
21056
36316
35893
67995
64740
73560
24199
46170
73169
27891
82495
43298
7162
353
34950
86652
30733
28688
11583
9980
12344
34859
58944
62222
13656
6622
83597
23055
23967
76729
49171
31800
23649
48877
75485
84277
70779
32211
85015
21908
76961
67372
39901
88601
45603
57539
37246
46959
42235
46703
83
92888
96949
99444
78678
14469
98619
63881
52960
7041
74524
81685
11363
30823
90393
55859
84129
80053
56780
50900
23239
28280
47989
4163
34762
54086
20994
95907
80668
21803
57018
10293
11083
4443
23014
91094
41175
61703
72188
24901
8685
89066
41738
707
16388
7747
67387
70226
4691
11293
15113
67488
23822
69577
2976
62429
3323
41965
16619
76839
58325
19318
26877
12935
56444
15241
37821
99284
11319
77016
66415
90742
66024
10928
73243
84677
58090
74126
62781
16240
45385
24018
93000
69753
87869
7083
43799
62909
84453
28882
11410
17233
37916
66227
13913
17192
66811
17190
8400
38578
25195
41116
18343
863
99332
61557
4933
8257
34951
75342
57745
15726
79349
43127
68988
38148
32042
67395
94158
40680
42266
51833
67019
3559
39110
52359
60898
92861
30650
82678
52658
1172
93222
98872
82073
76772
38071
14526
443
84089
99730
13638
82699
28018
80300
21010
65081
58054
56361
68180
80664
31905
14671
71077
64299
61804
6
38741
83339
74026
36494
36188
80855
13374
4253
75279
37913
23818
65299
2766
45553
7603
3676
82395
67904
30656
50530
67621
11187
8769
29164
72386
81930
60717
51672
21051
49252
59747
76400
673
59657
18994
45739
98429
3700
10804
39747
1477
60570
245
1998
11947
2843
15729
46363
98735
81316
55644
64843
25877
59679
23899
24138
25297
91256
42255
77704
20031
59212
10418
33913
36271
22928
21850
86885
91965
3611
3066
9036
98303
785
44392
77530
43767
72206
25273
52803
59944
20683
82824
8731
77574
84975
14006
29204
69094
12725
67596
76437
500
23894
77052
72916
89860
99795
43237
80336
35712
68834
53364
74541
8256
56818
34567
6060
16151
44316
68846
88870
18346
92904
72459
83430
61916
86073
38648
67232
76740
67126
43207
19730
160
34102
95588
93493
11907
54727
76407
17344
86473
8956
16774
30777
99468
44912
58008
8856
62287
7131
43155
22267
10807
49520
71271
86976
8218
19376
79044
43330
26895
36943
24869
64338
22693
65184
15024
46033
30032
63200
97909
69512
83806
51516
26164
11685
97959
25024
30748
31858
37635
51006
89454
19891
24949
7575
55808
94844
95685
40136
90941
20301
16396
19283
73417
61963
91880
19081
6243
70908
74799
39282
71779
54334
9217
83545
87715
46084
30262
43766
73753
58190
25782
6713
2690
76292
85383
61200
3995
53072
96545
70421
58121
51509
81054
32343
21304
71631
59117
55715
19521
56488
67525
75792
72964
11156
15990
10660
5845
59690
92444
14373
74547
30400
32141
12896
38227
76642
43954
27632
49275
67182
46258
24747
95275
43791
17545
98991
64758
16243
71575
41092
46989
20843
93685
6158
93181
35072
56995
75570
85039
61740
27613
13890
72397
51292
11084
5735
49157
74432
59192
69482
32134
89131
27899
607
29510
61422
33745
32942
61094
76044
93772
19327
48237
42585
23875
11553
69777
90420
13930
45080
77429
25342
33598
2913
61708
80021
17399
1571
86588
38290
6815
64019
66909
67356
1857
88291
71488
76486
16507
2057
71757
91660
22478
66792
50052
35525
20372
51613
29733
92901
26449
23784
9163
17842
26273
26069
18964
39489
22001
32550
79580
27981
68746
85183
87750
58355
51593
63853
59516
7468
58698
77876
77806
73256
55042
55731
38230
5187
22059
20310
54780
44263
8250
83448
99702
94110
65772
69651
80583
82514
82783
13606
81832
8708
34942
83553
80933
21509
54580
35952
95166
26259
38274
62274
70061
68308
34699
98101
10951
61704
35084
10943
98139
31822
8329
6491
10840
56182
58467
85519
11628
40382
67142
9622
43302
43659
14558
7983
57949
24486
71209
57600
37386
16912
25799
33064
17359
31715
49295
98880
56923
1991
99996
91821
85894
13262
28388
59622
57847
92173
36296
35676
27301
60983
29639
82986
85049
6615
63694
96250
16851
13642
75210
10034
84356
33622
40222
83065
40280
94795
74288
24202
42262
82901
30013
50804
88224
37339
36333
12395
62901
30615
59041
86767
1526
63922
21225
26870
15366
91035
36946
89145
13546
45956
2045
49592
66671
99770
84042
63659
77451
30943
83635
60710
93212
57989
78613
41735
75277
78792
68649
58879
72535
41353
17842
10779
13860
16035
71822
95247
96303
6508
20943
78974
66631
20554
22468
77672
42737
18767
61328
87215
10157
5714
74140
75272
16529
10923
43656
79611
10194
43755
76028
45879
51970
2806
5053
84726
34419
60350
40956
67687
22553
53437
11816
67038
43245
86223
34051
57332
74669
42313
58770
64828
30465
23578
90382
96740
68537
16028
824
84804
41235
56663
12586
87910
76152
13907
3592
94641
94310
98167
19732
43604
65192
19683
56417
37292
41985
17702
26944
85682
20871
19645
7702
73988
63884
75433
12175
32654
61849
95467
71723
65333
32947
68607
64566
74272
61215
41586
79094
7747
95969
71746
20989
40457
42240
53553
68287
38973
24134
98788
83933
63861
27363
85950
9151
92380
72017
66452
26241
58939
18867
40045
57764
77123
29142
94360
8165
11929
63705
27402
20491
30686
59945
87538
37146
35866
25157
27931
62084
3653
62081
41502
7583
88209
17542
99073
59986
61623
75157
61039
44073
8061
13900
71925
8712
73249
5858
5431
23195
9541
85644
29709
68940
86871
76994
87197
84334
80987
35675
29814
58998
69367
46741
13958
47082
6331
15282
80793
20082
68075
87580
8110
87658
84906
96648
91095
69593
98468
54232
37326
83036
48249
78171
26863
13404
14497
43791
10070
34366
90496
13159
39093
61561
57416
15943
18769
48386
61637
66476
57338
51651
35337
58313
32549
21386
60981
69707
12808
33341
40032
55262
83666
22444
60903
22089
70436
21759
78001
60565
19824
45550
73022
88651
52876
68623
54348
9115
31091
26090
84549
42968
22713
81353
19368
39072
27112
84523
61746
29210
88764
69912
54601
82584
53559
77870
79813
52284
68641
3961
7739
90327
40800
50530
69000
78508
62576
5022
32150
8340
36256
56711
90414
12218
97481
67272
64346
8614
55787
51634
86997
63255
68325
93836
36978
15369
52305
54695
60230
11863
17882
67343
49331
47322
38362
42973
94385
53903
94773
27881
22683
36534
79884
75453
89492
89366
30494
55973
42900
7903
77730
48291
87891
27944
94425
93791
48592
30198
23475
3451
23294
52062
46273
31012
55692
99905
29107
21284
30159
77078
72141
82197
61135
13062
13802
96272
89195
38673
45133
28068
58985
80750
80768
23650
77022
46607
57740
15060
69558
15618
81619
22958
56481
5268
43661
99676
43451
66161
84125
78331
79317
99015
52623
29285
73029
15528
72688
51780
88263
39117
26602
1159
18766
25271
21019
96562
78796
88529
49073
38607
26841
36754
55396
34083
84451
44063
32527
16700
6515
25837
43885
35622
71544
5604
57836
10045
24594
95231
64753
72796
65085
19503
90216
17524
45911
52703
68293
58552
63792
5459
53660
62101
47885
53418
72281
20671
64697
44194
9053
7399
75785
74074
44406
72553
53610
8882
10554
32033
34922
20815
56672
36797
27135
3004
37915
94830
15831
87850
61395
66680
88830
76535
63810
44841
73990
6509
86408
70022
84406
48033
77899
1569
5201
42396
38702
79975
74625
37718
46957
38518
37024
88158
59986
57899
81603
90390
64951
90521
83396
95131
18265
27862
55626
98435
64278
70991
62679
23327
15267
47836
85901
35744
55244
46254
20286
43254
62216
63557
75248
89907
54295
86878
47849
43981
57020
11146
23740
21891
69265
14778
31471
46263
3180
54837
40552
281
50444
94956
51700
40229
86847
90949
56820
44099
14612
99635
56549
83724
7991
18631
71754
49132
14159
43584
21784
8419
48400
49277
93566
72069
27389
73491
94703
11649
70814
46299
75693
99999
57593
19522
46611
31618
59152
81700
48863
11246
51895
45971
82394
68163
16913
38481
76773
97927
91270
50141
13123
76705
21859
51913
81117
45345
60462
90634
4118
97182
45348
75146
4779
56504
2864
88856
51750
34268
37578
60222
81408
1829
27754
26258
24464
53663
8488
96006
65813
62790
93298
60347
38363
39950
60873
36402
54766
84412
63000
82659
57912
50033
45617
48070
19352
61447
38310
1679
24802
32692
95489
16471
53580
7116
78273
89941
61148
78115
59409
5995
13164
86127
57959
48509
14775
97611
56342
82844
68899
46585
87184
57569
29419
46335
96251
73269
55335
94098
18510
84589
42042
3376
92649
69235
8472
94663
1103
78687
20402
6483
57249
44420
39008
15877
29367
85191
64201
74591
39869
69835
94674
62235
60969
49672
50305
98795
32021
35961
18892
13884
28349
22036
52579
3700
66038
10421
5815
31098
62696
31220
45733
2516
34634
52117
29667
21963
79929
69470
78662
97324
25748
11810
46478
41032
8887
15484
30958
42426
75602
10968
74587
1608
90758
79147
12465
72547
31099
34434
32349
54441
97377
3864
46378
98538
29505
91714
97995
95847
34046
30596
65666
88950
68878
1446
49707
11202
57615
47073
92584
25744
53832
35924
93641
38332
69213
79315
5911
71842
91854
83775
51454
19544
74669
63088
3061
25272
74906
5294
86091
44188
39260
16991
88016
41730
65982
73787
36957
92143
76932
77372
16353
31024
40201
37905
99080
63739
35735
43826
79082
25300
77793
97965
90478
94955
94944
89983
7001
92579
80264
61790
57207
49262
59335
54643
70757
8532
25594
77317
99992
14514
54507
39408
36973
65438
35850
69749
38286
8649
27975
35307
95582
47166
55050
7635
69217
96423
86031
27817
50731
75502
13281
68630
64580
72545
92754
27427
15188
4271
61204
93800
90257
6383
42551
1154
24385
13951
25856
67074
50542
5130
77474
79554
71814
86403
31643
35699
80556
57358
77197
90579
76063
53118
34936
75002
25796
26937
64113
8595
14610
26423
87777
21671
40570
79689
52765
17812
71505
81335
8605
49597
14812
38050
74170
23900
32151
8040
69705
76403
97794
35941
90447
78111
33608
21878
36992
6669
86669
55673
95641
83367
28083
36433
26965
20775
17129
13574
72207
12556
6577
45001
47638
6666
56044
23285
51142
75836
62213
10096
93672
97812
15895
8241
43784
6963
19579
41627
34511
55925
81841
7
62301
4451
21323
9249
60964
87948
27281
88969
45700
7405
78868
96954
83998
28973
49939
29255
76664
10886
14659
75776
87212
71229
19423
65268
39085
44051
40492
7057
24375
72276
11942
71686
79857
4076
32909
43754
66146
97721
92198
20054
13741
80668
81551
47501
34571
59081
4483
90524
44484
58846
78502
8411
86121
91345
35342
94163
41809
6977
36910
19130
51661
75566
35712
30554
62058
57189
7629
24977
42499
49972
57084
36977
96833
61948
18998
32550
69168
69892
52530
30136
24254
28457
4706
58278
76307
41555
28856
18035
40
52707
87926
49245
40134
84297
29617
68839
54171
35763
87841
30841
92027
39295
64392
14494
4497
31697
25724
51851
71713
10976
24915
10495
10171
92202
56938
61093
56926
64488
16818
81558
35239
63709
56439
1468
79636
33671
78798
80434
92249
10488
22907
39751
7422
78495
70236
21057
56115
29407
29750
27165
65713
68385
83674
74741
46127
60485
6035
17435
4829
77684
7822
29826
88673
55153
29638
34811
97740
94382
68204
7933
4151
31002
53008
17310
26047
60152
34510
28286
44698
15403
18551
54915
74773
8685
1211
14782
49069
48639
31376
36684
73350
12731
94466
18489
26986
32421
4055
85471
53697
77344
5053
21837
48874
35260
43731
20227
97972
90541
74321
89945
12475
88440
82133
33470
92674
99974
17802
31710
90633
603
47734
3645
76043
15904
54049
98913
99671
2364
14878
96268
96521
8353
92439
93862
68709
963
29625
10169
13647
92451
40185
17782
14697
44330
75041
48437
92266
71857
75868
8409
97112
38141
10105
27922
35586
37672
83199
50972
55676
98394
57006
80645
49143
39639
50605
4300
45116
31794
90294
23173
357
67775
20954
41337
35513
21189
73746
16234
43938
66866
87299
3475
54861
48489
21997
46798
3165
18295
79312
39920
46507
30404
37788
44815
91294
11204
38420
76195
16484
173
86397
10634
11018
74274
58920
15558
22878
69358
83770
20257
21950
61645
22837
75569
1340
52260
74533
96406
43025
62289
68489
8319
74011
95677
52315
42573
30100
1901
40766
25328
34192
21048
11843
72333
94323
31315
4344
77793
88108
91592
76782
54399
85746
1605
1797
30965
37946
89649
74550
1805
20210
23449
80284
37327
2621
30985
74048
90148
22219
79350
54240
6197
45972
4216
38588
10098
11954
90709
51229
87182
97432
58871
79329
59143
85618
1568
74919
66948
30362
85012
97843
35352
35220
98869
21791
12227
20071
45804
67999
79127
85593
23235
6063
71927
84869
3087
61275
22556
86204
34635
28874
64369
40757
94592
38696
65022
6866
92576
18255
3811
28817
68114
18834
95866
98347
31623
29349
90014
97164
41995
86540
65771
26256
47447
7774
30171
36439
21860
67189
57007
92772
55034
72789
26191
10680
18022
40407
79592
40197
54826
40306
63636
75858
69966
32676
70552
32683
87860
35938
3942
90337
34729
71418
43939
5701
77367
52833
82115
76956
73848
73342
13072
51264
12902
51378
91754
42356
58029
72034
79880
6977
60289
83842
72284
84977
26284
960
50421
65863
46335
85386
39294
32601
76234
36509
90628
90604
78823
3724
86420
73515
78097
72521
43715
95459
75282
41171
16199
94429
75129
53116
1187
76121
19691
71797
73568
55811
73776
24440
81302
85077
91278
94962
93290
49033
27955
42315
49841
75801
23947
37427
60979
71477
92690
79179
71563
41280
84995
55949
43019
94600
975
29625
11228
5024
6474
49726
99330
62075
50271
55713
51998
80807
70531
44652
89870
73220
55655
65654
17999
40576
41415
65931
56770
60176
19039
67928
66124
49005
91710
57109
85944
57064
8178
16303
33463
2955
15939
55985
2664
39598
42396
73518
28722
21139
73379
2254
13198
61215
54698
30291
20513
59957
70878
62278
85895
78800
73693
60931
9260
52348
44676
19806
63987
64594
93798
3536
53882
53070
35961
53890
47028
16271
67915
62388
99638
61963
55410
75147
96046
19020
14624
98165
22604
83915
69077
28954
39940
47687
36783
26145
50476
45314
19772
13052
80513
89785
25872
64945
62502
73246
71122
58885
9452
9395
87376
21223
65677
5988
68596
10455
8657
94882
81198
36017
13044
87928
3792
24634
62527
5228
78681
57157
85075
90643
69833
66403
6404
15537
23731
42085
25506
2829
27472
44047
70450
61165
54192
26266
19451
34130
3820
9318
88029
36050
41399
80987
74972
24142
62995
96794
61243
90288
99775
80229
22114
33187
29422
5319
39970
25519
99475
66337
93967
93615
65176
7890
68972
78033
73902
73955
74213
14633
54975
22252
49429
26706
87647
26886
76808
45795
22913
89038
39163
95657
15750
42931
24288
98406
22768
20284
5533
28454
98644
39673
26868
77690
64622
69572
29597
42804
71055
27219
82799
51869
79153
38494
71037
90358
6859
11335
3069
79401
11167
90763
69541
67019
35857
62691
57743
19696
62611
2711
28763
86987
36635
68960
48818
23137
9462
93688
69224
92233
63381
94497
19196
14754
29350
45742
46362
87857
81438
41810
85151
55733
98001
43299
37244
54696
57764
93418
8147
45173
1274
2026
65150
76593
36203
11979
7600
32024
83123
77058
41427
89380
61830
57471
50096
37548
15969
45522
24238
18263
47804
2426
92145
4923
64347
51916
23363
61879
86212
80956
61425
7881
38059
31307
7116
87436
89640
89550
80880
26258
14954
44982
47713
57690
94245
35297
23793
49327
22599
38941
69438
93308
50505
85172
19736
92111
30689
94553
23872
82089
33652
22157
99788
93695
13448
59501
27912
52497
25815
78556
84630
95845
58079
29609
49974
95359
85719
46621
61632
10430
87068
73731
7086
2134
21162
18228
71831
2757
48294
79806
62390
27476
81176
63728
76905
54413
75990
19492
2261
53236
34587
71082
47079
29347
47702
55885
66197
84133
50015
6181
34115
59343
83940
21432
40514
13142
2050
53325
25811
33905
33007
3535
18761
33772
70484
86458
93900
85829
86936
53701
49337
35175
94200
96204
49767
10529
27603
76920
52900
11107
52129
90285
23198
52084
90531
52337
85630
722
78165
97364
55919
18759
63296
58496
51741
5124
86957
96510
87192
61
12020
8226
68823
50080
90642
60725
34137
64499
87897
573
19878
19530
14625
31211
69236
10146
87068
9760
60487
27325
88520
21309
72976
57210
66141
53286
23030
84656
10246
67505
17169
81095
52876
64529
46482
26291
7278
48794
79009
49901
70989
14512
64383
3440
13348
51537
89674
77293
56724
41819
95135
81228
60381
80635
22233
12384
89193
55379
78935
15845
21379
42503
85052
34584
31013
36005
89296
63763
22799
93294
54276
53443
92563
53445
21267
86024
65964
58227
44004
37737
72623
40085
41963
87890
73690
45763
50383
64075
9834
25245
2566
45974
93737
17588
1533
51684
96963
85746
79156
91860
44857
22471
49254
12233
41455
81169
32550
19783
42592
45831
74245
6698
11761
64674
10096
58755
15715
76744
94229
44561
10370
39959
89062
87703
75130
85355
81719
69023
88202
92844
56130
84555
86608
11031
28202
23987
65636
80198
67548
23264
38433
73887
26289
580
79806
43510
80144
82836
49530
91584
71216
31300
59318
60725
75003
20829
51868
96480
61039
11901
16029
88935
87582
72971
95289
71890
56725
15861
18839
9050
60537
23240
99317
2511
92045
95883
75385
59909
46800
70201
19909
97052
79044
71065
77065
88011
7209
21339
54867
10121
35560
27954
33921
61527
81324
29800
40055
5229
24522
35746
60588
14272
82625
15218
9247
22316
52572
67731
14311
77860
90837
89188
9512
60307
26068
13796
71137
60590
309
96070
82337
80632
6919
73233
31066
92977
2864
52951
86447
86300
22670
18544
33223
44716
33048
98578
16387
56970
25667
17135
31660
41157
42465
88236
16133
95831
7268
74105
6784
9488
99105
93713
95340
85954
18959
76176
78444
15304
71278
70124
44579
94195
33604
7601
41388
38802
60898
58973
2822
11037
77958
61525
70827
26590
75994
46018
92834
91293
76409
20748
49067
39495
11474
56017
64504
72186
15333
64673
32795
69840
57290
26265
5849
63013
22801
36667
94046
42950
28291
12774
58155
53976
45224
46711
37866
72866
15970
87964
12898
32377
29175
62929
71077
80038
84428
79929
75143
23477
72460
89274
7594
99069
59976
59253
53364
6695
97880
97824
96130
74077
65600
66082
17014
55088
48046
5771
42795
90629
36255
98381
97673
50174
18977
9851
84596
97
45043
83453
28831
66343
51561
11373
36510
23171
52972
23857
91705
33548
83870
55477
88252
95017
70011
30116
63915
16248
32027
72067
86067
88476
21523
842
49116
51201
63612
30880
4186
74252
71979
17042
39843
32003
78879
3887
54811
52534
92954
20291
54187
18089
96710
26190
3344
66720
98041
56833
3919
24774
90771
24724
19430
78169
41828
63110
16286
2677
53771
87058
66428
29115
29977
80587
62647
53150
77683
98676
71364
1323
81270
7518
76622
27986
3989
91999
83937
64309
64894
29035
66053
36780
56828
19058
999
59378
85813
74102
81011
35023
1458
30535
15294
40899
351
67708
59552
67788
26569
62800
93183
67828
18660
33719
15878
91963
98383
61340
38388
51676
72367
87065
5233
80670
81047
16753
88252
87385
57929
12685
75615
46787
22967
26289
11844
97015
78242
30106
21409
75744
20484
74359
7854
1415
65961
53409
85879
75639
74679
28857
37613
72777
94542
9980
24376
58417
94378
35589
12647
85732
85254
33791
90887
12324
63643
56229
38993
27050
29383
40281
8350
67663
9000
57981
65686
68951
30599
79953
38406
92667
54097
17417
83472
83217
8384
66026
72988
14137
74425
97026
90285
23590
21007
17441
79630
10152
4389
12887
68971
61298
97264
72428
27227
73965
53658
21782
23515
7832
8131
20954
92151
78522
10306
35362
21441
29350
12938
70423
2435
22473
78088
27931
63249
90900
24968
486
66808
50272
79127
77371
5716
60546
88066
96167
14621
20877
95262
33845
68096
78495
513
3760
59404
99593
60974
50550
72099
55102
80846
75958
30385
5911
78969
76518
46169
87296
6005
87619
40810
7715
74005
35973
89968
24367
38690
8574
3719
51716
72951
3952
37643
19870
87526
45480
53707
37500
44664
10459
90555
56300
12946
38203
78281
41076
5459
17013
85223
55967
41497
28747
359
87747
52036
95497
83077
1483
60658
60806
82301
11846
55114
4825
21054
55275
62356
49589
11479
12486
61381
13667
10093
24356
23288
48123
1646
59383
14392
48414
55072
18726
11706
73746
15251
31893
43111
73723
7829
80524
3608
88435
16356
11462
54778
11206
37054
33944
65616
14348
27316
98396
83992
61987
1181
59482
98310
88361
93415
71250
67276
34803
51880
70472
7259
81005
59090
53740
63235
70351
22725
48260
25462
89207
15743
84761
38603
65865
78447
37467
36351
65920
70567
58482
31414
78447
94575
38658
66302
40569
80085
1018
42100
74345
77090
9465
69824
66863
25033
82845
11708
29432
67737
13769
33138
2633
32786
96115
54947
79799
67092
11175
77827
52357
99218
72795
63618
24155
52486
49361
75622
32768
39966
10850
13108
22421
13524
25101
56845
25197
77051
40316
97525
524
59861
30894
80879
86042
50081
75335
57411
71940
57650
20177
89378
82416
55067
21004
5697
13723
91271
34649
83201
88689
83429
20863
49807
96265
92224
72440
4870
89786
18796
2364
12914
89437
62044
86632
69936
28960
5009
32650
27346
65060
33805
1419
80318
39701
5254
24089
59158
78627
81110
82000
84498
47969
18766
49061
53129
33753
55403
22479
84239
66826
99873
64722
52440
42304
83668
7945
26011
94767
34277
51823
75474
2955
89737
56746
66269
7046
48726
88629
42278
16551
15446
41737
88351
92099
98302
65735
39751
31803
73657
62692
1420
24690
19581
11378
10059
51945
70751
63431
8851
84314
87873
32171
62599
52749
53130
54563
82146
70009
70959
62805
84980
64763
75661
7448
15019
72044
50104
2266
45
75394
10221
9805
27297
88422
86308
16879
56334
48493
45953
36244
81371
94133
17770
23186
46614
36029
7891
12745
8368
10466
76181
93101
20069
16082
14557
22225
90073
7023
40896
70610
4190
42434
21260
70941
89458
9720
92634
52958
13734
10430
71008
73638
32953
45652
79427
59000
32226
55793
76649
33552
50221
46612
22572
60016
61692
56994
82251
68905
61487
56032
6331
40962
80031
35726
6970
49704
39492
23422
60548
12371
71830
78128
24350
42352
58480
78188
11824
69104
30640
54108
88496
90860
77595
48611
82137
65427
45566
62813
41947
31410
63504
40404
45163
60927
6387
72540
94939
53474
18873
77580
2373
88001
22595
22393
3072
44262
89668
92817
97589
21615
87364
83825
35436
34802
85184
47812
3551
48010
58319
67832
42576
41986
83584
39102
49974
67453
47295
17630
25267
76448
16214
70165
53697
32701
51952
28076
38186
17757
71449
94614
16119
75496
23745
90885
15968
28596
82239
72554
66979
83016
61298
6983
81328
50476
12611
18707
32608
7567
14278
8457
37125
67540
72159
75725
71069
61818
14946
36477
87040
70439
84978
87663
78681
83568
75563
65389
3858
10344
82652
95785
92807
77410
68907
18014
73981
93956
16413
5318
38987
49994
38733
56562
86006
41332
59289
58537
83451
18222
3644
927
2566
46618
84885
66545
70975
20827
47239
48539
98372
79456
59194
74678
56817
83948
74240
29649
78652
23006
68529
21963
89469
72866
88695
8427
49834
8467
11558
95836
61281
27179
80419
52104
30623
73288
66789
76943
63214
28957
81337
26596
87130
79122
67263
164
28452
76025
60050
12148
16656
79279
8069
631
41273
9610
79369
96969
96581
12613
26859
20250
37395
84805
36666
76522
37008
61031
30822
72733
60361
4393
72612
17180
39482
52465
27118
74952
13637
55934
7975
95611
41119
44169
58812
45341
80228
89175
77094
38047
75338
5118
877
21368
94611
34481
53382
70170
56893
63274
28252
95024
68948
17044
3021
71511
77895
25554
97643
34165
37047
29550
58499
85274
71883
40674
71514
84306
14465
12413
62483
84899
17951
44467
72430
82858
8967
42243
67051
7212
28649
77894
49387
27547
54995
41745
66551
69000
14468
86119
74010
25280
98110
92415
21993
60900
94521
22701
80292
42313
15668
79407
41716
74760
31398
47894
61747
96962
72179
29327
53740
47348
82810
21645
16599
41299
18507
20373
84199
33445
49110
67110
24031
18108
97278
16835
5918
71279
41997
48382
78428
83958
94977
98242
62284
35298
17092
35101
38465
63606
6233
34504
40525
96614
97170
94101
98501
84715
91775
32916
41472
68608
65536
95137
35838
86653
70620
37806
89317
32941
7722
95561
28391
42510
59148
79305
78783
34180
15516
7770
51738
34170
4383
35459
78515
19414
74326
71024
61943
26616
70611
4865
65095
49999
37992
94702
67771
6552
27387
16053
37379
38452
57622
41154
5737
23396
70554
80218
23155
84676
92244
88483
2660
21633
15208
83603
96034
36696
18058
48884
99890
11981
5867
17905
91423
7108
70384
88128
11482
75328
63199
21900
73979
52566
57235
99038
28166
22253
34606
97927
90377
52
238
42604
47970
89983
22264
77806
66237
30080
17681
18804
42394
39678
89516
44344
88525
5237
29789
51276
39007
95401
41612
12615
96178
17960
28646
23695
2114
70428
92909
66148
81447
81993
34479
79687
46071
60937
13972
55333
14632
44705
62064
77188
43443
67488
53849
1193
86324
23444
45075
19684
13998
65448
87783
61401
32236
97886
60818
56043
3554
11397
25594
81734
8977
59703
95579
70569
99753
14386
65439
21711
48585
65329
79852
33081
21986
20838
83478
24217
95001
11958
16246
61181
88811
67217
12147
81751
86860
81228
78685
16773
59976
20989
10329
50849
94666
15858
94773
42087
8506
40751
12413
61310
72001
58434
42054
32069
7753
32612
87624
99996
15104
29359
5257
84460
94683
60695
33620
19796
84694
38950
16585
7281
17529
91223
25102
553
62103
8526
35203
87476
52144
3411
69874
88743
89302
38537
7205
95166
75853
52079
1554
81477
84972
79347
55794
66948
70592
7438
32815
40133
80911
92000
35995
29187
74745
90664
87549
42897
56027
65471
36455
90883
31182
36690
91811
15581
63756
82267
63467
43415
4403
15707
17496
28841
3521
21622
43571
29337
36159
36842
999
67070
6523
67085
62071
91312
17773
8515
58187
69838
5979
92665
47974
82027
91352
21217
61171
72341
77671
66634
44126
996
84445
39931
28351
50204
23044
20715
88304
18719
50396
40576
73792
82866
11613
11075
97184
84298
24087
38748
29243
84307
81818
18704
76803
19421
70289
9299
84518
29443
50729
89675
43808
67705
7632
24867
29801
53169
68313
16104
98095
69194
67324
73476
40478
97750
92345
76916
55164
13767
33117
31624
75506
62101
97405
6263
51364
42126
61055
45917
69697
58971
58297
64338
71605
4522
67825
63623
22652
76093
25699
30272
22642
85551
8257
4616
21702
78814
21556
37366
56173
80986
68993
85243
76306
51816
51431
13924
99563
29939
32421
90674
57255
42576
24217
78387
55875
21260
75042
78908
73564
83028
7655
50886
40766
59136
49200
71075
26555
99742
55570
17403
40408
22071
11977
73671
99521
20063
36541
75977
32125
64798
15047
66182
32988
54774
99117
11201
85932
28241
70761
81590
55883
3785
5448
63503
7703
3027
8558
30918
39681
33065
99318
5400
9729
80242
58487
94978
54818
67440
34659
67195
87422
4421
95369
60238
30724
76035
60378
98354
89077
20879
840
23847
36303
70385
15371
62160
34817
3035
64413
89959
73309
79603
82277
50273
39051
127
44273
23136
43514
26252
13308
16399
48817
69723
8079
17949
32580
13961
48547
54969
28162
13817
57093
6982
56075
512
53203
57659
45439
8140
8611
7610
242
56786
3394
2794
97435
75251
88889
16308
44972
76170
75436
39575
41756
62708
1725
24136
39327
21564
43661
30505
83543
42563
94723
2052
90756
91817
78629
47397
32311
65690
61218
43794
17188
7800
25202
77479
40822
32032
72501
41586
15964
8924
59288
89096
68769
16389
6679
57442
91065
39986
43420
69495
88279
76321
18405
88695
6396
83361
87780
19362
21963
30618
5440
68611
5399
4217
20568
24044
79869
50620
83048
92591
57390
12822
93668
55190
7877
89632
72449
16479
41655
87357
46675
56536
552
20328
44241
75955
26969
5883
50325
13894
7999
39550
84799
13058
88944
83915
64857
88621
84855
89530
75605
87038
97735
86190
17715
16212
14315
77691
7359
5108
99804
6706
24311
99934
76492
27498
10218
59531
30943
86637
14683
54212
9561
85980
51589
33442
92178
704
33560
97117
36742
96174
91426
26355
9290
39798
8906
59416
3897
18600
7701
2324
38380
10948
11787
97726
31176
97693
84563
22675
75440
26696
90491
51058
13147
49639
79476
64023
56481
58316
94394
64818
93296
72140
85394
2563
55579
62819
88140
48629
90641
31613
20071
60468
39563
50440
19891
62476
67327
22772
53426
60927
67794
80003
1080
45283
74219
90451
76434
19830
61858
23397
72163
95422
37847
57065
96809
47074
91678
39400
85885
64318
69560
84205
9529
20743
8222
30449
70933
91964
24886
50083
20906
99556
13736
39472
27671
88074
18506
45748
78178
69458
4024
55549
57142
18903
10399
18199
63178
30530
10200
83482
70947
5033
55602
42061
28240
38818
35592
16597
34898
98658
81938
26334
59487
67542
29335
43076
74524
91837
3103
79486
11111
41696
94599
50984
69879
6223
33966
89388
40859
51738
56524
24237
83679
46760
85987
13039
40878
80567
16717
6566
21873
56145
7317
94489
87285
80616
96865
50514
9450
89774
77261
63654
81063
85779
435
35932
87755
88283
45254
3163
74367
12219
91583
55028
53848
80016
42222
43305
48632
9661
34546
58968
78195
82335
4835
99977
93807
66382
68076
76336
57989
62354
86615
31806
35301
30879
53217
71754
58774
68079
16812
68472
85114
30811
89299
22308
6575
35670
19160
36365
39154
77989
95897
84705
87935
74207
83394
4640
45363
12957
58556
75407
40242
7069
58882
61020
1285
17465
36564
46313
60763
2495
18116
76119
90576
91053
65230
6961
49163
8620
17509
78993
14977
58886
19624
30066
92567
32164
58964
59060
6276
76040
44211
17542
26773
7779
69458
29747
76683
60597
72336
75147
33343
30143
35410
35373
30309
32390
88915
47470
64238
68327
95961
4520
68007
66833
9347
91522
68799
66755
29630
62488
19622
78691
79671
32711
55409
98296
86603
85847
85434
17797
19033
56197
71653
50595
95897
67212
22397
21337
12967
39184
85660
67195
81367
28422
30601
69020
27436
20355
6364
27697
31556
19520
38365
84003
555
10823
83467
74608
43696
23228
48600
39807
20340
83403
38129
15071
67038
48874
21084
99163
16684
57162
13466
86747
22181
57760
89068
50682
22761
73450
76657
51744
39081
80608
85197
44124
16851
6681
17222
19583
80390
86903
86664
60503
98468
32080
59945
4998
29381
47738
45094
96959
1000
40658
24139
96125
16293
20072
75634
55936
55902
6763
21475
80037
89139
13901
77242
89472
71924
13970
58567
90777
39761
50170
74990
14976
81294
52233
22478
69198
22610
55568
87007
56153
48895
15641
9236
68500
67676
724
20961
80513
47309
16825
94230
26996
22756
95513
95817
77957
45457
48198
81745
38961
36245
58587
41422
67854
72404
82697
50343
99881
46889
63040
42379
34654
67955
46262
72857
7923
95405
16055
36059
9170
22940
19273
41389
6113
79809
61946
4700
33439
67310
60296
59977
22461
77685
74989
37164
53430
7772
93350
19029
18221
75789
30
23694
87618
34890
58939
90173
48560
9854
29573
87462
3110
99182
95534
20044
19871
12750
99171
80760
76897
11792
13901
69330
52207
60055
42244
17100
5899
88041
26129
83039
29548
51555
34430
88397
11831
69351
79037
10341
51773
90321
34770
69092
33969
81607
11133
84633
57508
71822
61160
27681
48735
4729
40457
13553
83548
67229
16244
56914
54242
28256
35201
74887
91899
95727
36725
75658
35795
9711
1808
18580
57359
44299
99218
83739
49576
68428
16618
50037
9731
54535
6845
30971
91086
37999
41647
89673
20536
56012
96498
48834
38030
19684
74984
80337
34062
20341
17558
16970
73418
89220
99815
44526
14394
86416
26233
55822
18974
71552
52809
1830
3855
48635
50166
83499
50177
2518
55188
7263
17912
33639
28848
66881
24355
74489
69083
88290
21561
32472
49301
59249
35982
8460
9911
93273
84466
33603
75932
17280
94759
71271
7853
66544
23198
19215
63144
35955
26125
61392
64172
3191
95566
18644
5796
94385
94742
47907
45325
541
39440
61374
95206
45412
78806
93707
91283
26454
75467
67113
3854
10295
36440
25029
60363
49206
1602
72966
41093
14072
59140
88707
73546
88020
17999
10549
71649
70071
13050
63399
68051
14311
39335
42473
37021
87333
71571
37123
14000
96844
27641
28999
44515
81366
2053
42527
7062
94429
12912
3046
86275
46302
10333
66706
93667
22490
49774
28463
59867
80055
1732
44231
69217
31940
52401
56669
93838
34649
1467
35450
98498
284
50320
20030
94287
39392
33505
94776
45699
14760
37468
89073
6517
43786
82698
83202
76523
96718
30689
22022
82406
52053
97191
874
9451
59703
33828
81216
41294
32165
85538
63347
58525
15725
27268
28309
4614
21467
75584
29748
89638
62716
60026
48812
14031
3358
18463
18198
42677
99220
74107
36765
4086
62806
60663
92113
41700
86629
75090
73876
52816
56747
48539
12530
38420
9761
3528
46735
43740
59146
41526
16312
55954
31709
22686
61339
4614
81088
83792
99922
40758
76079
85007
35514
52607
96764
39273
38210
33760
14065
9425
70559
59464
77425
93658
45436
73980
14812
42770
2927
17830
50545
12248
62055
17916
71725
96668
21761
73516
90738
84562
48186
1442
14532
68499
54047
93462
17996
31664
46144
44341
36319
58003
1763
64522
78617
4148
83860
31304
39107
49780
43418
76951
81972
60122
44933
30968
97427
41800
20259
75223
3578
83961
87155
73036
29270
7097
51153
27918
9707
83681
99471
76245
2869
98253
18724
43978
88329
21468
30366
67341
64761
96164
15828
13154
73623
79375
51510
24986
29233
99317
19974
70841
7706
16568
14623
617
9642
81302
40147
35771
61563
25103
45812
66741
98932
40179
56616
85404
36771
39878
86303
3007
44963
60244
19776
61661
40222
6443
10783
33557
61419
41561
57323
21288
34136
73443
20581
19469
34979
71518
63819
43057
40994
71022
81649
18568
9506
61305
9329
92597
70893
8359
8250
18001
7493
4761
74020
43196
61261
43171
52835
24125
92134
69446
75769
82551
27926
65454
31462
44907
34470
56101
36379
69124
10402
9555
173
37315
81635
27603
72132
17927
81097
48979
90003
74552
55458
3367
3266
25777
80648
41034
79430
99752
86086
3314
63763
14043
35130
57614
69096
58168
66102
90751
77896
11240
32129
92561
89257
93082
88379
60469
14149
5736
85757
51772
19470
95560
92606
84786
37439
29553
15955
2676
92141
67144
60782
85071
77084
5382
49255
32599
35342
86791
20024
82144
48438
95986
64609
92573
74251
37568
9260
89683
49528
14379
75084
16888
91920
38964
43966
27662
50750
47313
31666
60822
16059
59953
92867
41010
50905
50862
42720
57980
29660
33902
79343
77500
25640
885
50056
97322
92662
94506
77821
99584
58560
83908
98329
73243
16379
44753
35654
91310
45925
11812
54729
60035
15636
61049
78824
90511
57870
40453
8779
15345
6839
67391
1568
64743
16580
39044
58745
88716
66478
7404
92816
30418
89250
98759
12234
62680
62038
25363
53657
60680
94582
95134
21404
30320
4220
98290
48481
48122
77918
16737
19243
67722
18593
8942
24782
6836
25644
68758
73879
71992
71799
26041
69481
5595
74242
45129
50786
643
95906
63310
27196
96399
4534
34739
31823
30864
78424
53744
36660
55175
61295
48373
9028
37949
78976
97424
30942
50233
76837
47868
18600
9441
71510
1222
16077
12241
81028
96060
60005
84113
46021
52213
60242
31734
28777
95319
86790
1975
17259
48297
52898
2890
17763
51253
29338
92635
30008
4953
11892
20328
92083
94859
70735
4316
98094
18279
50496
27782
57387
62294
86743
26997
86722
12348
83840
56402
1394
55454
64997
21754
67737
23343
45809
88791
55615
28086
58480
4378
65708
41789
28979
72791
38425
12951
5231
87420
13956
18703
94981
81583
62941
14218
67100
75492
69597
82297
42121
49176
13271
13725
17073
54605
80775
77750
81861
9889
57574
2826
66860
50381
19872
97551
42687
48248
84060
4565
40686
88470
5530
33491
27264
77088
12284
40652
32375
69137
56379
34173
66418
30042
16602
54215
49100
49762
33559
72979
84194
9310
73790
11911
54065
23913
97784
56803
35869
2976
3136
97848
62607
42845
71254
84486
40630
52781
35053
62384
81934
47248
32095
50495
99422
44813
34624
45935
4731
71919
34927
91578
69514
43328
55497
35615
23779
35009
6264
98127
3217
53635
58569
63572
1718
83109
28859
44606
44043
34474
67699
62411
11972
82806
5709
55441
21906
69285
34733
52587
56899
10792
2739
45599
95972
49021
85644
53512
65382
36585
74821
34853
5406
20021
84571
95037
54407
33219
30990
4429
42274
26411
76660
41999
87293
86
3593
44232
15026
43958
37636
59887
96230
73728
4133
42165
74514
99623
1131
9237
40670
74390
93378
73882
5833
96330
43417
60103
92805
87498
146
46727
66784
46532
13234
22386
5469
14085
19672
63128
59777
48436
10027
96877
61769
57259
2379
60593
76760
96979
79306
97467
24431
80604
8404
32513
17301
53142
18408
67175
51606
92302
39243
56289
23080
96776
85394
25127
73192
22870
25693
56724
17315
53554
75044
58458
35697
1694
52137
41383
69883
15221
97836
11148
1085
22093
66429
55119
4263
86156
97420
5199
33437
26916
28797
26991
23423
44845
73880
81730
71235
72669
52636
65873
52093
96838
20723
69067
80352
59244
48481
35818
49887
97889
77078
25406
35308
77855
85155
6072
58530
61058
58057
26549
78398
7264
99725
389
81288
28421
52647
85463
82544
90351
17786
41955
64787
37570
64606
33107
73852
76009
26233
12719
69191
59115
95820
78179
42113
36518
88297
46159
12299
88778
94339
24044
84861
86964
39934
52502
47784
48837
69957
27162
10836
57823
53754
11773
86280
16956
27016
12070
2471
73034
27508
66057
60727
69063
22226
2001
54814
90325
49780
67017
12069
80538
43101
34504
92542
48502
80308
63063
36866
72738
95444
2143
93139
68290
52352
42452
83328
14246
15220
17336
18919
39331
21462
59597
90932
78025
50859
3451
54088
49184
36263
9050
9749
35172
23004
16317
35078
73498
79891
47419
28987
25070
793
52059
70129
24427
10416
7899
5152
26197
65319
47901
75615
44103
26852
21455
9250
73828
22205
93749
78563
32956
42662
22902
81951
16925
2180
57311
71223
88627
4928
23735
98134
86302
88152
65281
35954
87598
53999
53383
27244
24254
74884
12970
89266
38922
15713
77571
42884
28846
66506
32436
67571
36636
91413
30768
35653
38489
29433
87459
85558
56053
10878
57311
46232
84742
64724
39269
9371
16160
50048
79916
52455
2355
15345
62993
78566
66528
90929
16860
20767
80313
93623
75018
96125
4597
92025
60188
21934
32620
79614
56476
84167
23157
32753
40199
66597
5658
19826
5243
2606
40340
14695
8510
58358
86121
31344
89224
36958
94174
75736
64463
44662
32954
9095
46285
45827
95962
82613
16048
54300
10762
9720
67197
59822
67718
27486
49826
76384
82925
64470
49431
62480
40671
7145
33424
3772
81715
70790
66306
11229
96984
11707
17487
36654
27622
94464
5008
714
8095
44301
92350
35091
12135
98347
70076
70383
82269
93800
8325
96333
89237
53284
74605
23718
46644
18281
2455
63326
87975
1879
14323
27753
38816
34077
56145
70250
34127
93668
65127
11735
74873
68677
81946
21080
37943
43035
17228
66575
24973
58579
37219
19633
74245
38144
63858
1810
9991
99595
4454
37535
79032
79047
67407
28325
52205
90146
1033
92335
75498
14648
8326
37100
6715
12578
33594
11599
94285
10156
93954
36752
58730
58979
80113
22416
35856
87789
99129
16314
57933
99411
51186
92804
52089
43065
63691
20949
46608
85967
13098
96032
76427
22560
5921
49391
5401
73223
5071
8571
71135
26337
56976
82807
36681
7389
53443
83501
88524
71856
31030
86400
24826
74022
13583
91409
62048
4659
9113
54684
66687
5031
88809
84418
77733
80895
93773
4066
53352
16088
25264
70145
9887
51359
37580
43881
12413
33892
83468
62125
33867
10893
70717
71306
98368
73415
39761
53288
3039
47799
44335
42144
97134
42670
30714
68793
38542
64091
78524
56491
26748
25018
92559
97860
43459
81898
80393
40520
63867
97116
34849
50323
59106
88904
354
68570
91381
69210
90955
40528
62348
61801
3744
75236
99279
63400
15088
90504
91897
21814
76740
74956
37832
37776
96673
70249
57661
262
32602
28282
56406
37994
29238
52484
37829
2948
72921
75414
11789
71651
75569
71755
21241
80527
42976
4908
10617
2906
384
77331
2553
98389
69016
85867
77152
1950
56666
9971
88642
52086
5302
4481
86882
85553
53566
68483
25864
55143
94135
69536
43707
72455
21273
63005
75355
66731
74883
77660
12573
62151
83710
8959
27268
123
56172
43850
74296
3720
86157
79143
98214
23743
28654
46402
17812
89269
7406
58709
77727
14419
81134
24126
59443
13193
92373
62027
54822
67043
43197
7128
22833
97075
45278
13232
62796
54254
42996
57935
56677
45907
91087
42792
95933
79525
66615
15234
8895
85210
58266
78077
38046
24461
83156
91347
22474
8462
61594
92697
29358
81272
68163
65956
92393
31235
95603
73385
45447
83088
27844
4285
24923
84418
43732
25915
73659
29356
92774
24164
69464
25221
35957
55456
57337
44920
80860
1794
76051
14712
12667
13002
64039
69649
48103
96388
10808
506
6897
654
54695
65990
52497
44055
79149
64921
38319
7843
88756
94648
7501
41387
62994
19769
308
78561
97219
55162
82234
1617
37250
35629
28141
93827
76389
72497
83903
77628
65234
67900
14510
15972
1057
85748
5038
771
43599
65085
41141
8325
92475
68204
65282
89981
12418
62074
15243
7909
41746
27765
9730
52771
93004
54928
60836
49671
74971
35131
6590
57201
74956
54093
4444
47983
3561
48317
1231
2564
93110
89873
40505
59972
88742
88621
12536
99036
57498
35085
47149
61647
36536
11726
36809
5531
19813
60422
21331
4635
70367
63444
80664
40965
94169
39954
1743
72850
33235
32231
71752
36766
92405
54169
36464
74309
72712
61567
33731
33422
49489
59477
67727
78500
79307
69065
83009
19679
68960
8082
32751
77634
65763
97280
43233
83613
75789
17486
14140
70386
46195
13268
7789
87605
24640
18457
83214
26892
50676
40838
58936
11286
59480
15702
50309
69832
72797
23017
74784
54162
62833
26424
38060
70176
67101
36514
33358
15805
38109
10885
7383
23858
31804
71625
45202
49772
94412
46422
89511
19676
54207
29253
96009
14648
95110
52340
17826
84414
80035
6803
44729
40024
71212
66556
85341
69595
27551
64800
93681
91913
72348
31548
70420
99639
86916
54218
94475
10633
23788
30067
69870
27865
53886
17314
40588
87735
80012
3092
18843
7594
9297
76812
67648
90997
64070
19587
38551
11445
26014
75068
60384
58054
71295
35893
63206
72420
19645
84890
21805
91951
6453
73236
2840
9545
49027
8991
78004
79353
88800
41017
57124
11538
81275
24469
51369
9933
80819
50768
62478
35346
78062
47419
25422
53302
17081
98902
19778
13918
28285
19070
61515
91074
16506
55230
7352
30605
77123
56353
28405
56641
32213
37639
45488
37975
46069
52533
60617
69380
6885
48167
469
67287
68323
57697
56271
4158
37215
26947
99356
43497
11638
40666
79609
99878
64687
40243
95331
87051
11858
42955
52995
44627
79552
15906
98740
13791
82387
51951
64818
37054
34035
6316
60961
48199
78833
22097
65943
46531
37988
84446
12839
24040
19901
54354
66763
25055
91017
97721
73197
77191
99076
43363
34290
20819
94804
51407
36419
2894
42793
90310
20858
40863
78958
24388
43942
3463
38828
25296
46170
10151
89788
25229
95448
21631
71559
74826
84341
82385
17436
35828
1385
18372
48620
86155
68438
21125
32070
71217
51667
68903
35882
53695
10580
48011
51020
4754
30935
42331
6983
82722
98029
48752
6140
39604
85570
77779
94470
20229
23500
45184
75226
13126
73836
66439
64128
3752
47908
31629
75496
17357
30166
12495
85324
81886
78644
14470
61921
51610
43849
30982
87672
51755
25730
77952
7351
40725
4475
58024
29199
91880
99074
48496
92441
77845
86314
10547
28690
87614
74479
91695
52977
5989
98720
68617
58529
89670
28910
99476
35455
33505
34639
30092
65202
29903
78799
97277
94241
11958
40340
86049
43957
90871
56557
14758
50445
72773
90103
5293
75640
17680
9771
68463
49075
36767
87430
90938
41374
16092
68342
68633
8253
98762
13022
6034
6664
17
22823
34345
92015
15546
63972
15810
95438
68118
32096
53444
89769
96664
20070
96440
2628
40579
57964
24433
4290
96030
12700
67237
29720
27109
76736
92857
96012
3865
86762
39292
78991
13431
44126
38602
2325
9445
19901
89168
97485
13193
58287
78415
66849
16820
24459
47481
19884
74907
36998
56441
15442
28391
82646
22031
52513
76994
74913
86873
38146
94738
56359
22861
54748
69187
13833
50050
58181
7228
78100
2607
4838
76595
55694
35723
58186
89116
85404
45332
88930
69052
12781
60427
38744
34877
10759
13660
77102
8698
84140
10843
36851
50042
38664
41514
13889
14841
53146
31991
39894
68162
97564
72034
21068
14457
2865
81820
919
43668
39275
72268
15611
29482
40118
69483
10344
39460
35620
4143
13427
80240
51317
27908
92818
28308
79490
24694
17907
27007
76263
62412
41017
8347
1451
41262
88884
99391
61261
37639
11645
45249
91532
24293
98987
21704
82995
34045
87796
98496
28736
23500
420
42631
32688
57560
53619
95332
95144
96630
47238
97111
99906
56676
62628
43915
42066
4918
37331
86472
60436
62254
12719
37574
62229
46692
99942
10876
57946
89829
72531
62198
95856
72248
56692
31268
57777
68572
73194
51631
1072
51021
9166
45958
46849
32517
92202
22583
15784
93279
93115
12666
3548
33238
14785
93159
42360
81420
83904
34824
24062
86152
6070
79016
31816
20247
98969
76139
37388
2354
84012
25687
71307
21056
94526
94448
83351
22674
27168
36322
49567
69644
1665
2327
85944
62948
26920
16232
99113
13443
83276
56976
79731
52936
12659
35709
16027
9132
90214
19839
19126
33984
49517
36451
52336
75890
21260
28505
66936
11599
64825
91568
37420
38690
10425
71556
81244
25274
90295
32974
57374
99978
50336
15226
4141
77162
50238
56662
65278
16507
20910
11014
83202
80008
27360
32308
20337
10568
57579
5700
11737
5343
20586
22182
32098
5732
29175
89573
9693
30910
1090
67516
32009
94919
11599
32456
23745
16115
38633
20665
43525
60201
89222
1826
89540
80400
11033
54032
14851
64293
1166
19607
80524
7272
32710
63719
68502
57655
3535
20701
72109
64018
29886
58102
32638
23454
81836
61375
74434
56549
81643
24361
41572
62394
14307
37208
14224
58106
69709
57850
46649
64846
56235
91380
77959
12493
56993
5047
60572
63934
29013
57970
49762
3900
44767
55233
39314
37394
28620
52643
52195
43365
66325
59370
35758
2865
44727
51916
2650
85452
48239
7766
12840
66758
28244
20959
37821
38930
784
30202
80807
1214
82012
55558
55374
53342
10776
63744
1625
584
80164
24600
45018
35960
37949
19745
80055
17651
36503
88289
62966
62728
63475
82728
8196
1170
36606
76190
42274
60763
30599
90421
60460
26907
56794
14494
95335
70206
31453
46743
86695
42435
14502
43714
71514
50432
70391
24976
44469
19523
77207
40060
76217
70932
95342
18453
23584
1206
95997
47219
20650
47692
17176
66411
74239
31064
50209
72861
88704
9470
81186
42667
5327
86824
12103
35556
80663
65955
10293
73342
70490
78342
28747
84161
14069
20338
76116
45856
56978
22677
11877
53283
31209
70089
56025
77152
62035
35385
23463
63721
9998
95556
77756
44190
87046
69242
6171
92035
41926
47811
69518
41612
38266
76063
28775
5876
71360
85800
5271
66029
13451
40308
15690
98418
69588
77270
7166
44345
18813
34020
75166
92004
39715
59827
16767
70134
13152
12958
8950
90915
83897
34598
5811
49696
87307
70675
83743
77401
91757
8953
62541
38177
15874
6582
26848
12260
94813
78135
61305
88921
5169
87162
24123
15603
73236
90126
26142
37591
51504
56951
8683
29831
52262
76686
68122
57181
28767
34789
18694
11507
90000
87144
81130
2207
22825
67871
90875
39773
16602
7504
59809
32260
5922
69025
58130
61786
86518
94555
49805
23267
65675
44746
20560
72597
83584
53313
82967
21031
62218
19514
31282
5095
83613
92795
37377
83467
8148
96020
42446
1600
98334
45765
20967
43934
15045
86845
86839
78621
76508
62813
2369
43296
7588
50555
93848
91759
18523
61058
85309
21666
18594
9334
91829
57849
74025
97717
62214
64842
76665
57081
28239
50514
88605
93402
5601
48876
64846
37905
29822
74559
74714
5304
34765
56849
37360
95244
23958
41690
76171
95412
25088
48307
73017
36860
43845
60653
17030
62458
56494
22750
45290
81041
56560
65783
3051
62356
23555
10001
65136
19362
59643
74789
71972
60879
72773
33498
90147
1508
51520
9689
36996
1853
36501
52701
18403
3056
1524
11943
44554
96014
95404
48749
27611
68705
86663
78226
81917
24149
93984
21201
21248
10675
29186
82099
10702
78568
82846
50048
55729
57093
19208
66802
21499
7424
97391
47653
90710
28407
82295
52874
92104
96916
65685
2331
14690
32268
64966
82249
34373
58498
62892
46865
43794
8841
3046
90989
26733
51590
8939
65574
86861
66292
30051
43815
73699
87232
36930
21101
71300
20245
32578
65019
77524
64690
63004
80138
75665
5751
64482
45854
56697
22207
10940
80563
90105
36231
40477
16982
74964
27245
71233
56752
54956
91252
63493
8861
44111
91331
96931
13243
93793
42093
26953
52286
18146
10923
87541
18272
91068
40069
23983
73046
53548
38673
14723
23229
9994
82994
633
35795
98934
1793
70451
18819
69121
48841
45762
19256
8373
61228
10630
9202
93442
48227
91360
34423
66535
6115
30549
94656
36761
35259
39425
47860
85938
91322
83861
78611
76025
42189
30192
50280
91785
91206
35829
8578
36865
33816
74222
58588
19944
4895
18749
92855
40859
51069
14171
93929
2869
58846
30191
78959
570
22749
85932
83614
34879
33887
35207
66327
50809
24765
42452
67225
13696
1376
11388
18449
79360
59173
65213
15340
98461
26816
17502
3629
56640
8508
3309
65369
91202
65312
98232
2704
51443
84782
46756
82710
77255
41093
73677
6927
89759
38342
42330
71114
84368
77971
55036
92564
82705
42931
4931
12173
84870
69363
62109
83384
92100
23943
76524
63627
14369
7533
83299
40455
55769
91186
52669
3553
44671
92526
46681
2527
11678
43947
79318
22206
15627
2915
55847
10384
21994
61159
23796
27683
99513
5436
69549
95452
89020
82591
81355
70915
87238
54633
90532
94840
64448
73294
95626
56259
27226
62336
3298
7689
90347
58320
28092
69818
19079
37812
67955
94120
88668
31076
41155
1522
48744
29855
7650
66462
23739
18763
35677
26245
63077
31033
34032
78183
96188
15206
20161
19936
76619
9405
10681
99667
13946
54298
29792
20738
21174
66826
77076
96256
7038
42159
31590
15645
87337
49184
1649
49377
97559
86700
61463
28372
56626
34879
49466
63385
75200
14909
5396
39707
19592
57003
58868
512
12639
53933
97430
59322
18734
29898
32701
83836
70434
86507
16271
93514
60239
70307
28973
62153
76897
76841
53582
21077
38273
92576
53943
80465
97825
62743
24793
45305
7172
56556
39174
33140
8717
70636
59953
37190
60130
95670
65762
66369
66524
35325
68371
22587
18350
23916
95019
43834
45168
4836
63828
93804
97767
47200
49690
49652
6386
75258
12866
98462
72372
89958
10980
65748
47481
11356
8807
49193
65030
71923
86424
69554
89570
31017
134
13013
62715
48383
80798
55449
42774
9505
16222
97341
29975
13827
74999
78373
88201
26279
60580
31054
89098
5052
25761
19107
36214
93184
64906
11688
88047
70181
18290
40052
7238
45522
13053
97851
95432
46912
89818
81993
96808
41797
88480
89323
4645
86990
49923
41960
65464
84324
50419
75565
92348
93425
39506
98693
45657
38237
78928
92487
37295
13489
45445
6761
99900
15900
7690
16659
35467
52243
34132
10030
89817
99155
24750
84092
9157
15043
50993
13793
97715
50997
85539
53598
14076
81259
15082
38750
5110
97430
6731
30538
69564
41753
95908
27863
18010
66284
64161
26143
70103
30045
50431
8269
38398
28880
81819
59410
40683
77607
98934
62804
20463
83709
11432
76838
31296
78829
96637
2003
90849
54416
30672
68916
40393
64034
23459
59777
15730
88838
60248
41348
56832
77280
22607
34697
7083
11488
22941
69425
7819
93439
40805
12998
32864
4929
13430
51337
80795
12250
92192
96967
10061
9358
23347
63082
81706
59345
38455
44588
31576
45677
45698
7686
13722
90081
68953
26566
82996
84134
43239
16383
28794
67853
12435
75994
36025
13988
4832
30731
65954
30232
24486
96190
27151
88149
10057
87984
67059
87912
73491
3034
16386
46149
86867
68904
70905
75652
86769
88008
4044
89319
62860
77630
22795
86934
62578
60053
87664
48939
94652
3599
17607
91178
77444
72093
85562
37128
4515
16650
55384
3789
14411
45969
22754
94131
83902
29424
14322
84622
90538
91316
45992
96358
15233
89492
99762
49407
88185
82937
9270
71098
44092
98938
12416
8948
41709
70215
73859
90412
43288
32220
2222
8738
47924
75029
39916
94331
27449
32
41527
72961
94936
6669
97659
70151
39547
55618
39523
12586
35161
30444
73154
63156
84406
42128
76095
80858
90389
81824
32606
55428
44411
97001
4167
42061
76450
1768
44822
44960
89526
19709
89630
47874
40463
34840
44058
57999
48204
77615
91410
77885
73768
53361
11174
68221
76316
43477
80634
39744
86577
19340
78462
72949
30144
2134
76217
29936
47688
37776
94865
58599
8650
60810
11770
26902
12965
31863
54009
74658
16745
10142
75795
21211
90458
57261
19703
93370
79875
55501
59076
4618
70132
42064
30712
44387
43098
74279
58551
50577
36954
72432
4116
243
41833
26733
56543
50175
24011
67504
28523
7331
83334
56530
38811
